Warehouse_ID,Date,Region,Utilization_%,Days_Of_Supply_Remaining,Stock_Aging_90d_Plus,SLA_Compliance_%,Split_Tag
WH001,2018-01-01,East,95.987,30.0,1473.0,94.4026,TRAIN
WH001,2018-01-01,North,80.8892,5.0,2258.0,93.8097,TRAIN
WH001,2018-01-01,South,61.1766,37.0,339.0,89.8106,TRAIN
WH002,2018-01-01,West,73.2396,39.0,2279.0,97.9052,TRAIN
WH002,2018-01-01,Central,66.4014,31.0,1558.0,85.0365,TRAIN
WH002,2018-01-01,East,40.815,35.0,418.0,92.7774,TRAIN
WH003,2018-01-01,South,64.9494,30.0,2456.0,97.7922,TRAIN
WH003,2018-01-01,South,68.1025,5.0,1826.0,89.4315,TRAIN
WH003,2018-01-01,East,48.181,8.0,549.0,90.0808,TRAIN
WH004,2018-01-01,East,85.0382,10.0,1718.0,87.634,TRAIN
WH004,2018-01-01,West,77.8102,,2279.0,93.8825,TRAIN
WH004,2018-01-01,East,91.37,23.0,1529.0,87.3628,TRAIN
WH005,2018-01-01,South,44.2094,8.0,2402.0,95.1915,TRAIN
WH005,2018-01-01,South,79.6421,31.0,2165.0,92.6692,TRAIN
WH005,2018-01-01,East,82.8769,23.0,2088.0,94.1031,TRAIN
WH006,2018-01-01,Central,79.6155,36.0,221.0,95.6368,TRAIN
WH006,2018-01-01,West,57.8272,21.0,2351.0,94.6203,TRAIN
WH006,2018-01-01,South,45.3619,44.0,678.0,96.2176,TRAIN
WH007,2018-01-01,South,66.5599,32.0,1924.0,98.6412,TRAIN
WH007,2018-01-01,West,88.1736,12.0,616.0,95.8951,TRAIN
WH007,2018-01-01,West,54.2087,35.0,911.0,94.014,TRAIN
WH008,2018-01-01,Central,46.9214,42.0,2180.0,87.0247,TRAIN
WH008,2018-01-01,East,87.4484,27.0,1500.0,85.5259,TRAIN
WH008,2018-01-01,North,76.9783,16.0,1118.0,94.1649,TRAIN
WH009,2018-01-01,North,94.6422,12.0,541.0,88.0795,TRAIN
WH009,2018-01-01,North,83.1117,30.0,658.0,91.8749,TRAIN
WH009,2018-01-01,North,91.2289,37.0,1596.0,90.1081,TRAIN
WH010,2018-01-01,South,78.3277,27.0,319.0,98.0046,TRAIN
WH010,2018-01-01,West,,,1094.0,93.3627,TRAIN
WH010,2018-01-01,North,64.8634,25.0,892.0,92.0325,TRAIN
WH011,2018-01-01,West,71.1144,34.0,1035.0,86.1449,TRAIN
WH011,2018-01-01,East,85.3535,20.0,344.0,98.6323,TRAIN
WH011,2018-01-01,West,78.4956,13.0,2295.0,96.7083,TRAIN
WH012,2018-01-01,North,86.335,17.0,1626.0,86.5509,TRAIN
WH012,2018-01-01,West,79.8563,36.0,1890.0,92.0997,TRAIN
WH012,2018-01-01,North,52.5356,43.0,1205.0,95.6396,TRAIN
WH013,2018-01-01,North,,,2213.0,90.0861,TRAIN
WH013,2018-01-01,Central,87.9576,38.0,645.0,86.7833,TRAIN
WH013,2018-01-01,North,85.7943,6.0,1204.0,93.3029,TRAIN
WH014,2018-01-01,Central,66.0866,40.0,270.0,,TRAIN
WH014,2018-01-01,Central,95.0178,12.0,777.0,85.3572,TRAIN
WH014,2018-01-01,East,72.7151,39.0,320.0,85.1749,TRAIN
WH015,2018-01-01,East,56.341,7.0,,92.0596,TRAIN
WH015,2018-01-01,South,50.5453,20.0,2125.0,94.134,TRAIN
WH015,2018-01-01,Central,44.8782,15.0,415.0,95.916,TRAIN
WH016,2018-01-01,Central,79.3954,43.0,1044.0,,TRAIN
WH016,2018-01-01,North,50.2187,25.0,472.0,93.2857,TRAIN
WH016,2018-01-01,Central,65.2027,35.0,922.0,91.9563,TRAIN
WH017,2018-01-01,East,71.4774,23.0,1255.0,91.1817,TRAIN
WH017,2018-01-01,Central,48.1747,,566.0,88.3948,TRAIN
WH017,2018-01-01,East,,9.0,1636.0,95.9985,TRAIN
WH018,2018-01-01,Central,,19.0,793.0,90.2903,TRAIN
WH018,2018-01-01,South,65.7379,23.0,1311.0,91.2197,TRAIN
WH018,2018-01-01,West,59.6752,18.0,2075.0,97.0211,TRAIN
WH019,2018-01-01,Central,46.1296,43.0,1435.0,93.3718,TRAIN
WH019,2018-01-01,Central,82.0189,32.0,1832.0,88.0838,TRAIN
WH019,2018-01-01,Central,76.8203,33.0,1706.0,86.7742,TRAIN
WH020,2018-01-01,North,55.9933,28.0,1164.0,98.3912,TRAIN
WH020,2018-01-01,Central,97.1258,13.0,2393.0,98.4777,TRAIN
WH020,2018-01-01,South,58.0086,32.0,307.0,92.4628,TRAIN
WH021,2018-01-01,West,51.691,42.0,344.0,92.1098,TRAIN
WH021,2018-01-01,Central,48.6942,38.0,1439.0,87.668,TRAIN
WH021,2018-01-01,West,54.6992,27.0,1672.0,85.4707,TRAIN
WH022,2018-01-01,Central,76.9833,29.0,976.0,91.9224,TRAIN
WH022,2018-01-01,East,63.8476,44.0,1957.0,90.8098,TRAIN
WH022,2018-01-01,East,94.4775,23.0,2141.0,95.374,TRAIN
WH023,2018-01-01,North,97.7322,42.0,1400.0,95.7986,TRAIN
WH023,2018-01-01,North,,36.0,1655.0,,TRAIN
WH023,2018-01-01,South,44.973,32.0,1030.0,92.7117,TRAIN
WH024,2018-01-01,South,49.7104,14.0,804.0,97.3278,TRAIN
WH024,2018-01-01,North,40.0518,39.0,2255.0,85.8077,TRAIN
WH024,2018-01-01,North,43.8,38.0,2304.0,95.8748,TRAIN
WH025,2018-01-01,West,61.2106,13.0,1310.0,89.5615,TRAIN
WH025,2018-01-01,South,85.6692,38.0,2132.0,86.0847,TRAIN
WH025,2018-01-01,East,44.1135,32.0,1648.0,93.791,TRAIN
WH026,2018-01-01,East,80.4538,29.0,1061.0,91.6268,TRAIN
WH026,2018-01-01,South,40.8195,18.0,764.0,91.5843,TRAIN
WH026,2018-01-01,West,73.8335,5.0,2084.0,90.9167,TRAIN
WH027,2018-01-01,Central,87.4707,30.0,2180.0,92.58,TRAIN
WH027,2018-01-01,West,43.649,18.0,1494.0,91.5608,TRAIN
WH027,2018-01-01,East,85.7702,20.0,2060.0,92.1469,TRAIN
WH028,2018-01-01,West,88.557,41.0,975.0,87.0186,TRAIN
WH028,2018-01-01,West,55.4506,43.0,1810.0,98.9969,TRAIN
WH028,2018-01-01,East,93.8963,31.0,639.0,98.6846,TRAIN
WH029,2018-01-01,Central,,12.0,1287.0,94.833,TRAIN
WH029,2018-01-01,East,87.5327,33.0,1074.0,92.1767,TRAIN
WH029,2018-01-01,East,86.4121,40.0,1310.0,91.957,TRAIN
WH030,2018-01-01,Central,80.9222,34.0,1431.0,94.4009,TRAIN
WH030,2018-01-01,South,89.9822,43.0,1965.0,92.1045,TRAIN
WH030,2018-01-01,Central,67.7553,12.0,1989.0,97.43,TRAIN
WH031,2018-01-01,North,49.2057,41.0,1752.0,88.9797,TRAIN
WH031,2018-01-01,Central,46.6452,17.0,1888.0,92.401,TRAIN
WH031,2018-01-01,East,51.6649,25.0,1366.0,98.751,TRAIN
WH032,2018-01-01,Central,53.5567,23.0,2365.0,92.998,TRAIN
WH032,2018-01-01,Central,52.2452,20.0,2022.0,96.8305,TRAIN
WH032,2018-01-01,North,79.1501,36.0,1916.0,94.016,TRAIN
WH033,2018-01-01,Central,76.0113,41.0,1853.0,87.6716,TRAIN
WH033,2018-01-01,Central,58.1179,21.0,301.0,87.9988,TRAIN
WH033,2018-01-01,Central,40.6242,11.0,638.0,87.7991,TRAIN
WH034,2018-01-01,Central,89.9838,12.0,394.0,89.8843,TRAIN
WH034,2018-01-01,Central,86.7707,18.0,2173.0,86.3821,TRAIN
WH034,2018-01-01,North,86.3823,22.0,2288.0,88.7555,TRAIN
WH035,2018-01-01,Central,85.3486,11.0,1500.0,92.0616,TRAIN
WH035,2018-01-01,East,93.7404,35.0,379.0,89.0735,TRAIN
WH035,2018-01-01,Central,,40.0,872.0,88.8299,TRAIN
WH036,2018-01-01,Central,85.4109,23.0,541.0,92.1282,TRAIN
WH036,2018-01-01,North,48.497,15.0,2413.0,88.7859,TRAIN
WH036,2018-01-01,Central,84.2765,27.0,814.0,92.2492,TRAIN
WH037,2018-01-01,North,63.0561,12.0,2291.0,85.3794,TRAIN
WH037,2018-01-01,South,45.6904,32.0,2359.0,85.8549,TRAIN
WH037,2018-01-01,West,93.1359,40.0,332.0,85.2141,TRAIN
WH038,2018-01-01,North,75.1686,24.0,1986.0,88.3416,TRAIN
WH038,2018-01-01,South,42.3808,33.0,1261.0,90.8947,TRAIN
WH038,2018-01-01,West,87.2413,31.0,1250.0,98.1328,TRAIN
WH039,2018-01-01,East,59.3047,24.0,245.0,94.0733,TRAIN
WH039,2018-01-01,East,81.5566,,910.0,90.6577,TRAIN
WH039,2018-01-01,Central,62.6838,24.0,1618.0,92.2417,TRAIN
WH040,2018-01-01,East,53.8508,25.0,2083.0,97.9926,TRAIN
WH040,2018-01-01,South,53.1519,7.0,294.0,90.0664,TRAIN
WH040,2018-01-01,West,67.1026,,1343.0,85.9934,TRAIN
WH041,2018-01-01,South,82.6717,30.0,202.0,88.075,TRAIN
WH041,2018-01-01,South,63.0856,21.0,2380.0,97.986,TRAIN
WH041,2018-01-01,West,57.3041,23.0,767.0,85.7077,TRAIN
WH042,2018-01-01,East,65.6357,28.0,2305.0,95.9998,TRAIN
WH042,2018-01-01,North,93.2555,42.0,119.0,89.6354,TRAIN
WH042,2018-01-01,South,48.467,30.0,169.0,85.3655,TRAIN
WH043,2018-01-01,North,72.688,40.0,640.0,91.7826,TRAIN
WH043,2018-01-01,East,90.0587,41.0,370.0,86.675,TRAIN
WH043,2018-01-01,East,55.5305,22.0,2223.0,85.0555,TRAIN
WH044,2018-01-01,East,86.039,8.0,1770.0,89.8244,TRAIN
WH044,2018-01-01,South,85.0499,7.0,1546.0,98.1307,TRAIN
WH044,2018-01-01,South,71.339,43.0,2013.0,97.5336,TRAIN
WH045,2018-01-01,Central,54.8632,31.0,1106.0,85.9328,TRAIN
WH045,2018-01-01,South,44.3465,43.0,884.0,97.3879,TRAIN
WH045,2018-01-01,North,67.3767,31.0,198.0,94.1461,TRAIN
WH046,2018-01-01,East,44.4231,24.0,1848.0,97.4071,TRAIN
WH046,2018-01-01,West,41.1238,44.0,112.0,88.5591,TRAIN
WH046,2018-01-01,Central,69.1556,32.0,498.0,88.6798,TRAIN
WH047,2018-01-01,West,73.1409,34.0,751.0,90.3107,TRAIN
WH047,2018-01-01,East,55.351,20.0,1135.0,90.4585,TRAIN
WH047,2018-01-01,North,94.3631,31.0,2299.0,85.1948,TRAIN
WH048,2018-01-01,South,68.4134,27.0,831.0,89.4492,TRAIN
WH048,2018-01-01,Central,66.2808,15.0,798.0,89.2779,TRAIN
WH048,2018-01-01,South,78.7364,29.0,863.0,87.1197,TRAIN
WH049,2018-01-01,South,60.6652,36.0,192.0,95.3872,TRAIN
WH049,2018-01-01,North,76.2823,5.0,1154.0,87.4507,TRAIN
WH049,2018-01-01,Central,40.4661,10.0,1065.0,95.7688,TRAIN
WH050,2018-01-01,North,70.751,21.0,1758.0,96.4252,TRAIN
WH050,2018-01-01,West,50.7162,40.0,1413.0,85.9493,TRAIN
WH050,2018-01-01,South,54.5124,35.0,2136.0,90.2841,TRAIN
WH001,2018-02-01,South,86.5636,11.0,272.0,89.953,TRAIN
WH001,2018-02-01,South,85.9583,37.0,2191.0,92.0411,TRAIN
WH001,2018-02-01,South,86.512,40.0,857.0,94.6006,TRAIN
WH002,2018-02-01,South,94.4967,,907.0,91.2665,TRAIN
WH002,2018-02-01,North,90.0414,22.0,406.0,85.4712,TRAIN
WH002,2018-02-01,West,89.5003,33.0,1603.0,97.5249,TRAIN
WH003,2018-02-01,Central,94.3619,9.0,1132.0,91.6047,TRAIN
WH003,2018-02-01,South,89.3562,23.0,2477.0,96.2037,TRAIN
WH003,2018-02-01,Central,92.4133,25.0,1600.0,87.6321,TRAIN
WH004,2018-02-01,East,86.0442,25.0,405.0,98.6392,TRAIN
WH004,2018-02-01,Central,93.554,32.0,1875.0,86.3648,TRAIN
WH004,2018-02-01,West,88.6766,21.0,581.0,96.2906,TRAIN
WH005,2018-02-01,East,93.9265,40.0,2355.0,98.2913,TRAIN
WH005,2018-02-01,Central,86.2993,40.0,1003.0,91.4026,TRAIN
WH005,2018-02-01,South,88.3089,26.0,1442.0,92.126,TRAIN
WH006,2018-02-01,Central,87.3065,41.0,1533.0,98.9545,TRAIN
WH006,2018-02-01,Central,93.5678,30.0,2245.0,92.431,TRAIN
WH006,2018-02-01,South,87.4403,44.0,1211.0,95.1193,TRAIN
WH007,2018-02-01,North,87.8987,37.0,1494.0,85.5052,TRAIN
WH007,2018-02-01,West,89.2615,30.0,1272.0,94.8063,TRAIN
WH007,2018-02-01,Central,88.1674,20.0,1780.0,88.0567,TRAIN
WH008,2018-02-01,East,94.9725,8.0,1496.0,87.4686,TRAIN
WH008,2018-02-01,Central,91.0828,12.0,1998.0,85.4603,TRAIN
WH008,2018-02-01,Central,94.8415,8.0,2074.0,95.8109,TRAIN
WH009,2018-02-01,Central,85.1323,15.0,1831.0,90.7758,TRAIN
WH009,2018-02-01,North,93.7625,27.0,650.0,95.8132,TRAIN
WH009,2018-02-01,South,86.7412,42.0,1523.0,87.6903,TRAIN
WH010,2018-02-01,Central,88.1301,19.0,471.0,90.7358,TRAIN
WH010,2018-02-01,Central,85.7816,20.0,1075.0,87.348,TRAIN
WH010,2018-02-01,North,93.4224,35.0,2414.0,91.7862,TRAIN
WH011,2018-02-01,West,85.2317,26.0,912.0,92.0729,TRAIN
WH011,2018-02-01,North,93.796,25.0,2315.0,91.2207,TRAIN
WH011,2018-02-01,North,87.0982,23.0,2367.0,98.9422,TRAIN
WH012,2018-02-01,South,85.9708,22.0,2023.0,87.8729,TRAIN
WH012,2018-02-01,North,88.7179,12.0,376.0,96.2017,TRAIN
WH012,2018-02-01,West,86.6894,28.0,1787.0,98.4707,TRAIN
WH013,2018-02-01,South,85.9105,18.0,2469.0,96.524,TRAIN
WH013,2018-02-01,South,91.2433,39.0,1859.0,,TRAIN
WH013,2018-02-01,North,86.967,34.0,1454.0,95.1846,TRAIN
WH014,2018-02-01,Central,86.1169,11.0,2044.0,89.3564,TRAIN
WH014,2018-02-01,South,89.2965,5.0,1377.0,98.5827,TRAIN
WH014,2018-02-01,Central,86.3257,39.0,257.0,90.0507,TRAIN
WH015,2018-02-01,South,88.2179,42.0,2000.0,91.1378,TRAIN
WH015,2018-02-01,East,94.5919,21.0,1814.0,86.5551,TRAIN
WH015,2018-02-01,West,87.9165,24.0,1602.0,94.7378,TRAIN
WH016,2018-02-01,North,94.3206,27.0,143.0,91.1059,TRAIN
WH016,2018-02-01,North,86.8126,41.0,1707.0,90.9143,TRAIN
WH016,2018-02-01,North,91.4743,44.0,2142.0,94.7581,TRAIN
WH017,2018-02-01,North,90.2783,20.0,882.0,91.7778,TRAIN
WH017,2018-02-01,North,85.6134,5.0,962.0,90.2068,TRAIN
WH017,2018-02-01,West,85.1025,35.0,904.0,97.7591,TRAIN
WH018,2018-02-01,Central,92.3358,42.0,1486.0,93.0585,TRAIN
WH018,2018-02-01,East,85.8096,35.0,233.0,97.1324,TRAIN
WH018,2018-02-01,East,88.6124,41.0,2143.0,91.5925,TRAIN
WH019,2018-02-01,Central,89.2334,21.0,1734.0,86.6723,TRAIN
WH019,2018-02-01,South,89.3627,39.0,1687.0,88.0258,TRAIN
WH019,2018-02-01,North,85.6312,12.0,,97.1733,TRAIN
WH020,2018-02-01,Central,91.0583,12.0,2082.0,98.8544,TRAIN
WH020,2018-02-01,South,92.3593,13.0,1355.0,98.7912,TRAIN
WH020,2018-02-01,East,93.1677,40.0,2180.0,98.165,TRAIN
WH021,2018-02-01,East,91.2125,17.0,403.0,90.6737,TRAIN
WH021,2018-02-01,North,94.6993,22.0,1483.0,97.5489,TRAIN
WH021,2018-02-01,West,86.7974,13.0,1052.0,93.1224,TRAIN
WH022,2018-02-01,North,85.6,22.0,364.0,96.1301,TRAIN
WH022,2018-02-01,North,86.3953,11.0,1785.0,94.5497,TRAIN
WH022,2018-02-01,Central,87.96,20.0,2394.0,86.3842,TRAIN
WH023,2018-02-01,North,88.61,41.0,603.0,94.8788,TRAIN
WH023,2018-02-01,Central,94.3449,9.0,1037.0,87.0023,TRAIN
WH023,2018-02-01,East,87.9888,15.0,1548.0,91.7437,TRAIN
WH024,2018-02-01,North,86.1917,14.0,300.0,96.0944,TRAIN
WH024,2018-02-01,West,93.7624,34.0,2360.0,94.9189,TRAIN
WH024,2018-02-01,South,94.5156,18.0,710.0,98.4607,TRAIN
WH025,2018-02-01,South,92.9381,21.0,2187.0,91.6662,TRAIN
WH025,2018-02-01,West,93.3455,39.0,1589.0,87.8992,TRAIN
WH025,2018-02-01,South,91.8216,36.0,549.0,98.6728,TRAIN
WH026,2018-02-01,East,85.5264,19.0,735.0,88.3544,TRAIN
WH026,2018-02-01,North,91.4013,38.0,1628.0,87.7226,TRAIN
WH026,2018-02-01,Central,87.8994,9.0,834.0,90.9598,TRAIN
WH027,2018-02-01,South,,44.0,2319.0,94.2343,TRAIN
WH027,2018-02-01,North,94.112,41.0,608.0,89.2485,TRAIN
WH027,2018-02-01,Central,87.5939,15.0,2182.0,96.5565,TRAIN
WH028,2018-02-01,North,,41.0,1597.0,90.7484,TRAIN
WH028,2018-02-01,Central,85.9062,12.0,359.0,93.7126,TRAIN
WH028,2018-02-01,South,,37.0,2031.0,92.635,TRAIN
WH029,2018-02-01,West,90.7186,5.0,1895.0,86.2567,TRAIN
WH029,2018-02-01,Central,92.1019,8.0,1187.0,97.2145,TRAIN
WH029,2018-02-01,South,85.764,30.0,,88.4807,TRAIN
WH030,2018-02-01,West,89.6269,9.0,240.0,89.3199,TRAIN
WH030,2018-02-01,South,89.1723,17.0,1165.0,95.8864,TRAIN
WH030,2018-02-01,West,91.9405,14.0,446.0,96.1319,TRAIN
WH031,2018-02-01,Central,94.6784,43.0,2177.0,97.6882,TRAIN
WH031,2018-02-01,West,89.3179,15.0,908.0,85.6896,TRAIN
WH031,2018-02-01,South,94.5552,32.0,1078.0,86.8159,TRAIN
WH032,2018-02-01,Central,94.4905,39.0,2213.0,88.9705,TRAIN
WH032,2018-02-01,Central,92.6725,,313.0,85.5901,TRAIN
WH032,2018-02-01,West,86.8154,41.0,546.0,94.151,TRAIN
WH033,2018-02-01,South,87.8009,25.0,1908.0,95.2901,TRAIN
WH033,2018-02-01,West,90.8655,16.0,1570.0,96.8904,TRAIN
WH033,2018-02-01,North,90.6414,27.0,1005.0,91.7869,TRAIN
WH034,2018-02-01,North,94.2224,22.0,316.0,85.5523,TRAIN
WH034,2018-02-01,West,85.4758,32.0,2226.0,95.0627,TRAIN
WH034,2018-02-01,East,89.7207,6.0,338.0,95.9349,TRAIN
WH035,2018-02-01,East,85.9349,40.0,2481.0,91.4254,TRAIN
WH035,2018-02-01,North,90.6566,24.0,371.0,94.8388,TRAIN
WH035,2018-02-01,West,87.9684,22.0,1893.0,85.1995,TRAIN
WH036,2018-02-01,South,89.6766,41.0,671.0,97.7763,TRAIN
WH036,2018-02-01,South,86.4502,17.0,2147.0,89.9801,TRAIN
WH036,2018-02-01,Central,85.6155,44.0,593.0,94.0183,TRAIN
WH037,2018-02-01,East,90.1015,5.0,1733.0,89.2576,TRAIN
WH037,2018-02-01,North,85.1024,27.0,,94.7113,TRAIN
WH037,2018-02-01,South,88.2124,40.0,693.0,97.2131,TRAIN
WH038,2018-02-01,North,90.8059,6.0,1281.0,94.0581,TRAIN
WH038,2018-02-01,South,94.0543,39.0,142.0,86.7746,TRAIN
WH038,2018-02-01,South,91.9492,13.0,545.0,97.1293,TRAIN
WH039,2018-02-01,West,85.5183,6.0,2032.0,92.0989,TRAIN
WH039,2018-02-01,North,85.1835,10.0,2160.0,98.7754,TRAIN
WH039,2018-02-01,Central,89.1448,18.0,362.0,90.4881,TRAIN
WH040,2018-02-01,Central,85.6925,6.0,,92.0612,TRAIN
WH040,2018-02-01,West,87.8096,19.0,173.0,93.2086,TRAIN
WH040,2018-02-01,South,93.307,19.0,2487.0,88.4801,TRAIN
WH041,2018-02-01,Central,85.3963,5.0,770.0,94.8485,TRAIN
WH041,2018-02-01,South,85.6769,20.0,2129.0,92.0367,TRAIN
WH041,2018-02-01,Central,88.6185,37.0,477.0,91.4273,TRAIN
WH042,2018-02-01,West,90.5046,26.0,2279.0,94.0884,TRAIN
WH042,2018-02-01,South,85.7235,44.0,1011.0,92.6225,TRAIN
WH042,2018-02-01,Central,90.0089,5.0,,98.7269,TRAIN
WH043,2018-02-01,West,92.3911,32.0,354.0,94.3109,TRAIN
WH043,2018-02-01,North,86.5261,22.0,2488.0,97.8469,TRAIN
WH043,2018-02-01,North,93.727,37.0,1577.0,92.3554,TRAIN
WH044,2018-02-01,South,87.7925,24.0,1041.0,89.856,TRAIN
WH044,2018-02-01,East,86.3945,39.0,1942.0,85.4359,TRAIN
WH044,2018-02-01,Central,88.8353,22.0,345.0,98.5499,TRAIN
WH045,2018-02-01,Central,90.7695,29.0,1275.0,90.3601,TRAIN
WH045,2018-02-01,South,93.5675,30.0,1852.0,89.7391,TRAIN
WH045,2018-02-01,South,94.3828,42.0,1245.0,,TRAIN
WH046,2018-02-01,West,,27.0,2018.0,95.8741,TRAIN
WH046,2018-02-01,Central,87.1983,38.0,447.0,88.3427,TRAIN
WH046,2018-02-01,East,89.537,44.0,636.0,92.3131,TRAIN
WH047,2018-02-01,South,93.349,25.0,1801.0,96.5485,TRAIN
WH047,2018-02-01,Central,,41.0,,93.6113,TRAIN
WH047,2018-02-01,East,92.93,17.0,483.0,98.3774,TRAIN
WH048,2018-02-01,West,89.1144,12.0,2392.0,95.0201,TRAIN
WH048,2018-02-01,North,92.0416,41.0,415.0,88.0388,TRAIN
WH048,2018-02-01,West,90.6333,33.0,1649.0,87.9918,TRAIN
WH049,2018-02-01,East,90.7258,23.0,,,TRAIN
WH049,2018-02-01,Central,91.8544,28.0,1038.0,91.7223,TRAIN
WH049,2018-02-01,Central,90.4769,40.0,1811.0,96.4876,TRAIN
WH050,2018-02-01,Central,85.2164,15.0,243.0,91.7034,TRAIN
WH050,2018-02-01,North,93.8568,25.0,470.0,98.4994,TRAIN
WH050,2018-02-01,North,92.5322,38.0,116.0,97.759,TRAIN
WH001,2018-03-01,East,88.0302,24.0,2363.0,92.0112,TRAIN
WH001,2018-03-01,East,92.0426,18.0,1505.0,94.7152,TRAIN
WH001,2018-03-01,West,90.2735,17.0,2066.0,90.2636,TRAIN
WH002,2018-03-01,West,89.4134,7.0,2385.0,87.2991,TRAIN
WH002,2018-03-01,South,88.6222,5.0,1663.0,92.1961,TRAIN
WH002,2018-03-01,Central,94.2853,16.0,1976.0,96.992,TRAIN
WH003,2018-03-01,South,90.3458,10.0,2359.0,,TRAIN
WH003,2018-03-01,West,94.5625,21.0,2120.0,96.1215,TRAIN
WH003,2018-03-01,West,86.0408,30.0,480.0,89.0672,TRAIN
WH004,2018-03-01,East,92.7773,35.0,1515.0,91.333,TRAIN
WH004,2018-03-01,South,94.1083,13.0,2158.0,94.1554,TRAIN
WH004,2018-03-01,East,86.7517,7.0,1770.0,95.9413,TRAIN
WH005,2018-03-01,South,90.8473,32.0,1868.0,93.0347,TRAIN
WH005,2018-03-01,West,90.1689,18.0,1725.0,86.579,TRAIN
WH005,2018-03-01,South,94.3913,14.0,1448.0,85.1993,TRAIN
WH006,2018-03-01,East,86.9762,38.0,126.0,86.529,TRAIN
WH006,2018-03-01,South,86.5359,28.0,1080.0,91.1664,TRAIN
WH006,2018-03-01,East,88.8298,41.0,1174.0,90.7848,TRAIN
WH007,2018-03-01,Central,91.9021,43.0,2415.0,95.568,TRAIN
WH007,2018-03-01,North,93.6081,37.0,1691.0,85.0407,TRAIN
WH007,2018-03-01,North,85.8904,37.0,2231.0,93.9751,TRAIN
WH008,2018-03-01,East,87.2536,31.0,2108.0,98.8309,TRAIN
WH008,2018-03-01,South,91.9214,29.0,2290.0,86.9732,TRAIN
WH008,2018-03-01,North,92.1249,14.0,1198.0,86.0521,TRAIN
WH009,2018-03-01,South,85.9628,24.0,1691.0,89.8331,TRAIN
WH009,2018-03-01,East,89.4029,11.0,1844.0,89.3121,TRAIN
WH009,2018-03-01,West,86.0772,28.0,2420.0,86.4205,TRAIN
WH010,2018-03-01,South,94.9199,18.0,2381.0,94.3966,TRAIN
WH010,2018-03-01,West,94.1453,19.0,1271.0,93.049,TRAIN
WH010,2018-03-01,West,90.8488,18.0,675.0,91.6652,TRAIN
WH011,2018-03-01,West,93.7097,5.0,1116.0,90.5099,TRAIN
WH011,2018-03-01,North,92.4076,34.0,932.0,85.3378,TRAIN
WH011,2018-03-01,Central,93.429,43.0,2003.0,89.4559,TRAIN
WH012,2018-03-01,East,,,1770.0,90.9207,TRAIN
WH012,2018-03-01,West,88.0476,41.0,,95.3142,TRAIN
WH012,2018-03-01,South,91.4534,44.0,1221.0,97.6896,TRAIN
WH013,2018-03-01,South,94.9653,36.0,2492.0,94.5031,TRAIN
WH013,2018-03-01,South,90.3468,11.0,838.0,95.4273,TRAIN
WH013,2018-03-01,East,88.3258,33.0,1079.0,95.3057,TRAIN
WH014,2018-03-01,North,94.5968,19.0,270.0,93.3846,TRAIN
WH014,2018-03-01,South,87.4649,30.0,911.0,93.689,TRAIN
WH014,2018-03-01,West,93.8816,37.0,150.0,87.5303,TRAIN
WH015,2018-03-01,South,88.4443,20.0,2320.0,85.3309,TRAIN
WH015,2018-03-01,North,91.0612,23.0,2145.0,94.9396,TRAIN
WH015,2018-03-01,North,92.6592,,2040.0,94.7949,TRAIN
WH016,2018-03-01,East,89.5232,24.0,2137.0,94.6391,TRAIN
WH016,2018-03-01,East,86.5881,17.0,1263.0,95.3757,TRAIN
WH016,2018-03-01,West,93.9101,22.0,1174.0,97.6503,TRAIN
WH017,2018-03-01,East,88.8664,31.0,892.0,97.1585,TRAIN
WH017,2018-03-01,North,,29.0,214.0,96.2836,TRAIN
WH017,2018-03-01,South,89.6366,43.0,1611.0,86.1484,TRAIN
WH018,2018-03-01,East,94.2787,8.0,1823.0,85.6664,TRAIN
WH018,2018-03-01,West,87.6976,44.0,976.0,90.1919,TRAIN
WH018,2018-03-01,South,89.7664,40.0,1629.0,94.9457,TRAIN
WH019,2018-03-01,South,94.8665,31.0,,97.5946,TRAIN
WH019,2018-03-01,West,90.5411,32.0,1367.0,90.7432,TRAIN
WH019,2018-03-01,Central,91.2213,17.0,1289.0,87.1807,TRAIN
WH020,2018-03-01,West,91.2787,11.0,621.0,91.1528,TRAIN
WH020,2018-03-01,North,92.6176,28.0,1783.0,96.7017,TRAIN
WH020,2018-03-01,East,87.831,13.0,2308.0,93.77,TRAIN
WH021,2018-03-01,East,86.5351,44.0,193.0,97.2433,TRAIN
WH021,2018-03-01,West,90.9871,8.0,1658.0,97.79,TRAIN
WH021,2018-03-01,South,91.959,16.0,685.0,95.9903,TRAIN
WH022,2018-03-01,South,88.0474,5.0,1590.0,90.3405,TRAIN
WH022,2018-03-01,South,89.6242,10.0,1835.0,93.4638,TRAIN
WH022,2018-03-01,North,91.3893,19.0,2328.0,91.4325,TRAIN
WH023,2018-03-01,North,88.8312,30.0,1559.0,98.6785,TRAIN
WH023,2018-03-01,West,90.5449,,874.0,91.9298,TRAIN
WH023,2018-03-01,West,86.5337,42.0,1985.0,89.2018,TRAIN
WH024,2018-03-01,South,92.8506,39.0,1812.0,95.8309,TRAIN
WH024,2018-03-01,North,87.9288,23.0,904.0,98.9493,TRAIN
WH024,2018-03-01,West,93.5734,41.0,1887.0,97.9519,TRAIN
WH025,2018-03-01,West,92.6625,40.0,586.0,86.501,TRAIN
WH025,2018-03-01,Central,91.3184,42.0,797.0,86.9817,TRAIN
WH025,2018-03-01,East,85.6298,,1029.0,87.1509,TRAIN
WH026,2018-03-01,North,90.3906,42.0,2069.0,86.4205,TRAIN
WH026,2018-03-01,South,89.4555,15.0,2493.0,96.3622,TRAIN
WH026,2018-03-01,North,88.8664,40.0,2127.0,91.0338,TRAIN
WH027,2018-03-01,North,88.7372,,2380.0,96.8549,TRAIN
WH027,2018-03-01,East,87.7059,12.0,1042.0,96.324,TRAIN
WH027,2018-03-01,South,91.382,25.0,1005.0,86.3715,TRAIN
WH028,2018-03-01,North,94.7969,41.0,1020.0,95.4718,TRAIN
WH028,2018-03-01,South,85.5165,11.0,624.0,85.0842,TRAIN
WH028,2018-03-01,East,85.1437,20.0,1859.0,85.5664,TRAIN
WH029,2018-03-01,East,85.3521,8.0,1212.0,90.7727,TRAIN
WH029,2018-03-01,Central,87.214,9.0,798.0,88.0594,TRAIN
WH029,2018-03-01,North,85.3478,28.0,226.0,,TRAIN
WH030,2018-03-01,North,89.988,8.0,2253.0,87.774,TRAIN
WH030,2018-03-01,Central,85.4238,32.0,1343.0,98.7741,TRAIN
WH030,2018-03-01,North,85.7365,26.0,2364.0,85.1697,TRAIN
WH031,2018-03-01,East,87.3807,20.0,906.0,,TRAIN
WH031,2018-03-01,Central,87.9275,26.0,2339.0,94.5302,TRAIN
WH031,2018-03-01,West,86.8746,32.0,2352.0,94.016,TRAIN
WH032,2018-03-01,South,,28.0,2165.0,96.303,TRAIN
WH032,2018-03-01,Central,92.0892,36.0,2284.0,96.4345,TRAIN
WH032,2018-03-01,Central,85.2473,41.0,,93.622,TRAIN
WH033,2018-03-01,East,94.4228,43.0,817.0,95.9061,TRAIN
WH033,2018-03-01,Central,85.079,34.0,1311.0,87.0208,TRAIN
WH033,2018-03-01,South,94.3016,22.0,1642.0,90.5752,TRAIN
WH034,2018-03-01,Central,92.5535,25.0,1635.0,88.8399,TRAIN
WH034,2018-03-01,North,86.2103,14.0,1950.0,86.4724,TRAIN
WH034,2018-03-01,Central,93.7364,34.0,1670.0,97.949,TRAIN
WH035,2018-03-01,East,88.8975,35.0,1029.0,86.6885,TRAIN
WH035,2018-03-01,South,93.8702,35.0,846.0,95.7941,TRAIN
WH035,2018-03-01,North,87.9321,37.0,2327.0,93.2885,TRAIN
WH036,2018-03-01,West,92.716,17.0,1342.0,85.2784,TRAIN
WH036,2018-03-01,Central,87.7122,38.0,577.0,86.4747,TRAIN
WH036,2018-03-01,West,93.0887,15.0,1230.0,94.5599,TRAIN
WH037,2018-03-01,South,90.0305,32.0,243.0,86.1849,TRAIN
WH037,2018-03-01,North,90.6196,40.0,1385.0,91.5071,TRAIN
WH037,2018-03-01,South,88.7704,23.0,372.0,94.6119,TRAIN
WH038,2018-03-01,North,92.2642,15.0,900.0,92.7579,TRAIN
WH038,2018-03-01,East,88.6977,38.0,2282.0,91.0375,TRAIN
WH038,2018-03-01,East,86.7721,6.0,1809.0,91.5585,TRAIN
WH039,2018-03-01,East,93.1908,29.0,1021.0,92.2491,TRAIN
WH039,2018-03-01,Central,91.452,19.0,583.0,85.65,TRAIN
WH039,2018-03-01,Central,94.2929,33.0,688.0,91.2553,TRAIN
WH040,2018-03-01,North,89.3383,19.0,1597.0,91.1242,TRAIN
WH040,2018-03-01,West,90.9551,15.0,1195.0,97.4798,TRAIN
WH040,2018-03-01,West,,26.0,105.0,96.5558,TRAIN
WH041,2018-03-01,South,85.6239,25.0,1740.0,98.951,TRAIN
WH041,2018-03-01,South,92.2771,13.0,1153.0,98.4095,TRAIN
WH041,2018-03-01,Central,91.6303,31.0,,90.2745,TRAIN
WH042,2018-03-01,South,93.2468,12.0,965.0,89.4885,TRAIN
WH042,2018-03-01,South,89.7134,12.0,1995.0,98.1659,TRAIN
WH042,2018-03-01,East,86.4615,22.0,1060.0,97.0289,TRAIN
WH043,2018-03-01,East,91.736,14.0,1909.0,86.1493,TRAIN
WH043,2018-03-01,Central,86.0101,29.0,2294.0,89.4958,TRAIN
WH043,2018-03-01,North,87.6481,30.0,1872.0,91.7395,TRAIN
WH044,2018-03-01,South,93.6104,14.0,1166.0,87.6348,TRAIN
WH044,2018-03-01,East,86.7425,26.0,1655.0,87.7209,TRAIN
WH044,2018-03-01,North,88.8613,22.0,1859.0,87.0716,TRAIN
WH045,2018-03-01,South,85.3816,16.0,952.0,89.7205,TRAIN
WH045,2018-03-01,South,93.7868,42.0,622.0,92.056,TRAIN
WH045,2018-03-01,Central,86.5184,34.0,1291.0,90.1691,TRAIN
WH046,2018-03-01,West,85.7244,16.0,1855.0,96.5303,TRAIN
WH046,2018-03-01,South,90.5322,6.0,2223.0,95.2032,TRAIN
WH046,2018-03-01,West,94.8222,32.0,1565.0,95.0724,TRAIN
WH047,2018-03-01,East,87.6711,33.0,2006.0,90.3594,TRAIN
WH047,2018-03-01,South,91.5348,34.0,1488.0,86.4695,TRAIN
WH047,2018-03-01,North,91.4355,5.0,133.0,91.6167,TRAIN
WH048,2018-03-01,North,85.0161,36.0,1632.0,98.2721,TRAIN
WH048,2018-03-01,West,94.6556,38.0,,92.0794,TRAIN
WH048,2018-03-01,North,86.2843,13.0,1686.0,,TRAIN
WH049,2018-03-01,Central,89.7309,40.0,140.0,95.5284,TRAIN
WH049,2018-03-01,West,86.9754,6.0,543.0,89.2915,TRAIN
WH049,2018-03-01,West,92.2613,22.0,656.0,90.9271,TRAIN
WH050,2018-03-01,North,85.1231,9.0,1727.0,87.6899,TRAIN
WH050,2018-03-01,North,94.379,22.0,328.0,,TRAIN
WH050,2018-03-01,East,94.5355,28.0,2116.0,,TRAIN
WH001,2018-04-01,North,81.4937,30.0,922.0,91.5135,TRAIN
WH001,2018-04-01,South,94.7213,16.0,1668.0,94.3124,TRAIN
WH001,2018-04-01,North,40.0085,35.0,2493.0,86.7682,TRAIN
WH002,2018-04-01,Central,53.757,9.0,2291.0,98.3292,TRAIN
WH002,2018-04-01,Central,80.3154,12.0,246.0,96.7547,TRAIN
WH002,2018-04-01,West,90.6084,11.0,490.0,94.3362,TRAIN
WH003,2018-04-01,West,59.6002,39.0,2073.0,94.2499,TRAIN
WH003,2018-04-01,North,45.9446,38.0,2255.0,92.8528,TRAIN
WH003,2018-04-01,West,92.6739,40.0,867.0,86.1997,TRAIN
WH004,2018-04-01,North,52.5065,28.0,2453.0,89.012,TRAIN
WH004,2018-04-01,Central,49.507,7.0,2377.0,93.9301,TRAIN
WH004,2018-04-01,West,51.0265,39.0,1634.0,85.1256,TRAIN
WH005,2018-04-01,Central,65.2762,18.0,,90.3334,TRAIN
WH005,2018-04-01,South,44.6772,22.0,549.0,91.3052,TRAIN
WH005,2018-04-01,Central,78.2416,20.0,1684.0,97.6528,TRAIN
WH006,2018-04-01,West,55.5337,35.0,1618.0,96.0679,TRAIN
WH006,2018-04-01,North,84.2859,13.0,1081.0,,TRAIN
WH006,2018-04-01,East,92.4062,28.0,2317.0,93.3784,TRAIN
WH007,2018-04-01,Central,81.6154,31.0,2122.0,96.2589,TRAIN
WH007,2018-04-01,East,64.6148,17.0,2304.0,88.5111,TRAIN
WH007,2018-04-01,Central,42.5179,18.0,523.0,90.8351,TRAIN
WH008,2018-04-01,East,91.644,22.0,1958.0,86.7307,TRAIN
WH008,2018-04-01,Central,82.7436,11.0,1303.0,92.7156,TRAIN
WH008,2018-04-01,East,60.1105,14.0,435.0,89.2379,TRAIN
WH009,2018-04-01,Central,59.9187,26.0,1185.0,96.1595,TRAIN
WH009,2018-04-01,South,55.3513,17.0,475.0,90.1929,TRAIN
WH009,2018-04-01,Central,60.4118,20.0,1607.0,93.819,TRAIN
WH010,2018-04-01,South,44.7221,40.0,422.0,96.2799,TRAIN
WH010,2018-04-01,East,91.9325,,126.0,95.0005,TRAIN
WH010,2018-04-01,West,87.174,5.0,2393.0,90.5313,TRAIN
WH011,2018-04-01,West,96.8054,9.0,,86.1421,TRAIN
WH011,2018-04-01,Central,63.5569,27.0,283.0,96.5644,TRAIN
WH011,2018-04-01,Central,51.4732,29.0,151.0,,TRAIN
WH012,2018-04-01,South,65.3321,15.0,1206.0,86.8344,TRAIN
WH012,2018-04-01,Central,70.0489,42.0,1286.0,95.5784,TRAIN
WH012,2018-04-01,West,90.6559,39.0,2081.0,97.2507,TRAIN
WH013,2018-04-01,West,,19.0,844.0,,TRAIN
WH013,2018-04-01,Central,65.506,35.0,194.0,85.0524,TRAIN
WH013,2018-04-01,East,48.0802,41.0,157.0,98.8116,TRAIN
WH014,2018-04-01,North,57.4296,14.0,2128.0,86.3027,TRAIN
WH014,2018-04-01,Central,53.7387,8.0,307.0,85.2829,TRAIN
WH014,2018-04-01,East,72.8598,18.0,1191.0,96.3965,TRAIN
WH015,2018-04-01,East,71.2685,28.0,154.0,93.7219,TRAIN
WH015,2018-04-01,South,73.4021,8.0,1329.0,86.3052,TRAIN
WH015,2018-04-01,South,60.9696,43.0,2126.0,85.3292,TRAIN
WH016,2018-04-01,Central,51.6674,42.0,618.0,89.276,TRAIN
WH016,2018-04-01,North,94.8852,37.0,208.0,89.7538,TRAIN
WH016,2018-04-01,East,78.0502,19.0,131.0,89.657,TRAIN
WH017,2018-04-01,Central,61.1156,26.0,740.0,,TRAIN
WH017,2018-04-01,West,76.0634,32.0,1438.0,87.5363,TRAIN
WH017,2018-04-01,West,92.2114,18.0,402.0,98.076,TRAIN
WH018,2018-04-01,East,89.3267,16.0,2298.0,93.2522,TRAIN
WH018,2018-04-01,Central,90.4762,24.0,489.0,85.1388,TRAIN
WH018,2018-04-01,South,55.8917,14.0,1208.0,98.562,TRAIN
WH019,2018-04-01,South,96.3902,41.0,938.0,88.0536,TRAIN
WH019,2018-04-01,East,40.6428,9.0,555.0,98.7488,TRAIN
WH019,2018-04-01,West,53.7408,23.0,523.0,96.2033,TRAIN
WH020,2018-04-01,West,76.9207,16.0,679.0,89.5744,TRAIN
WH020,2018-04-01,North,53.5152,31.0,634.0,90.4485,TRAIN
WH020,2018-04-01,North,64.0872,40.0,2438.0,89.6622,TRAIN
WH021,2018-04-01,Central,60.6825,25.0,1983.0,85.8067,TRAIN
WH021,2018-04-01,South,96.8094,37.0,1897.0,95.7106,TRAIN
WH021,2018-04-01,Central,54.6644,8.0,1799.0,88.0124,TRAIN
WH022,2018-04-01,West,72.2281,13.0,431.0,85.6039,TRAIN
WH022,2018-04-01,East,50.9117,14.0,289.0,89.8271,TRAIN
WH022,2018-04-01,North,92.7567,14.0,1196.0,96.7768,TRAIN
WH023,2018-04-01,Central,95.3401,30.0,,93.0111,TRAIN
WH023,2018-04-01,West,54.5902,33.0,1261.0,94.1279,TRAIN
WH023,2018-04-01,West,88.6477,,2342.0,85.1764,TRAIN
WH024,2018-04-01,West,94.1789,32.0,283.0,94.3438,TRAIN
WH024,2018-04-01,West,57.0842,17.0,710.0,92.3037,TRAIN
WH024,2018-04-01,North,56.0032,34.0,1338.0,91.6671,TRAIN
WH025,2018-04-01,West,56.2144,41.0,1132.0,94.6283,TRAIN
WH025,2018-04-01,North,,32.0,2244.0,91.7476,TRAIN
WH025,2018-04-01,Central,58.2879,29.0,2339.0,87.1134,TRAIN
WH026,2018-04-01,North,80.0157,34.0,1117.0,87.3134,TRAIN
WH026,2018-04-01,Central,63.5852,5.0,968.0,91.0671,TRAIN
WH026,2018-04-01,West,59.4299,22.0,2312.0,93.1692,TRAIN
WH027,2018-04-01,East,,15.0,404.0,95.905,TRAIN
WH027,2018-04-01,South,78.7958,27.0,1160.0,93.6404,TRAIN
WH027,2018-04-01,West,55.6375,27.0,1151.0,85.9318,TRAIN
WH028,2018-04-01,West,92.2186,33.0,862.0,91.887,TRAIN
WH028,2018-04-01,North,66.0196,16.0,1975.0,87.668,TRAIN
WH028,2018-04-01,South,62.4371,39.0,2374.0,90.7083,TRAIN
WH029,2018-04-01,Central,47.4752,11.0,1352.0,95.0577,TRAIN
WH029,2018-04-01,Central,78.0834,5.0,1195.0,85.5999,TRAIN
WH029,2018-04-01,East,41.7136,40.0,2168.0,86.1774,TRAIN
WH030,2018-04-01,South,62.6872,32.0,2336.0,88.8691,TRAIN
WH030,2018-04-01,West,48.5047,9.0,797.0,95.9409,TRAIN
WH030,2018-04-01,West,94.9451,8.0,1383.0,90.94,TRAIN
WH031,2018-04-01,East,62.0103,33.0,1512.0,88.4312,TRAIN
WH031,2018-04-01,South,87.0643,5.0,649.0,90.7676,TRAIN
WH031,2018-04-01,North,83.712,15.0,1547.0,96.2313,TRAIN
WH032,2018-04-01,East,56.2375,41.0,648.0,88.0555,TRAIN
WH032,2018-04-01,South,68.3834,29.0,2465.0,88.9889,TRAIN
WH032,2018-04-01,South,87.5378,19.0,825.0,86.6447,TRAIN
WH033,2018-04-01,South,84.9431,34.0,2115.0,86.4358,TRAIN
WH033,2018-04-01,Central,47.4064,7.0,2163.0,89.7688,TRAIN
WH033,2018-04-01,South,78.631,28.0,564.0,93.9874,TRAIN
WH034,2018-04-01,Central,40.9882,6.0,1453.0,89.4392,TRAIN
WH034,2018-04-01,West,84.3475,29.0,200.0,95.5608,TRAIN
WH034,2018-04-01,West,57.2888,34.0,456.0,91.1196,TRAIN
WH035,2018-04-01,South,70.4591,18.0,1672.0,98.776,TRAIN
WH035,2018-04-01,Central,62.1191,35.0,2210.0,86.6033,TRAIN
WH035,2018-04-01,East,84.4138,36.0,1291.0,95.9626,TRAIN
WH036,2018-04-01,Central,74.2463,20.0,1988.0,91.3523,TRAIN
WH036,2018-04-01,East,49.3001,30.0,753.0,97.2864,TRAIN
WH036,2018-04-01,South,72.4595,6.0,511.0,89.536,TRAIN
WH037,2018-04-01,South,72.8371,32.0,378.0,90.7482,TRAIN
WH037,2018-04-01,Central,57.8231,6.0,2428.0,88.3532,TRAIN
WH037,2018-04-01,North,52.1508,17.0,1233.0,87.5723,TRAIN
WH038,2018-04-01,North,40.978,31.0,1168.0,85.7007,TRAIN
WH038,2018-04-01,Central,51.0108,33.0,1101.0,95.9948,TRAIN
WH038,2018-04-01,East,44.1739,20.0,495.0,92.7787,TRAIN
WH039,2018-04-01,West,86.9778,43.0,1449.0,86.0573,TRAIN
WH039,2018-04-01,West,92.5488,35.0,1708.0,98.937,TRAIN
WH039,2018-04-01,North,77.5243,22.0,2031.0,96.3194,TRAIN
WH040,2018-04-01,West,61.7689,23.0,634.0,98.0588,TRAIN
WH040,2018-04-01,Central,,33.0,1878.0,94.807,TRAIN
WH040,2018-04-01,South,92.6201,29.0,1123.0,90.8716,TRAIN
WH041,2018-04-01,North,73.7534,18.0,155.0,87.9722,TRAIN
WH041,2018-04-01,North,46.1199,14.0,1205.0,98.2396,TRAIN
WH041,2018-04-01,South,56.56,43.0,2112.0,96.06,TRAIN
WH042,2018-04-01,Central,95.9248,43.0,127.0,94.4687,TRAIN
WH042,2018-04-01,North,92.1631,27.0,1591.0,90.8448,TRAIN
WH042,2018-04-01,East,48.0265,,1814.0,86.4048,TRAIN
WH043,2018-04-01,South,79.601,29.0,314.0,85.4887,TRAIN
WH043,2018-04-01,East,75.2433,33.0,2035.0,96.465,TRAIN
WH043,2018-04-01,East,67.6612,40.0,687.0,86.9589,TRAIN
WH044,2018-04-01,West,89.5514,29.0,872.0,98.8871,TRAIN
WH044,2018-04-01,West,66.0721,8.0,1796.0,97.7796,TRAIN
WH044,2018-04-01,Central,57.0828,39.0,2302.0,93.9208,TRAIN
WH045,2018-04-01,West,87.3206,41.0,1635.0,97.57,TRAIN
WH045,2018-04-01,North,93.2702,28.0,1650.0,97.73,TRAIN
WH045,2018-04-01,North,76.6503,19.0,1069.0,89.857,TRAIN
WH046,2018-04-01,South,85.3547,28.0,1924.0,98.4079,TRAIN
WH046,2018-04-01,East,50.4089,24.0,1316.0,86.4537,TRAIN
WH046,2018-04-01,North,58.7007,23.0,1297.0,86.139,TRAIN
WH047,2018-04-01,West,48.5734,12.0,2466.0,95.4095,TRAIN
WH047,2018-04-01,North,40.8957,39.0,1499.0,87.5287,TRAIN
WH047,2018-04-01,Central,59.8275,35.0,391.0,95.66,TRAIN
WH048,2018-04-01,East,77.0046,14.0,228.0,96.5095,TRAIN
WH048,2018-04-01,Central,49.2943,34.0,1363.0,86.0123,TRAIN
WH048,2018-04-01,North,54.1572,22.0,717.0,89.323,TRAIN
WH049,2018-04-01,North,94.3217,25.0,1446.0,92.2756,TRAIN
WH049,2018-04-01,Central,70.2486,24.0,989.0,90.1762,TRAIN
WH049,2018-04-01,South,83.7239,28.0,1050.0,88.1278,TRAIN
WH050,2018-04-01,West,41.8449,26.0,1249.0,,TRAIN
WH050,2018-04-01,South,51.8326,5.0,596.0,91.6593,TRAIN
WH050,2018-04-01,East,62.3496,14.0,942.0,93.7209,TRAIN
WH001,2018-05-01,East,88.0444,30.0,1662.0,87.996,TRAIN
WH001,2018-05-01,Central,55.4676,12.0,1049.0,95.6399,TRAIN
WH001,2018-05-01,West,53.9799,35.0,608.0,87.0982,TRAIN
WH002,2018-05-01,West,70.6316,10.0,2024.0,86.6074,TRAIN
WH002,2018-05-01,East,51.7134,26.0,791.0,95.0437,TRAIN
WH002,2018-05-01,East,63.8095,9.0,504.0,88.4428,TRAIN
WH003,2018-05-01,West,75.5233,13.0,432.0,88.3531,TRAIN
WH003,2018-05-01,South,47.4319,38.0,2186.0,85.2011,TRAIN
WH003,2018-05-01,East,48.9654,30.0,1302.0,93.6152,TRAIN
WH004,2018-05-01,Central,76.2128,18.0,2334.0,85.2361,TRAIN
WH004,2018-05-01,East,83.2926,35.0,460.0,88.5617,TRAIN
WH004,2018-05-01,South,67.9657,42.0,2113.0,98.0369,TRAIN
WH005,2018-05-01,East,86.8352,41.0,1762.0,88.5025,TRAIN
WH005,2018-05-01,Central,69.0978,21.0,2180.0,95.1645,TRAIN
WH005,2018-05-01,Central,59.9688,40.0,1525.0,85.9702,TRAIN
WH006,2018-05-01,East,63.9558,38.0,529.0,89.6667,TRAIN
WH006,2018-05-01,South,84.7912,6.0,1114.0,90.6164,TRAIN
WH006,2018-05-01,Central,59.366,6.0,1459.0,98.8631,TRAIN
WH007,2018-05-01,North,94.3126,18.0,1001.0,90.854,TRAIN
WH007,2018-05-01,East,41.3452,44.0,2486.0,95.1191,TRAIN
WH007,2018-05-01,South,67.0947,20.0,1498.0,89.5324,TRAIN
WH008,2018-05-01,West,40.5971,37.0,596.0,,TRAIN
WH008,2018-05-01,East,48.8413,28.0,2281.0,91.6605,TRAIN
WH008,2018-05-01,West,83.6637,24.0,338.0,98.5138,TRAIN
WH009,2018-05-01,East,75.6317,40.0,1843.0,92.5628,TRAIN
WH009,2018-05-01,East,94.6129,23.0,1700.0,90.7442,TRAIN
WH009,2018-05-01,East,44.4835,,729.0,95.9916,TRAIN
WH010,2018-05-01,East,81.7457,26.0,842.0,85.5712,TRAIN
WH010,2018-05-01,Central,73.9497,8.0,338.0,86.8994,TRAIN
WH010,2018-05-01,West,81.4101,13.0,2165.0,91.9228,TRAIN
WH011,2018-05-01,Central,97.1858,21.0,1961.0,89.8892,TRAIN
WH011,2018-05-01,North,74.2087,26.0,146.0,87.9623,TRAIN
WH011,2018-05-01,East,89.2555,31.0,1484.0,88.7548,TRAIN
WH012,2018-05-01,Central,72.9969,,1302.0,93.6059,TRAIN
WH012,2018-05-01,North,47.3337,26.0,1198.0,,TRAIN
WH012,2018-05-01,West,67.7395,13.0,310.0,89.5584,TRAIN
WH013,2018-05-01,South,87.4024,20.0,684.0,85.2778,TRAIN
WH013,2018-05-01,South,62.4728,34.0,1397.0,94.4232,TRAIN
WH013,2018-05-01,West,89.767,5.0,1917.0,87.8968,TRAIN
WH014,2018-05-01,North,40.1124,31.0,278.0,98.5925,TRAIN
WH014,2018-05-01,Central,40.527,5.0,752.0,86.4925,TRAIN
WH014,2018-05-01,East,64.4725,37.0,1179.0,92.8671,TRAIN
WH015,2018-05-01,West,78.3099,12.0,621.0,90.6363,TRAIN
WH015,2018-05-01,South,93.5408,40.0,184.0,95.4664,TRAIN
WH015,2018-05-01,North,72.1265,40.0,1397.0,86.8205,TRAIN
WH016,2018-05-01,South,,5.0,1129.0,96.7732,TRAIN
WH016,2018-05-01,North,67.6611,27.0,2255.0,98.6686,TRAIN
WH016,2018-05-01,East,74.7044,36.0,1141.0,91.6148,TRAIN
WH017,2018-05-01,Central,86.4638,6.0,218.0,85.4266,TRAIN
WH017,2018-05-01,South,40.9444,20.0,910.0,98.3047,TRAIN
WH017,2018-05-01,East,61.9081,39.0,1253.0,91.4181,TRAIN
WH018,2018-05-01,North,85.4645,19.0,831.0,91.0931,TRAIN
WH018,2018-05-01,South,75.3714,18.0,1267.0,,TRAIN
WH018,2018-05-01,South,86.4292,12.0,2290.0,89.7509,TRAIN
WH019,2018-05-01,West,51.5601,29.0,994.0,98.8569,TRAIN
WH019,2018-05-01,East,70.0571,15.0,2179.0,91.0234,TRAIN
WH019,2018-05-01,West,70.0655,10.0,,95.5672,TRAIN
WH020,2018-05-01,South,59.7932,17.0,2066.0,,TRAIN
WH020,2018-05-01,West,81.329,41.0,648.0,92.2193,TRAIN
WH020,2018-05-01,South,70.7518,5.0,853.0,87.6758,TRAIN
WH021,2018-05-01,East,92.8787,6.0,123.0,87.2721,TRAIN
WH021,2018-05-01,East,65.3177,32.0,1705.0,95.5673,TRAIN
WH021,2018-05-01,North,69.4802,17.0,1594.0,85.3597,TRAIN
WH022,2018-05-01,South,53.9053,40.0,205.0,89.0858,TRAIN
WH022,2018-05-01,Central,87.3607,39.0,1743.0,86.7596,TRAIN
WH022,2018-05-01,West,53.809,24.0,362.0,86.5623,TRAIN
WH023,2018-05-01,West,82.5726,9.0,689.0,96.9448,TRAIN
WH023,2018-05-01,Central,41.1225,12.0,951.0,93.4799,TRAIN
WH023,2018-05-01,East,59.6579,21.0,699.0,98.255,TRAIN
WH024,2018-05-01,North,80.6442,26.0,1700.0,85.9781,TRAIN
WH024,2018-05-01,West,73.8172,38.0,403.0,96.27,TRAIN
WH024,2018-05-01,Central,96.1359,32.0,1091.0,90.1261,TRAIN
WH025,2018-05-01,South,49.1921,25.0,768.0,86.8376,TRAIN
WH025,2018-05-01,South,,25.0,1884.0,90.6655,TRAIN
WH025,2018-05-01,North,58.9979,12.0,1239.0,97.3131,TRAIN
WH026,2018-05-01,East,71.2209,40.0,1983.0,97.0093,TRAIN
WH026,2018-05-01,Central,90.3371,44.0,388.0,94.2554,TRAIN
WH026,2018-05-01,East,60.6121,10.0,1285.0,90.6584,TRAIN
WH027,2018-05-01,West,78.5893,13.0,1128.0,98.0795,TRAIN
WH027,2018-05-01,East,95.2713,8.0,1397.0,,TRAIN
WH027,2018-05-01,East,49.7256,15.0,244.0,92.5279,TRAIN
WH028,2018-05-01,Central,79.3384,43.0,399.0,85.7294,TRAIN
WH028,2018-05-01,West,78.148,28.0,1937.0,94.4092,TRAIN
WH028,2018-05-01,Central,57.1112,44.0,1514.0,87.3176,TRAIN
WH029,2018-05-01,North,50.9419,5.0,523.0,97.2512,TRAIN
WH029,2018-05-01,Central,47.6621,37.0,685.0,90.5838,TRAIN
WH029,2018-05-01,Central,55.1472,29.0,1048.0,89.0734,TRAIN
WH030,2018-05-01,East,63.0118,42.0,2198.0,92.5225,TRAIN
WH030,2018-05-01,North,93.079,32.0,2060.0,96.5755,TRAIN
WH030,2018-05-01,Central,74.9414,39.0,1393.0,93.3231,TRAIN
WH031,2018-05-01,West,88.0307,35.0,1920.0,85.3356,TRAIN
WH031,2018-05-01,Central,81.1813,44.0,1661.0,95.6675,TRAIN
WH031,2018-05-01,South,69.4502,9.0,452.0,87.6753,TRAIN
WH032,2018-05-01,Central,53.7814,5.0,,94.0157,TRAIN
WH032,2018-05-01,Central,43.504,29.0,552.0,98.7581,TRAIN
WH032,2018-05-01,South,45.257,29.0,2270.0,88.0495,TRAIN
WH033,2018-05-01,West,92.82,28.0,1196.0,89.6146,TRAIN
WH033,2018-05-01,East,67.1113,38.0,741.0,92.356,TRAIN
WH033,2018-05-01,Central,95.3224,31.0,823.0,95.0254,TRAIN
WH034,2018-05-01,South,87.4256,38.0,256.0,88.6291,TRAIN
WH034,2018-05-01,East,69.2502,6.0,2226.0,85.5431,TRAIN
WH034,2018-05-01,West,43.0113,28.0,1643.0,95.7156,TRAIN
WH035,2018-05-01,Central,58.717,43.0,999.0,91.9398,TRAIN
WH035,2018-05-01,West,41.5983,21.0,1017.0,87.8846,TRAIN
WH035,2018-05-01,West,69.2158,38.0,517.0,87.4283,TRAIN
WH036,2018-05-01,West,,25.0,127.0,,TRAIN
WH036,2018-05-01,West,68.3629,28.0,1374.0,96.8669,TRAIN
WH036,2018-05-01,East,61.524,31.0,1318.0,86.0272,TRAIN
WH037,2018-05-01,Central,82.8005,21.0,1565.0,92.7927,TRAIN
WH037,2018-05-01,South,41.0274,27.0,2469.0,93.1612,TRAIN
WH037,2018-05-01,North,68.3516,42.0,2314.0,89.3311,TRAIN
WH038,2018-05-01,West,67.5643,24.0,987.0,94.3332,TRAIN
WH038,2018-05-01,Central,69.5829,20.0,789.0,85.5349,TRAIN
WH038,2018-05-01,North,46.657,14.0,2037.0,85.238,TRAIN
WH039,2018-05-01,North,62.3324,20.0,2354.0,95.7095,TRAIN
WH039,2018-05-01,Central,69.8234,18.0,560.0,89.5874,TRAIN
WH039,2018-05-01,West,91.7474,29.0,1517.0,95.0938,TRAIN
WH040,2018-05-01,West,87.9157,43.0,1049.0,89.0873,TRAIN
WH040,2018-05-01,South,44.4287,13.0,1801.0,98.8675,TRAIN
WH040,2018-05-01,North,63.2847,7.0,2447.0,90.5627,TRAIN
WH041,2018-05-01,Central,45.1813,21.0,1531.0,85.243,TRAIN
WH041,2018-05-01,East,50.4715,26.0,2238.0,88.1062,TRAIN
WH041,2018-05-01,South,89.8784,34.0,555.0,85.5874,TRAIN
WH042,2018-05-01,East,,19.0,,92.2294,TRAIN
WH042,2018-05-01,South,,28.0,1687.0,93.604,TRAIN
WH042,2018-05-01,West,57.7076,18.0,616.0,96.1201,TRAIN
WH043,2018-05-01,South,62.482,35.0,1811.0,92.9221,TRAIN
WH043,2018-05-01,East,73.8246,44.0,1259.0,85.5808,TRAIN
WH043,2018-05-01,South,43.9782,44.0,617.0,87.07,TRAIN
WH044,2018-05-01,South,92.3721,,167.0,91.9001,TRAIN
WH044,2018-05-01,South,59.9085,44.0,394.0,85.4102,TRAIN
WH044,2018-05-01,Central,56.6521,27.0,1682.0,86.7775,TRAIN
WH045,2018-05-01,East,58.6829,17.0,2330.0,86.7107,TRAIN
WH045,2018-05-01,West,96.0661,15.0,1028.0,92.1265,TRAIN
WH045,2018-05-01,North,90.647,8.0,568.0,98.8244,TRAIN
WH046,2018-05-01,West,66.4475,17.0,2468.0,89.8188,TRAIN
WH046,2018-05-01,West,47.5633,31.0,975.0,97.1051,TRAIN
WH046,2018-05-01,West,76.1169,14.0,273.0,95.3189,TRAIN
WH047,2018-05-01,Central,87.0943,33.0,775.0,85.1012,TRAIN
WH047,2018-05-01,West,,23.0,2376.0,85.8677,TRAIN
WH047,2018-05-01,North,62.8978,39.0,138.0,90.3772,TRAIN
WH048,2018-05-01,Central,76.6648,39.0,583.0,87.0139,TRAIN
WH048,2018-05-01,North,69.9402,35.0,1948.0,93.6574,TRAIN
WH048,2018-05-01,East,65.2843,34.0,844.0,95.0664,TRAIN
WH049,2018-05-01,North,82.2802,38.0,1865.0,87.7139,TRAIN
WH049,2018-05-01,East,82.2779,24.0,757.0,91.7476,TRAIN
WH049,2018-05-01,North,79.6116,41.0,1782.0,89.2122,TRAIN
WH050,2018-05-01,Central,50.003,17.0,2388.0,95.427,TRAIN
WH050,2018-05-01,Central,45.2913,32.0,661.0,94.4691,TRAIN
WH050,2018-05-01,North,93.7356,27.0,1398.0,92.8577,TRAIN
WH001,2018-06-01,East,75.474,24.0,998.0,97.5349,TRAIN
WH001,2018-06-01,East,79.2235,13.0,,86.0171,TRAIN
WH001,2018-06-01,South,90.945,12.0,2075.0,86.8259,TRAIN
WH002,2018-06-01,North,69.3458,28.0,1267.0,85.8935,TRAIN
WH002,2018-06-01,Central,82.6227,29.0,1169.0,98.1668,TRAIN
WH002,2018-06-01,East,46.0368,41.0,455.0,90.1565,TRAIN
WH003,2018-06-01,Central,70.959,26.0,2104.0,97.2583,TRAIN
WH003,2018-06-01,South,63.6257,8.0,1602.0,96.5859,TRAIN
WH003,2018-06-01,South,88.7059,8.0,1702.0,,TRAIN
WH004,2018-06-01,East,77.4262,33.0,1176.0,93.848,TRAIN
WH004,2018-06-01,South,51.4159,41.0,2266.0,92.4093,TRAIN
WH004,2018-06-01,West,,28.0,1165.0,89.3165,TRAIN
WH005,2018-06-01,West,73.9023,30.0,1427.0,88.0964,TRAIN
WH005,2018-06-01,North,69.5583,43.0,2082.0,92.259,TRAIN
WH005,2018-06-01,North,84.5621,39.0,306.0,86.6813,TRAIN
WH006,2018-06-01,Central,55.395,14.0,2359.0,93.7394,TRAIN
WH006,2018-06-01,West,58.7857,18.0,695.0,92.4806,TRAIN
WH006,2018-06-01,Central,84.3489,5.0,120.0,91.5942,TRAIN
WH007,2018-06-01,East,,17.0,602.0,98.448,TRAIN
WH007,2018-06-01,West,81.3022,33.0,1527.0,,TRAIN
WH007,2018-06-01,Central,94.7214,23.0,343.0,87.4408,TRAIN
WH008,2018-06-01,North,48.5132,28.0,2373.0,93.3773,TRAIN
WH008,2018-06-01,West,70.0712,44.0,520.0,91.7666,TRAIN
WH008,2018-06-01,North,96.2687,18.0,2252.0,97.2843,TRAIN
WH009,2018-06-01,East,48.2678,18.0,775.0,97.5235,TRAIN
WH009,2018-06-01,East,67.5869,38.0,2488.0,88.5183,TRAIN
WH009,2018-06-01,North,56.6901,13.0,2217.0,85.4417,TRAIN
WH010,2018-06-01,East,58.7535,32.0,1896.0,89.3905,TRAIN
WH010,2018-06-01,Central,85.4065,23.0,466.0,86.4512,TRAIN
WH010,2018-06-01,Central,56.298,10.0,2026.0,87.4578,TRAIN
WH011,2018-06-01,Central,50.8405,30.0,632.0,86.5273,TRAIN
WH011,2018-06-01,South,47.0951,37.0,1866.0,94.4807,TRAIN
WH011,2018-06-01,East,45.6723,14.0,2001.0,98.5187,TRAIN
WH012,2018-06-01,North,61.681,15.0,2294.0,93.5617,TRAIN
WH012,2018-06-01,North,96.5491,12.0,774.0,88.7804,TRAIN
WH012,2018-06-01,Central,42.641,26.0,2047.0,85.4874,TRAIN
WH013,2018-06-01,North,91.5586,39.0,1245.0,97.7061,TRAIN
WH013,2018-06-01,West,55.1211,44.0,2188.0,94.8617,TRAIN
WH013,2018-06-01,Central,95.2845,25.0,481.0,85.324,TRAIN
WH014,2018-06-01,Central,76.4437,24.0,1597.0,98.8296,TRAIN
WH014,2018-06-01,Central,71.8565,9.0,1281.0,97.9435,TRAIN
WH014,2018-06-01,Central,40.2652,43.0,580.0,98.1307,TRAIN
WH015,2018-06-01,North,66.672,25.0,2279.0,85.9539,TRAIN
WH015,2018-06-01,East,43.8776,15.0,1982.0,90.7746,TRAIN
WH015,2018-06-01,North,75.8204,11.0,2480.0,91.0575,TRAIN
WH016,2018-06-01,West,50.1621,22.0,2444.0,89.4417,TRAIN
WH016,2018-06-01,North,54.3179,34.0,1870.0,87.63,TRAIN
WH016,2018-06-01,West,52.3779,26.0,1943.0,86.1615,TRAIN
WH017,2018-06-01,East,90.9361,27.0,1974.0,87.5924,TRAIN
WH017,2018-06-01,East,81.7594,30.0,1748.0,85.6657,TRAIN
WH017,2018-06-01,West,90.5253,9.0,1783.0,,TRAIN
WH018,2018-06-01,West,54.314,16.0,2347.0,97.627,TRAIN
WH018,2018-06-01,West,,11.0,1944.0,91.9762,TRAIN
WH018,2018-06-01,East,48.542,14.0,966.0,85.6957,TRAIN
WH019,2018-06-01,North,56.8553,24.0,1115.0,95.7927,TRAIN
WH019,2018-06-01,South,94.0314,5.0,252.0,88.1624,TRAIN
WH019,2018-06-01,West,79.1048,11.0,1643.0,98.4571,TRAIN
WH020,2018-06-01,East,46.9946,9.0,2148.0,95.1845,TRAIN
WH020,2018-06-01,West,56.6986,6.0,1192.0,86.0344,TRAIN
WH020,2018-06-01,North,55.6058,23.0,100.0,95.1999,TRAIN
WH021,2018-06-01,South,82.1837,15.0,421.0,90.6675,TRAIN
WH021,2018-06-01,West,56.5304,6.0,1147.0,90.5,TRAIN
WH021,2018-06-01,West,59.2798,22.0,663.0,86.4633,TRAIN
WH022,2018-06-01,North,88.6074,32.0,1009.0,87.48,TRAIN
WH022,2018-06-01,South,69.9514,16.0,426.0,96.9015,TRAIN
WH022,2018-06-01,North,78.2662,41.0,2062.0,86.5051,TRAIN
WH023,2018-06-01,South,58.3816,38.0,,92.953,TRAIN
WH023,2018-06-01,South,82.1269,18.0,2225.0,91.9735,TRAIN
WH023,2018-06-01,North,69.5399,25.0,1667.0,90.9999,TRAIN
WH024,2018-06-01,Central,79.9991,40.0,1953.0,86.0126,TRAIN
WH024,2018-06-01,North,83.8814,37.0,770.0,87.4446,TRAIN
WH024,2018-06-01,East,83.8909,42.0,1807.0,98.5362,TRAIN
WH025,2018-06-01,Central,48.4489,43.0,1094.0,93.5837,TRAIN
WH025,2018-06-01,West,60.0773,31.0,1862.0,85.1655,TRAIN
WH025,2018-06-01,Central,71.2111,21.0,716.0,95.7625,TRAIN
WH026,2018-06-01,North,59.0746,20.0,2267.0,90.8856,TRAIN
WH026,2018-06-01,East,86.2723,18.0,1627.0,92.1765,TRAIN
WH026,2018-06-01,South,93.1036,10.0,1312.0,93.9825,TRAIN
WH027,2018-06-01,East,41.1165,23.0,,85.6701,TRAIN
WH027,2018-06-01,North,68.755,16.0,1465.0,96.886,TRAIN
WH027,2018-06-01,South,74.2306,27.0,2182.0,86.6348,TRAIN
WH028,2018-06-01,North,81.3333,27.0,2235.0,90.4033,TRAIN
WH028,2018-06-01,North,83.377,43.0,239.0,89.5989,TRAIN
WH028,2018-06-01,Central,48.5396,8.0,205.0,95.0584,TRAIN
WH029,2018-06-01,South,87.1991,22.0,1199.0,97.2526,TRAIN
WH029,2018-06-01,West,49.5132,11.0,584.0,98.2656,TRAIN
WH029,2018-06-01,South,74.3085,36.0,1131.0,86.0462,TRAIN
WH030,2018-06-01,South,83.3801,10.0,1036.0,92.7505,TRAIN
WH030,2018-06-01,North,93.4241,35.0,2215.0,96.5266,TRAIN
WH030,2018-06-01,North,45.692,11.0,2266.0,92.7078,TRAIN
WH031,2018-06-01,West,67.7899,13.0,807.0,90.3688,TRAIN
WH031,2018-06-01,East,92.4003,10.0,400.0,85.1699,TRAIN
WH031,2018-06-01,East,61.692,27.0,2454.0,92.3641,TRAIN
WH032,2018-06-01,East,45.9656,34.0,2064.0,93.6386,TRAIN
WH032,2018-06-01,Central,47.0498,23.0,636.0,86.1279,TRAIN
WH032,2018-06-01,West,70.0856,27.0,2020.0,89.4724,TRAIN
WH033,2018-06-01,West,76.8101,23.0,309.0,86.9031,TRAIN
WH033,2018-06-01,South,64.0611,44.0,1759.0,93.3885,TRAIN
WH033,2018-06-01,West,80.809,40.0,1003.0,98.8209,TRAIN
WH034,2018-06-01,Central,46.542,5.0,2465.0,98.4722,TRAIN
WH034,2018-06-01,South,80.1707,24.0,2496.0,92.7891,TRAIN
WH034,2018-06-01,North,64.2142,6.0,405.0,,TRAIN
WH035,2018-06-01,South,84.9805,39.0,753.0,93.4287,TRAIN
WH035,2018-06-01,Central,41.9265,13.0,2123.0,94.7732,TRAIN
WH035,2018-06-01,North,84.0976,33.0,1353.0,96.0987,TRAIN
WH036,2018-06-01,Central,79.5843,10.0,441.0,95.0981,TRAIN
WH036,2018-06-01,East,58.6385,25.0,1977.0,97.057,TRAIN
WH036,2018-06-01,North,63.7405,15.0,2405.0,92.4728,TRAIN
WH037,2018-06-01,East,72.1658,,1636.0,87.9192,TRAIN
WH037,2018-06-01,Central,64.8989,20.0,,98.5142,TRAIN
WH037,2018-06-01,Central,67.2749,23.0,1582.0,96.0687,TRAIN
WH038,2018-06-01,Central,57.0454,32.0,1022.0,97.8787,TRAIN
WH038,2018-06-01,West,43.554,44.0,929.0,87.3739,TRAIN
WH038,2018-06-01,Central,,9.0,2015.0,91.8048,TRAIN
WH039,2018-06-01,North,65.4093,44.0,732.0,89.5785,TRAIN
WH039,2018-06-01,Central,92.5427,8.0,109.0,95.2589,TRAIN
WH039,2018-06-01,North,40.9096,27.0,1180.0,96.0729,TRAIN
WH040,2018-06-01,East,56.0751,13.0,1014.0,98.5641,TRAIN
WH040,2018-06-01,East,69.69,21.0,2304.0,88.273,TRAIN
WH040,2018-06-01,Central,45.8893,14.0,281.0,87.7876,TRAIN
WH041,2018-06-01,West,69.2336,30.0,2317.0,95.2379,TRAIN
WH041,2018-06-01,South,58.672,39.0,1886.0,91.2166,TRAIN
WH041,2018-06-01,North,87.7933,39.0,1943.0,95.9241,TRAIN
WH042,2018-06-01,East,87.8402,18.0,1467.0,89.4931,TRAIN
WH042,2018-06-01,West,48.5478,30.0,2043.0,87.0929,TRAIN
WH042,2018-06-01,North,59.1166,35.0,1818.0,92.0771,TRAIN
WH043,2018-06-01,Central,58.6467,36.0,2318.0,97.9117,TRAIN
WH043,2018-06-01,West,,7.0,2443.0,96.1846,TRAIN
WH043,2018-06-01,Central,86.0252,6.0,1139.0,95.0212,TRAIN
WH044,2018-06-01,West,45.1031,9.0,627.0,90.665,TRAIN
WH044,2018-06-01,South,41.6193,38.0,891.0,94.7394,TRAIN
WH044,2018-06-01,Central,89.1312,24.0,954.0,90.5823,TRAIN
WH045,2018-06-01,North,95.8364,24.0,1295.0,90.9801,TRAIN
WH045,2018-06-01,Central,75.7901,16.0,2303.0,97.5454,TRAIN
WH045,2018-06-01,East,56.7666,,,94.4117,TRAIN
WH046,2018-06-01,Central,55.6286,22.0,1655.0,87.8788,TRAIN
WH046,2018-06-01,East,64.2541,,1219.0,97.647,TRAIN
WH046,2018-06-01,West,63.8672,13.0,750.0,95.7823,TRAIN
WH047,2018-06-01,West,93.9428,26.0,340.0,89.7716,TRAIN
WH047,2018-06-01,Central,42.0426,41.0,849.0,89.7839,TRAIN
WH047,2018-06-01,South,,31.0,743.0,85.6493,TRAIN
WH048,2018-06-01,East,97.1659,33.0,1991.0,,TRAIN
WH048,2018-06-01,Central,92.8988,41.0,826.0,93.8413,TRAIN
WH048,2018-06-01,North,85.2494,29.0,259.0,96.3787,TRAIN
WH049,2018-06-01,North,73.5363,11.0,368.0,98.0937,TRAIN
WH049,2018-06-01,South,91.4086,12.0,1867.0,95.1036,TRAIN
WH049,2018-06-01,North,52.0405,11.0,1378.0,95.6163,TRAIN
WH050,2018-06-01,West,74.2517,15.0,1589.0,,TRAIN
WH050,2018-06-01,Central,44.9393,16.0,1402.0,87.2855,TRAIN
WH050,2018-06-01,West,63.3801,39.0,1644.0,98.3553,TRAIN
WH001,2018-07-01,East,45.0279,35.0,2069.0,87.9339,TRAIN
WH001,2018-07-01,Central,66.5621,31.0,1432.0,89.2432,TRAIN
WH001,2018-07-01,South,92.8538,13.0,1154.0,96.6938,TRAIN
WH002,2018-07-01,South,60.4321,12.0,536.0,89.6995,TRAIN
WH002,2018-07-01,Central,88.4777,38.0,2159.0,97.6091,TRAIN
WH002,2018-07-01,West,71.5824,37.0,430.0,95.0229,TRAIN
WH003,2018-07-01,Central,80.8367,43.0,2458.0,91.8907,TRAIN
WH003,2018-07-01,South,54.3389,17.0,1389.0,94.7511,TRAIN
WH003,2018-07-01,South,87.7577,,2439.0,86.1142,TRAIN
WH004,2018-07-01,North,69.825,17.0,1632.0,91.0529,TRAIN
WH004,2018-07-01,Central,96.9146,17.0,153.0,93.7924,TRAIN
WH004,2018-07-01,South,43.1765,23.0,,85.7497,TRAIN
WH005,2018-07-01,East,63.3059,23.0,603.0,97.5935,TRAIN
WH005,2018-07-01,South,68.1988,12.0,1029.0,89.1214,TRAIN
WH005,2018-07-01,East,40.0427,,1779.0,98.9735,TRAIN
WH006,2018-07-01,South,93.6949,12.0,1654.0,90.9031,TRAIN
WH006,2018-07-01,North,69.8849,28.0,,89.8687,TRAIN
WH006,2018-07-01,South,53.1141,12.0,1005.0,98.9517,TRAIN
WH007,2018-07-01,South,52.7579,34.0,438.0,87.4708,TRAIN
WH007,2018-07-01,Central,80.2304,28.0,1618.0,90.5193,TRAIN
WH007,2018-07-01,South,56.0941,6.0,247.0,92.5806,TRAIN
WH008,2018-07-01,North,73.9193,44.0,1452.0,87.7267,TRAIN
WH008,2018-07-01,West,68.4151,25.0,1675.0,95.1695,TRAIN
WH008,2018-07-01,East,97.7895,15.0,489.0,95.8054,TRAIN
WH009,2018-07-01,West,74.8292,11.0,1658.0,93.9324,TRAIN
WH009,2018-07-01,North,53.6485,5.0,470.0,96.8031,TRAIN
WH009,2018-07-01,North,95.2733,31.0,1327.0,,TRAIN
WH010,2018-07-01,West,52.1241,28.0,1793.0,90.3445,TRAIN
WH010,2018-07-01,South,56.6351,42.0,1289.0,94.6181,TRAIN
WH010,2018-07-01,North,61.5458,42.0,1486.0,89.856,TRAIN
WH011,2018-07-01,West,94.6106,27.0,1139.0,91.3861,TRAIN
WH011,2018-07-01,South,48.9828,39.0,2375.0,87.7436,TRAIN
WH011,2018-07-01,East,59.791,27.0,2384.0,96.41,TRAIN
WH012,2018-07-01,East,54.882,38.0,1356.0,85.3852,TRAIN
WH012,2018-07-01,West,52.4567,29.0,1408.0,90.6958,TRAIN
WH012,2018-07-01,East,85.1772,22.0,494.0,90.267,TRAIN
WH013,2018-07-01,South,64.3628,40.0,2211.0,98.118,TRAIN
WH013,2018-07-01,North,73.5631,13.0,1999.0,85.8535,TRAIN
WH013,2018-07-01,Central,63.1261,20.0,353.0,93.1994,TRAIN
WH014,2018-07-01,Central,79.8112,30.0,401.0,96.9021,TRAIN
WH014,2018-07-01,West,56.4311,10.0,,90.8286,TRAIN
WH014,2018-07-01,North,93.3563,20.0,2449.0,90.5115,TRAIN
WH015,2018-07-01,North,86.5243,19.0,2467.0,98.7444,TRAIN
WH015,2018-07-01,South,77.7321,22.0,898.0,90.7193,TRAIN
WH015,2018-07-01,North,55.7541,17.0,1862.0,98.3064,TRAIN
WH016,2018-07-01,West,74.4753,16.0,2222.0,87.9706,TRAIN
WH016,2018-07-01,South,76.1623,43.0,1283.0,95.6123,TRAIN
WH016,2018-07-01,West,,18.0,584.0,91.8412,TRAIN
WH017,2018-07-01,East,88.3886,10.0,306.0,94.0328,TRAIN
WH017,2018-07-01,East,78.8893,20.0,,85.6768,TRAIN
WH017,2018-07-01,South,91.2995,34.0,1223.0,85.2966,TRAIN
WH018,2018-07-01,North,69.3958,,2186.0,96.1426,TRAIN
WH018,2018-07-01,North,58.266,13.0,462.0,91.219,TRAIN
WH018,2018-07-01,West,48.2643,34.0,2141.0,94.0489,TRAIN
WH019,2018-07-01,North,43.3925,29.0,111.0,96.2921,TRAIN
WH019,2018-07-01,North,86.6445,35.0,1331.0,96.9889,TRAIN
WH019,2018-07-01,Central,89.114,25.0,,93.082,TRAIN
WH020,2018-07-01,Central,,14.0,742.0,93.8242,TRAIN
WH020,2018-07-01,Central,56.5227,15.0,574.0,87.922,TRAIN
WH020,2018-07-01,East,91.2955,25.0,241.0,88.0761,TRAIN
WH021,2018-07-01,East,58.0974,,716.0,90.8228,TRAIN
WH021,2018-07-01,North,73.3602,19.0,1810.0,88.6546,TRAIN
WH021,2018-07-01,East,74.5019,14.0,2447.0,91.9509,TRAIN
WH022,2018-07-01,North,82.1277,22.0,375.0,94.6055,TRAIN
WH022,2018-07-01,Central,88.2457,21.0,123.0,91.4877,TRAIN
WH022,2018-07-01,North,62.3295,27.0,2056.0,92.3195,TRAIN
WH023,2018-07-01,Central,95.9329,41.0,1992.0,87.5278,TRAIN
WH023,2018-07-01,West,81.2137,15.0,1465.0,87.4512,TRAIN
WH023,2018-07-01,South,92.5827,18.0,1155.0,96.856,TRAIN
WH024,2018-07-01,South,69.1983,35.0,1395.0,95.4584,TRAIN
WH024,2018-07-01,East,93.6816,21.0,1082.0,95.7939,TRAIN
WH024,2018-07-01,North,84.6528,26.0,299.0,88.4006,TRAIN
WH025,2018-07-01,South,68.8934,6.0,,89.4973,TRAIN
WH025,2018-07-01,South,47.3328,24.0,1177.0,92.2158,TRAIN
WH025,2018-07-01,North,45.9241,11.0,2343.0,94.5305,TRAIN
WH026,2018-07-01,Central,56.7792,35.0,1239.0,90.534,TRAIN
WH026,2018-07-01,South,90.4273,20.0,2407.0,97.8026,TRAIN
WH026,2018-07-01,West,40.7157,10.0,105.0,94.0601,TRAIN
WH027,2018-07-01,West,73.9713,33.0,,97.8306,TRAIN
WH027,2018-07-01,North,74.8575,17.0,743.0,89.5612,TRAIN
WH027,2018-07-01,South,72.1507,8.0,1935.0,85.3567,TRAIN
WH028,2018-07-01,South,53.0175,34.0,642.0,98.3556,TRAIN
WH028,2018-07-01,South,77.3455,44.0,2433.0,91.5387,TRAIN
WH028,2018-07-01,Central,49.2563,,2219.0,86.8338,TRAIN
WH029,2018-07-01,North,85.0629,5.0,2400.0,89.2746,TRAIN
WH029,2018-07-01,East,55.5791,13.0,1661.0,92.4557,TRAIN
WH029,2018-07-01,North,81.755,26.0,676.0,98.6049,TRAIN
WH030,2018-07-01,West,96.4357,6.0,180.0,90.684,TRAIN
WH030,2018-07-01,South,75.1982,23.0,1862.0,91.9984,TRAIN
WH030,2018-07-01,East,69.4454,34.0,403.0,97.952,TRAIN
WH031,2018-07-01,East,,17.0,1829.0,89.1552,TRAIN
WH031,2018-07-01,South,58.9119,8.0,2373.0,90.5233,TRAIN
WH031,2018-07-01,Central,95.7582,6.0,421.0,87.5464,TRAIN
WH032,2018-07-01,West,87.4105,32.0,765.0,88.4057,TRAIN
WH032,2018-07-01,Central,81.3887,42.0,2467.0,88.4571,TRAIN
WH032,2018-07-01,South,78.5195,6.0,862.0,88.1753,TRAIN
WH033,2018-07-01,North,51.7782,14.0,1508.0,86.7057,TRAIN
WH033,2018-07-01,Central,82.5774,39.0,,92.3603,TRAIN
WH033,2018-07-01,East,67.9153,44.0,1315.0,85.9629,TRAIN
WH034,2018-07-01,East,65.016,18.0,481.0,90.1925,TRAIN
WH034,2018-07-01,East,76.7387,7.0,1322.0,88.1886,TRAIN
WH034,2018-07-01,North,74.1625,5.0,494.0,86.0761,TRAIN
WH035,2018-07-01,Central,46.5442,14.0,1704.0,95.2553,TRAIN
WH035,2018-07-01,Central,72.4631,40.0,2159.0,93.5505,TRAIN
WH035,2018-07-01,Central,66.6798,30.0,1445.0,96.1778,TRAIN
WH036,2018-07-01,Central,54.0197,6.0,124.0,87.702,TRAIN
WH036,2018-07-01,West,81.5697,20.0,2484.0,90.1798,TRAIN
WH036,2018-07-01,West,65.2965,37.0,298.0,91.6636,TRAIN
WH037,2018-07-01,Central,81.3476,42.0,2268.0,90.5504,TRAIN
WH037,2018-07-01,Central,95.7965,36.0,943.0,87.5139,TRAIN
WH037,2018-07-01,North,40.7744,18.0,1159.0,89.3863,TRAIN
WH038,2018-07-01,East,96.6175,40.0,1445.0,85.7434,TRAIN
WH038,2018-07-01,West,47.2608,11.0,960.0,87.6533,TRAIN
WH038,2018-07-01,North,51.1531,13.0,1226.0,98.2683,TRAIN
WH039,2018-07-01,South,45.686,19.0,297.0,98.5055,TRAIN
WH039,2018-07-01,South,70.5351,12.0,1403.0,96.9936,TRAIN
WH039,2018-07-01,North,80.7856,38.0,891.0,87.1795,TRAIN
WH040,2018-07-01,South,85.104,13.0,2475.0,90.2331,TRAIN
WH040,2018-07-01,East,75.8564,18.0,268.0,88.4141,TRAIN
WH040,2018-07-01,West,48.878,5.0,1410.0,98.8053,TRAIN
WH041,2018-07-01,West,48.6411,22.0,2221.0,90.7637,TRAIN
WH041,2018-07-01,Central,85.3793,6.0,1778.0,85.5362,TRAIN
WH041,2018-07-01,West,63.9227,6.0,1966.0,94.6415,TRAIN
WH042,2018-07-01,Central,95.7734,21.0,2207.0,,TRAIN
WH042,2018-07-01,Central,86.3969,43.0,,89.1266,TRAIN
WH042,2018-07-01,West,63.5447,,1877.0,94.391,TRAIN
WH043,2018-07-01,South,51.8909,40.0,2340.0,91.1481,TRAIN
WH043,2018-07-01,East,92.7074,29.0,196.0,92.6423,TRAIN
WH043,2018-07-01,North,64.9955,27.0,120.0,97.3301,TRAIN
WH044,2018-07-01,East,50.2276,27.0,1300.0,85.399,TRAIN
WH044,2018-07-01,South,48.2206,21.0,313.0,95.9939,TRAIN
WH044,2018-07-01,Central,42.8732,39.0,,93.0064,TRAIN
WH045,2018-07-01,South,57.618,36.0,1005.0,87.2002,TRAIN
WH045,2018-07-01,East,74.4325,44.0,907.0,93.0257,TRAIN
WH045,2018-07-01,West,40.3463,22.0,879.0,92.61,TRAIN
WH046,2018-07-01,North,40.1475,6.0,2473.0,94.623,TRAIN
WH046,2018-07-01,South,61.3367,9.0,1623.0,89.8928,TRAIN
WH046,2018-07-01,South,72.8161,32.0,1565.0,96.5432,TRAIN
WH047,2018-07-01,South,71.9273,39.0,1427.0,91.4717,TRAIN
WH047,2018-07-01,North,93.5131,12.0,461.0,95.1712,TRAIN
WH047,2018-07-01,East,77.5419,32.0,271.0,90.7654,TRAIN
WH048,2018-07-01,South,86.0918,8.0,1247.0,92.0419,TRAIN
WH048,2018-07-01,Central,,13.0,660.0,98.1255,TRAIN
WH048,2018-07-01,Central,,37.0,1843.0,92.4919,TRAIN
WH049,2018-07-01,North,87.6542,35.0,2176.0,94.5004,TRAIN
WH049,2018-07-01,South,86.0177,12.0,2352.0,90.0129,TRAIN
WH049,2018-07-01,North,85.0871,16.0,2047.0,90.7944,TRAIN
WH050,2018-07-01,Central,68.7158,36.0,,94.2322,TRAIN
WH050,2018-07-01,North,85.2267,27.0,278.0,94.3809,TRAIN
WH050,2018-07-01,South,77.3187,44.0,1132.0,85.1185,TRAIN
WH001,2018-08-01,West,49.7789,,1270.0,85.03,TRAIN
WH001,2018-08-01,North,59.4685,31.0,2271.0,95.5185,TRAIN
WH001,2018-08-01,South,45.4595,,2353.0,89.8768,TRAIN
WH002,2018-08-01,East,53.2728,13.0,1291.0,88.9106,TRAIN
WH002,2018-08-01,North,45.4517,8.0,1611.0,95.4137,TRAIN
WH002,2018-08-01,North,50.0252,13.0,1210.0,89.7878,TRAIN
WH003,2018-08-01,East,48.8145,21.0,464.0,95.9986,TRAIN
WH003,2018-08-01,West,55.2823,8.0,2010.0,95.6885,TRAIN
WH003,2018-08-01,North,49.1889,20.0,1930.0,96.6138,TRAIN
WH004,2018-08-01,East,52.6495,23.0,855.0,87.6213,TRAIN
WH004,2018-08-01,West,52.1845,28.0,2060.0,89.3333,TRAIN
WH004,2018-08-01,North,52.4176,23.0,1098.0,90.0567,TRAIN
WH005,2018-08-01,North,53.7874,26.0,2334.0,92.9566,TRAIN
WH005,2018-08-01,South,48.1502,44.0,1200.0,92.0393,TRAIN
WH005,2018-08-01,North,55.4068,25.0,294.0,89.8289,TRAIN
WH006,2018-08-01,South,59.9168,36.0,1037.0,95.5775,TRAIN
WH006,2018-08-01,Central,48.6298,39.0,1984.0,93.0224,TRAIN
WH006,2018-08-01,North,58.3234,19.0,768.0,,TRAIN
WH007,2018-08-01,West,53.5325,33.0,2092.0,97.7177,TRAIN
WH007,2018-08-01,East,51.4595,12.0,1633.0,,TRAIN
WH007,2018-08-01,West,45.4534,42.0,426.0,,TRAIN
WH008,2018-08-01,East,49.1326,30.0,422.0,95.919,TRAIN
WH008,2018-08-01,West,49.6861,18.0,1383.0,85.6295,TRAIN
WH008,2018-08-01,South,,26.0,276.0,97.4981,TRAIN
WH009,2018-08-01,South,49.8097,11.0,311.0,93.6699,TRAIN
WH009,2018-08-01,South,45.4459,34.0,1823.0,96.3173,TRAIN
WH009,2018-08-01,West,45.8553,41.0,512.0,89.8205,TRAIN
WH010,2018-08-01,West,55.6424,20.0,528.0,96.3382,TRAIN
WH010,2018-08-01,South,53.4233,27.0,1769.0,94.8601,TRAIN
WH010,2018-08-01,North,55.2777,39.0,2308.0,88.3785,TRAIN
WH011,2018-08-01,Central,49.8902,43.0,1707.0,86.8815,TRAIN
WH011,2018-08-01,Central,57.4011,18.0,1477.0,98.4644,TRAIN
WH011,2018-08-01,North,57.2551,18.0,1581.0,85.6057,TRAIN
WH012,2018-08-01,East,54.0762,13.0,1180.0,96.6178,TRAIN
WH012,2018-08-01,East,47.0221,5.0,2341.0,88.4292,TRAIN
WH012,2018-08-01,North,53.2792,38.0,337.0,86.5742,TRAIN
WH013,2018-08-01,North,50.7472,8.0,,91.8962,TRAIN
WH013,2018-08-01,North,46.3381,13.0,2026.0,93.6826,TRAIN
WH013,2018-08-01,West,59.0033,22.0,2460.0,93.2516,TRAIN
WH014,2018-08-01,North,55.1242,14.0,2418.0,90.3317,TRAIN
WH014,2018-08-01,West,48.4824,,314.0,94.5395,TRAIN
WH014,2018-08-01,East,47.4991,33.0,1295.0,95.7848,TRAIN
WH015,2018-08-01,Central,51.2304,31.0,2466.0,87.4542,TRAIN
WH015,2018-08-01,Central,52.2053,41.0,1051.0,88.8877,TRAIN
WH015,2018-08-01,South,52.008,,2080.0,92.2445,TRAIN
WH016,2018-08-01,Central,46.5061,40.0,381.0,87.0029,TRAIN
WH016,2018-08-01,West,49.4792,37.0,738.0,88.4591,TRAIN
WH016,2018-08-01,North,51.7482,43.0,1804.0,95.9269,TRAIN
WH017,2018-08-01,East,47.3865,,490.0,92.322,TRAIN
WH017,2018-08-01,West,51.6503,35.0,1031.0,91.9939,TRAIN
WH017,2018-08-01,West,49.2987,26.0,1218.0,85.1714,TRAIN
WH018,2018-08-01,Central,45.1903,19.0,,87.8297,TRAIN
WH018,2018-08-01,North,58.629,6.0,2174.0,93.2003,TRAIN
WH018,2018-08-01,South,46.5974,36.0,2300.0,93.1444,TRAIN
WH019,2018-08-01,East,48.6899,41.0,551.0,91.0194,TRAIN
WH019,2018-08-01,Central,50.7559,37.0,2037.0,86.5043,TRAIN
WH019,2018-08-01,Central,55.5257,29.0,1597.0,88.1235,TRAIN
WH020,2018-08-01,North,54.7577,30.0,655.0,98.0468,TRAIN
WH020,2018-08-01,Central,51.1181,35.0,2127.0,86.1923,TRAIN
WH020,2018-08-01,North,54.958,32.0,1456.0,87.7326,TRAIN
WH021,2018-08-01,North,48.0206,34.0,1731.0,88.3751,TRAIN
WH021,2018-08-01,South,,9.0,222.0,92.1516,TRAIN
WH021,2018-08-01,South,52.5554,40.0,1654.0,85.2007,TRAIN
WH022,2018-08-01,South,45.6569,21.0,811.0,93.2778,TRAIN
WH022,2018-08-01,Central,57.0916,40.0,1501.0,93.1248,TRAIN
WH022,2018-08-01,East,57.3171,5.0,2391.0,88.116,TRAIN
WH023,2018-08-01,North,59.7296,38.0,270.0,89.8282,TRAIN
WH023,2018-08-01,Central,58.6887,,,96.9964,TRAIN
WH023,2018-08-01,East,47.9164,,1098.0,86.9698,TRAIN
WH024,2018-08-01,North,56.1245,36.0,1757.0,90.0097,TRAIN
WH024,2018-08-01,West,50.446,18.0,693.0,89.4626,TRAIN
WH024,2018-08-01,South,56.79,30.0,382.0,91.7911,TRAIN
WH025,2018-08-01,South,58.7513,29.0,1678.0,94.1956,TRAIN
WH025,2018-08-01,North,55.8688,43.0,1029.0,92.3441,TRAIN
WH025,2018-08-01,West,52.6354,32.0,968.0,92.6279,TRAIN
WH026,2018-08-01,East,45.2759,31.0,484.0,87.4272,TRAIN
WH026,2018-08-01,East,45.4012,40.0,,87.948,TRAIN
WH026,2018-08-01,West,56.8717,22.0,275.0,85.2392,TRAIN
WH027,2018-08-01,North,46.6393,26.0,1003.0,87.3863,TRAIN
WH027,2018-08-01,South,55.9167,23.0,993.0,96.2588,TRAIN
WH027,2018-08-01,Central,49.8883,34.0,985.0,87.5461,TRAIN
WH028,2018-08-01,West,49.9478,28.0,1884.0,,TRAIN
WH028,2018-08-01,East,55.065,16.0,478.0,92.661,TRAIN
WH028,2018-08-01,South,45.665,15.0,1538.0,90.8642,TRAIN
WH029,2018-08-01,East,52.4126,7.0,374.0,89.6755,TRAIN
WH029,2018-08-01,West,56.6752,11.0,174.0,,TRAIN
WH029,2018-08-01,Central,59.0429,37.0,781.0,89.4507,TRAIN
WH030,2018-08-01,East,50.2826,7.0,2099.0,96.3223,TRAIN
WH030,2018-08-01,East,46.1634,39.0,804.0,87.7071,TRAIN
WH030,2018-08-01,Central,51.6889,32.0,1222.0,90.2662,TRAIN
WH031,2018-08-01,Central,45.0983,14.0,1983.0,98.9045,TRAIN
WH031,2018-08-01,Central,58.3001,25.0,2465.0,85.3861,TRAIN
WH031,2018-08-01,East,46.2348,16.0,2029.0,92.8205,TRAIN
WH032,2018-08-01,West,57.8511,14.0,642.0,87.3545,TRAIN
WH032,2018-08-01,South,47.6916,6.0,2060.0,97.5066,TRAIN
WH032,2018-08-01,West,48.8237,17.0,1520.0,94.1035,TRAIN
WH033,2018-08-01,Central,55.3504,,2119.0,95.1022,TRAIN
WH033,2018-08-01,East,50.5599,11.0,2000.0,94.0542,TRAIN
WH033,2018-08-01,North,52.106,40.0,156.0,94.2985,TRAIN
WH034,2018-08-01,East,57.2508,18.0,,85.8722,TRAIN
WH034,2018-08-01,Central,47.0082,7.0,1411.0,92.736,TRAIN
WH034,2018-08-01,East,50.1974,14.0,1320.0,88.9754,TRAIN
WH035,2018-08-01,South,57.8022,6.0,1717.0,93.6544,TRAIN
WH035,2018-08-01,East,49.8876,15.0,1671.0,87.0415,TRAIN
WH035,2018-08-01,West,47.0019,25.0,1598.0,91.8283,TRAIN
WH036,2018-08-01,West,55.3772,27.0,455.0,95.0585,TRAIN
WH036,2018-08-01,Central,55.7074,5.0,688.0,95.1692,TRAIN
WH036,2018-08-01,East,46.1228,10.0,507.0,87.3164,TRAIN
WH037,2018-08-01,East,51.7491,39.0,2488.0,97.6098,TRAIN
WH037,2018-08-01,West,53.3355,40.0,614.0,92.6571,TRAIN
WH037,2018-08-01,East,51.0892,17.0,1519.0,88.8136,TRAIN
WH038,2018-08-01,North,53.2803,23.0,2036.0,91.3501,TRAIN
WH038,2018-08-01,North,48.0585,32.0,1161.0,96.3291,TRAIN
WH038,2018-08-01,East,46.6164,31.0,1141.0,95.6324,TRAIN
WH039,2018-08-01,Central,58.5965,41.0,1739.0,87.0506,TRAIN
WH039,2018-08-01,Central,59.219,42.0,1550.0,98.2578,TRAIN
WH039,2018-08-01,East,58.9765,5.0,2214.0,87.1749,TRAIN
WH040,2018-08-01,East,50.2948,38.0,192.0,94.7595,TRAIN
WH040,2018-08-01,East,53.1278,30.0,969.0,94.9022,TRAIN
WH040,2018-08-01,South,,34.0,2313.0,85.5605,TRAIN
WH041,2018-08-01,North,57.2327,21.0,533.0,90.6548,TRAIN
WH041,2018-08-01,East,47.7262,10.0,2008.0,86.4725,TRAIN
WH041,2018-08-01,North,51.4387,44.0,241.0,92.3021,TRAIN
WH042,2018-08-01,South,,32.0,1226.0,91.4674,TRAIN
WH042,2018-08-01,East,51.0526,10.0,1557.0,90.5268,TRAIN
WH042,2018-08-01,West,54.1339,7.0,2356.0,95.4759,TRAIN
WH043,2018-08-01,West,53.3519,8.0,468.0,85.9896,TRAIN
WH043,2018-08-01,West,54.5891,19.0,1148.0,95.1254,TRAIN
WH043,2018-08-01,South,59.9862,20.0,1740.0,85.5518,TRAIN
WH044,2018-08-01,North,50.171,30.0,2365.0,85.8724,TRAIN
WH044,2018-08-01,North,55.8503,19.0,869.0,96.6676,TRAIN
WH044,2018-08-01,South,52.9514,17.0,2121.0,95.8285,TRAIN
WH045,2018-08-01,South,59.8692,26.0,1883.0,96.2678,TRAIN
WH045,2018-08-01,South,49.0912,36.0,2114.0,92.2549,TRAIN
WH045,2018-08-01,West,52.6884,23.0,755.0,86.7804,TRAIN
WH046,2018-08-01,South,47.5422,41.0,294.0,95.0035,TRAIN
WH046,2018-08-01,South,53.1111,29.0,728.0,95.7222,TRAIN
WH046,2018-08-01,East,51.4622,19.0,518.0,90.51,TRAIN
WH047,2018-08-01,Central,56.463,14.0,239.0,94.3866,TRAIN
WH047,2018-08-01,North,47.5715,39.0,551.0,95.7163,TRAIN
WH047,2018-08-01,South,54.6691,39.0,579.0,96.3359,TRAIN
WH048,2018-08-01,West,46.2788,21.0,773.0,89.8661,TRAIN
WH048,2018-08-01,Central,50.1479,36.0,1401.0,88.7441,TRAIN
WH048,2018-08-01,East,58.0374,31.0,2473.0,95.3203,TRAIN
WH049,2018-08-01,North,50.8713,14.0,1222.0,85.2897,TRAIN
WH049,2018-08-01,East,55.1428,25.0,1957.0,94.2033,TRAIN
WH049,2018-08-01,North,49.4859,,948.0,95.6433,TRAIN
WH050,2018-08-01,Central,56.9026,27.0,707.0,89.9,TRAIN
WH050,2018-08-01,West,48.7317,38.0,1839.0,87.1379,TRAIN
WH050,2018-08-01,West,57.162,28.0,1924.0,92.0537,TRAIN
WH001,2018-09-01,South,46.5646,13.0,1274.0,97.3511,TRAIN
WH001,2018-09-01,South,51.3043,8.0,,98.8916,TRAIN
WH001,2018-09-01,East,58.9397,16.0,1939.0,93.4249,TRAIN
WH002,2018-09-01,East,51.7569,20.0,793.0,91.2789,TRAIN
WH002,2018-09-01,North,50.0303,42.0,428.0,95.0655,TRAIN
WH002,2018-09-01,West,58.6043,12.0,947.0,98.6884,TRAIN
WH003,2018-09-01,Central,49.0299,7.0,1195.0,92.3472,TRAIN
WH003,2018-09-01,East,58.3771,41.0,187.0,94.9488,TRAIN
WH003,2018-09-01,North,58.9957,11.0,1216.0,93.5568,TRAIN
WH004,2018-09-01,West,50.1463,20.0,1724.0,85.6941,TRAIN
WH004,2018-09-01,Central,46.8876,31.0,1719.0,85.5642,TRAIN
WH004,2018-09-01,West,49.4656,32.0,828.0,95.5429,TRAIN
WH005,2018-09-01,North,46.5623,6.0,865.0,87.6732,TRAIN
WH005,2018-09-01,West,51.1587,,263.0,93.6422,TRAIN
WH005,2018-09-01,North,55.2955,23.0,1778.0,97.9275,TRAIN
WH006,2018-09-01,South,47.9964,16.0,900.0,92.9323,TRAIN
WH006,2018-09-01,East,54.3952,30.0,2154.0,90.5795,TRAIN
WH006,2018-09-01,South,46.9175,35.0,1276.0,87.5258,TRAIN
WH007,2018-09-01,West,54.4578,,396.0,,TRAIN
WH007,2018-09-01,East,48.716,32.0,551.0,86.1217,TRAIN
WH007,2018-09-01,South,50.1213,33.0,175.0,94.7147,TRAIN
WH008,2018-09-01,South,58.3641,18.0,155.0,93.7505,TRAIN
WH008,2018-09-01,West,50.7105,28.0,2280.0,86.9345,TRAIN
WH008,2018-09-01,Central,45.9317,22.0,1232.0,98.4224,TRAIN
WH009,2018-09-01,North,50.1598,22.0,1331.0,95.3963,TRAIN
WH009,2018-09-01,North,45.9063,34.0,2043.0,86.5418,TRAIN
WH009,2018-09-01,West,53.1478,16.0,,96.7568,TRAIN
WH010,2018-09-01,North,46.2757,40.0,2218.0,86.785,TRAIN
WH010,2018-09-01,South,47.1663,18.0,2483.0,88.9039,TRAIN
WH010,2018-09-01,South,51.8886,41.0,1006.0,86.3442,TRAIN
WH011,2018-09-01,East,46.93,27.0,266.0,98.5115,TRAIN
WH011,2018-09-01,North,54.6411,34.0,,91.8212,TRAIN
WH011,2018-09-01,Central,52.2236,25.0,2250.0,91.6591,TRAIN
WH012,2018-09-01,South,57.8155,39.0,269.0,97.3291,TRAIN
WH012,2018-09-01,East,,20.0,1953.0,88.5533,TRAIN
WH012,2018-09-01,East,53.9578,38.0,,87.4663,TRAIN
WH013,2018-09-01,North,45.02,25.0,334.0,89.319,TRAIN
WH013,2018-09-01,West,50.5754,43.0,775.0,90.9717,TRAIN
WH013,2018-09-01,Central,52.3767,12.0,713.0,87.0107,TRAIN
WH014,2018-09-01,West,49.2894,25.0,725.0,94.0911,TRAIN
WH014,2018-09-01,East,,14.0,2066.0,91.7427,TRAIN
WH014,2018-09-01,East,53.2678,24.0,2255.0,96.2232,TRAIN
WH015,2018-09-01,Central,48.8637,10.0,1373.0,90.3238,TRAIN
WH015,2018-09-01,East,53.0548,35.0,1203.0,87.6072,TRAIN
WH015,2018-09-01,East,55.1904,5.0,113.0,91.478,TRAIN
WH016,2018-09-01,North,51.3495,21.0,1767.0,90.931,TRAIN
WH016,2018-09-01,Central,53.7658,37.0,135.0,86.4794,TRAIN
WH016,2018-09-01,North,59.9227,11.0,,92.9423,TRAIN
WH017,2018-09-01,Central,56.7299,31.0,1905.0,89.819,TRAIN
WH017,2018-09-01,Central,46.1288,23.0,942.0,96.143,TRAIN
WH017,2018-09-01,West,46.886,17.0,631.0,96.2724,TRAIN
WH018,2018-09-01,North,46.3045,14.0,1803.0,95.0453,TRAIN
WH018,2018-09-01,North,48.8543,18.0,1089.0,88.9215,TRAIN
WH018,2018-09-01,South,50.498,8.0,261.0,87.9182,TRAIN
WH019,2018-09-01,South,48.2031,41.0,1405.0,94.4349,TRAIN
WH019,2018-09-01,Central,57.5286,31.0,1103.0,92.8546,TRAIN
WH019,2018-09-01,South,,30.0,2036.0,85.0142,TRAIN
WH020,2018-09-01,East,53.8678,41.0,217.0,97.2716,TRAIN
WH020,2018-09-01,East,46.7067,31.0,337.0,92.7488,TRAIN
WH020,2018-09-01,Central,45.3275,,1647.0,92.2429,TRAIN
WH021,2018-09-01,South,51.6124,30.0,1577.0,95.9894,TRAIN
WH021,2018-09-01,Central,51.7412,12.0,1384.0,98.7645,TRAIN
WH021,2018-09-01,South,49.3425,23.0,412.0,85.8199,TRAIN
WH022,2018-09-01,East,59.6773,6.0,181.0,98.5707,TRAIN
WH022,2018-09-01,West,47.1918,27.0,1200.0,95.2234,TRAIN
WH022,2018-09-01,West,47.3834,17.0,2426.0,85.2866,TRAIN
WH023,2018-09-01,North,53.6264,17.0,1205.0,94.0266,TRAIN
WH023,2018-09-01,West,56.5701,22.0,1065.0,89.7132,TRAIN
WH023,2018-09-01,West,47.4317,40.0,2019.0,98.9414,TRAIN
WH024,2018-09-01,South,59.6602,26.0,1682.0,95.1355,TRAIN
WH024,2018-09-01,Central,53.3407,39.0,464.0,94.1029,TRAIN
WH024,2018-09-01,North,51.7187,10.0,691.0,89.9391,TRAIN
WH025,2018-09-01,West,50.9744,25.0,648.0,85.2954,TRAIN
WH025,2018-09-01,East,50.0554,13.0,,96.0305,TRAIN
WH025,2018-09-01,East,55.0754,17.0,164.0,85.8048,TRAIN
WH026,2018-09-01,Central,53.4285,36.0,720.0,95.5039,TRAIN
WH026,2018-09-01,East,47.6433,11.0,1177.0,96.844,TRAIN
WH026,2018-09-01,South,55.5317,37.0,1909.0,88.2849,TRAIN
WH027,2018-09-01,East,55.9679,6.0,1419.0,86.9908,TRAIN
WH027,2018-09-01,Central,51.9281,35.0,363.0,98.3762,TRAIN
WH027,2018-09-01,West,45.5697,20.0,979.0,92.514,TRAIN
WH028,2018-09-01,North,58.6151,38.0,1365.0,97.3719,TRAIN
WH028,2018-09-01,East,53.9075,20.0,2430.0,91.3189,TRAIN
WH028,2018-09-01,North,48.4802,36.0,334.0,86.779,TRAIN
WH029,2018-09-01,West,48.2667,8.0,1893.0,97.1029,TRAIN
WH029,2018-09-01,West,58.9888,11.0,2246.0,96.3265,TRAIN
WH029,2018-09-01,Central,56.7518,33.0,1278.0,96.7127,TRAIN
WH030,2018-09-01,Central,58.4751,26.0,,88.5842,TRAIN
WH030,2018-09-01,North,46.0702,5.0,1313.0,95.6508,TRAIN
WH030,2018-09-01,North,56.0775,41.0,1083.0,89.0841,TRAIN
WH031,2018-09-01,West,,14.0,1811.0,94.1641,TRAIN
WH031,2018-09-01,North,47.8692,44.0,1153.0,89.591,TRAIN
WH031,2018-09-01,South,59.3888,24.0,1118.0,85.1315,TRAIN
WH032,2018-09-01,North,55.8085,29.0,977.0,94.0977,TRAIN
WH032,2018-09-01,Central,58.9972,40.0,837.0,96.9334,TRAIN
WH032,2018-09-01,Central,57.2944,19.0,2424.0,96.9164,TRAIN
WH033,2018-09-01,North,53.2147,32.0,1691.0,96.3324,TRAIN
WH033,2018-09-01,East,52.3127,18.0,354.0,91.5844,TRAIN
WH033,2018-09-01,West,49.4304,21.0,113.0,85.2917,TRAIN
WH034,2018-09-01,West,59.6134,,2398.0,85.2408,TRAIN
WH034,2018-09-01,Central,45.9261,33.0,1801.0,89.034,TRAIN
WH034,2018-09-01,South,57.0165,38.0,264.0,,TRAIN
WH035,2018-09-01,South,55.0,12.0,1073.0,88.7654,TRAIN
WH035,2018-09-01,South,59.2521,16.0,475.0,98.5041,TRAIN
WH035,2018-09-01,East,59.739,32.0,1122.0,94.9636,TRAIN
WH036,2018-09-01,North,45.1798,30.0,2268.0,85.2949,TRAIN
WH036,2018-09-01,East,56.1887,16.0,592.0,96.0257,TRAIN
WH036,2018-09-01,Central,47.101,6.0,907.0,98.1888,TRAIN
WH037,2018-09-01,East,55.9272,29.0,1099.0,91.8,TRAIN
WH037,2018-09-01,East,56.686,15.0,965.0,89.6337,TRAIN
WH037,2018-09-01,South,50.0547,23.0,604.0,88.5902,TRAIN
WH038,2018-09-01,West,59.6253,36.0,209.0,91.9334,TRAIN
WH038,2018-09-01,South,49.1679,,573.0,88.407,TRAIN
WH038,2018-09-01,South,52.2845,38.0,711.0,88.2172,TRAIN
WH039,2018-09-01,North,45.0747,5.0,1142.0,92.3342,TRAIN
WH039,2018-09-01,East,58.4695,11.0,2114.0,85.7987,TRAIN
WH039,2018-09-01,West,50.374,40.0,388.0,93.5054,TRAIN
WH040,2018-09-01,Central,55.8235,8.0,1579.0,93.6758,TRAIN
WH040,2018-09-01,West,50.7495,32.0,1130.0,86.529,TRAIN
WH040,2018-09-01,South,49.2621,26.0,623.0,93.0245,TRAIN
WH041,2018-09-01,North,45.7723,31.0,2097.0,94.7082,TRAIN
WH041,2018-09-01,East,55.1911,28.0,281.0,98.5224,TRAIN
WH041,2018-09-01,West,56.8846,19.0,2235.0,93.9356,TRAIN
WH042,2018-09-01,West,55.3112,,,88.3951,TRAIN
WH042,2018-09-01,West,55.3075,5.0,1496.0,91.6943,TRAIN
WH042,2018-09-01,West,45.3898,16.0,935.0,89.9049,TRAIN
WH043,2018-09-01,North,55.2386,31.0,,88.9905,TRAIN
WH043,2018-09-01,East,52.1334,16.0,1929.0,86.4119,TRAIN
WH043,2018-09-01,South,52.3613,39.0,913.0,87.0044,TRAIN
WH044,2018-09-01,North,58.0971,24.0,2422.0,91.462,TRAIN
WH044,2018-09-01,East,54.4089,20.0,1809.0,94.7206,TRAIN
WH044,2018-09-01,North,57.7434,11.0,1281.0,97.0605,TRAIN
WH045,2018-09-01,South,47.6629,19.0,304.0,94.1321,TRAIN
WH045,2018-09-01,East,47.0157,7.0,1187.0,94.6709,TRAIN
WH045,2018-09-01,Central,56.9553,20.0,494.0,86.1825,TRAIN
WH046,2018-09-01,East,52.994,17.0,755.0,95.9513,TRAIN
WH046,2018-09-01,South,50.5409,28.0,145.0,96.5373,TRAIN
WH046,2018-09-01,East,52.9521,7.0,308.0,88.6341,TRAIN
WH047,2018-09-01,West,47.4762,30.0,2213.0,97.0264,TRAIN
WH047,2018-09-01,East,54.9113,13.0,487.0,85.6912,TRAIN
WH047,2018-09-01,East,49.4375,26.0,1150.0,88.8631,TRAIN
WH048,2018-09-01,South,56.9395,42.0,689.0,94.9102,TRAIN
WH048,2018-09-01,East,45.8756,25.0,223.0,97.7849,TRAIN
WH048,2018-09-01,East,49.7653,40.0,558.0,95.3182,TRAIN
WH049,2018-09-01,East,46.1987,5.0,2015.0,86.0585,TRAIN
WH049,2018-09-01,South,48.276,15.0,2162.0,98.4163,TRAIN
WH049,2018-09-01,East,58.7758,22.0,285.0,92.5081,TRAIN
WH050,2018-09-01,West,53.4087,24.0,1964.0,87.5186,TRAIN
WH050,2018-09-01,West,50.4482,17.0,2034.0,93.1853,TRAIN
WH050,2018-09-01,West,54.3559,33.0,822.0,91.2662,TRAIN
WH001,2018-10-01,South,48.9871,9.0,635.0,97.1886,TRAIN
WH001,2018-10-01,Central,42.2742,25.0,2022.0,85.1856,TRAIN
WH001,2018-10-01,North,72.9142,17.0,,88.6544,TRAIN
WH002,2018-10-01,Central,68.467,34.0,2410.0,95.713,TRAIN
WH002,2018-10-01,Central,80.883,44.0,720.0,93.2663,TRAIN
WH002,2018-10-01,North,44.4815,35.0,1617.0,89.9912,TRAIN
WH003,2018-10-01,North,57.3034,12.0,1657.0,98.3988,TRAIN
WH003,2018-10-01,Central,81.1793,39.0,1771.0,90.4354,TRAIN
WH003,2018-10-01,South,74.64,22.0,337.0,89.5003,TRAIN
WH004,2018-10-01,East,53.4619,18.0,275.0,92.8701,TRAIN
WH004,2018-10-01,West,59.7883,43.0,748.0,88.0331,TRAIN
WH004,2018-10-01,West,89.9845,6.0,1762.0,97.2751,TRAIN
WH005,2018-10-01,East,96.1293,5.0,1070.0,92.5148,TRAIN
WH005,2018-10-01,North,84.6593,15.0,2463.0,90.8151,TRAIN
WH005,2018-10-01,East,89.6062,17.0,435.0,96.8764,TRAIN
WH006,2018-10-01,North,46.7464,32.0,1436.0,92.7891,TRAIN
WH006,2018-10-01,West,91.381,7.0,367.0,89.8965,TRAIN
WH006,2018-10-01,Central,85.1427,10.0,476.0,91.2706,TRAIN
WH007,2018-10-01,Central,96.7953,6.0,1172.0,88.9652,TRAIN
WH007,2018-10-01,Central,74.0873,18.0,1003.0,89.8942,TRAIN
WH007,2018-10-01,West,69.3533,26.0,1418.0,91.2608,TRAIN
WH008,2018-10-01,East,78.5365,20.0,639.0,87.9189,TRAIN
WH008,2018-10-01,North,54.1078,24.0,1745.0,94.5751,TRAIN
WH008,2018-10-01,Central,,20.0,2372.0,97.5853,TRAIN
WH009,2018-10-01,Central,76.9466,34.0,1281.0,85.6492,TRAIN
WH009,2018-10-01,East,58.5514,35.0,967.0,92.9335,TRAIN
WH009,2018-10-01,Central,53.9812,20.0,879.0,88.3104,TRAIN
WH010,2018-10-01,South,76.2458,19.0,1623.0,95.5657,TRAIN
WH010,2018-10-01,South,68.1587,,461.0,92.0594,TRAIN
WH010,2018-10-01,West,78.5547,11.0,1103.0,85.5693,TRAIN
WH011,2018-10-01,South,86.1137,37.0,286.0,87.5044,TRAIN
WH011,2018-10-01,South,55.7248,13.0,2068.0,96.2865,TRAIN
WH011,2018-10-01,East,43.4033,33.0,499.0,90.3219,TRAIN
WH012,2018-10-01,North,61.632,43.0,2174.0,97.2884,TRAIN
WH012,2018-10-01,North,96.2121,22.0,1036.0,85.7248,TRAIN
WH012,2018-10-01,South,75.2674,22.0,1697.0,95.1006,TRAIN
WH013,2018-10-01,East,79.4367,44.0,2087.0,90.0985,TRAIN
WH013,2018-10-01,Central,85.1156,20.0,1814.0,95.972,TRAIN
WH013,2018-10-01,East,52.986,43.0,1829.0,90.7973,TRAIN
WH014,2018-10-01,North,78.2184,43.0,1041.0,92.8721,TRAIN
WH014,2018-10-01,North,80.5537,,1140.0,93.8071,TRAIN
WH014,2018-10-01,North,57.2224,12.0,2489.0,97.3555,TRAIN
WH015,2018-10-01,South,64.2634,15.0,341.0,95.4759,TRAIN
WH015,2018-10-01,East,40.9827,24.0,176.0,85.5418,TRAIN
WH015,2018-10-01,Central,57.5118,24.0,1518.0,95.4499,TRAIN
WH016,2018-10-01,Central,96.9348,43.0,668.0,94.2789,TRAIN
WH016,2018-10-01,East,53.3351,8.0,1350.0,94.5337,TRAIN
WH016,2018-10-01,North,64.8285,24.0,2428.0,89.5084,TRAIN
WH017,2018-10-01,West,71.729,31.0,203.0,,TRAIN
WH017,2018-10-01,North,86.6194,44.0,306.0,98.9918,TRAIN
WH017,2018-10-01,North,81.1112,28.0,1120.0,96.8983,TRAIN
WH018,2018-10-01,West,81.2326,41.0,379.0,87.7552,TRAIN
WH018,2018-10-01,West,58.0225,28.0,2038.0,85.8601,TRAIN
WH018,2018-10-01,East,61.3969,32.0,1231.0,89.3301,TRAIN
WH019,2018-10-01,West,79.5627,20.0,2391.0,94.0591,TRAIN
WH019,2018-10-01,South,40.0723,18.0,588.0,98.8391,TRAIN
WH019,2018-10-01,South,63.808,18.0,1921.0,90.8076,TRAIN
WH020,2018-10-01,East,66.399,12.0,1597.0,96.1758,TRAIN
WH020,2018-10-01,East,93.0991,6.0,549.0,94.024,TRAIN
WH020,2018-10-01,East,73.7,15.0,247.0,88.4253,TRAIN
WH021,2018-10-01,North,62.077,27.0,1377.0,98.1937,TRAIN
WH021,2018-10-01,South,50.3349,18.0,653.0,98.7134,TRAIN
WH021,2018-10-01,East,89.5018,13.0,1634.0,87.1254,TRAIN
WH022,2018-10-01,North,66.0583,12.0,583.0,89.3527,TRAIN
WH022,2018-10-01,West,94.905,13.0,393.0,89.5558,TRAIN
WH022,2018-10-01,East,57.9579,10.0,1277.0,,TRAIN
WH023,2018-10-01,North,69.2793,23.0,1925.0,92.3006,TRAIN
WH023,2018-10-01,South,73.9188,18.0,1691.0,85.227,TRAIN
WH023,2018-10-01,Central,94.5338,31.0,149.0,94.2093,TRAIN
WH024,2018-10-01,South,79.5043,34.0,1261.0,85.7738,TRAIN
WH024,2018-10-01,West,91.3952,14.0,1531.0,88.788,TRAIN
WH024,2018-10-01,South,92.1348,37.0,1992.0,97.1168,TRAIN
WH025,2018-10-01,East,73.4691,43.0,362.0,85.8192,TRAIN
WH025,2018-10-01,North,97.6926,43.0,542.0,88.9234,TRAIN
WH025,2018-10-01,Central,67.2958,17.0,484.0,86.7869,TRAIN
WH026,2018-10-01,East,70.629,12.0,1630.0,95.789,TRAIN
WH026,2018-10-01,South,61.4265,31.0,1342.0,85.5396,TRAIN
WH026,2018-10-01,South,95.1115,,441.0,90.682,TRAIN
WH027,2018-10-01,North,73.0463,22.0,1796.0,,TRAIN
WH027,2018-10-01,West,93.0521,,1550.0,91.4613,TRAIN
WH027,2018-10-01,West,95.5808,29.0,321.0,94.6397,TRAIN
WH028,2018-10-01,Central,91.1913,38.0,2495.0,85.3946,TRAIN
WH028,2018-10-01,East,80.6804,,2477.0,92.9065,TRAIN
WH028,2018-10-01,West,42.3877,15.0,2297.0,92.7413,TRAIN
WH029,2018-10-01,North,96.3897,9.0,1369.0,97.5857,TRAIN
WH029,2018-10-01,Central,41.5952,,2275.0,90.3987,TRAIN
WH029,2018-10-01,West,45.3669,17.0,2067.0,87.1204,TRAIN
WH030,2018-10-01,East,60.5413,17.0,636.0,94.5753,TRAIN
WH030,2018-10-01,Central,40.0765,26.0,1503.0,85.8322,TRAIN
WH030,2018-10-01,Central,83.7697,19.0,523.0,88.4499,TRAIN
WH031,2018-10-01,North,91.2755,11.0,788.0,94.0171,TRAIN
WH031,2018-10-01,North,88.0364,19.0,1144.0,88.2398,TRAIN
WH031,2018-10-01,East,90.6386,7.0,1499.0,85.5076,TRAIN
WH032,2018-10-01,North,95.0558,44.0,605.0,87.2944,TRAIN
WH032,2018-10-01,East,91.3955,9.0,2242.0,95.7987,TRAIN
WH032,2018-10-01,North,,41.0,1169.0,89.5345,TRAIN
WH033,2018-10-01,East,83.4785,18.0,824.0,95.5999,TRAIN
WH033,2018-10-01,West,78.6905,36.0,1710.0,86.5164,TRAIN
WH033,2018-10-01,North,93.6703,26.0,154.0,87.9035,TRAIN
WH034,2018-10-01,West,61.0207,,1312.0,87.3921,TRAIN
WH034,2018-10-01,East,63.2521,38.0,828.0,87.2606,TRAIN
WH034,2018-10-01,North,86.0664,14.0,701.0,85.5923,TRAIN
WH035,2018-10-01,East,83.8432,27.0,343.0,97.255,TRAIN
WH035,2018-10-01,East,95.9614,10.0,1227.0,90.5548,TRAIN
WH035,2018-10-01,East,63.9136,29.0,764.0,87.7749,TRAIN
WH036,2018-10-01,East,88.3313,11.0,925.0,86.2776,TRAIN
WH036,2018-10-01,East,89.0232,34.0,2308.0,89.8441,TRAIN
WH036,2018-10-01,Central,44.7085,40.0,693.0,97.5566,TRAIN
WH037,2018-10-01,Central,90.8278,28.0,2477.0,94.3878,TRAIN
WH037,2018-10-01,South,76.4802,43.0,1846.0,86.2322,TRAIN
WH037,2018-10-01,East,56.7928,25.0,1798.0,88.8546,TRAIN
WH038,2018-10-01,South,71.4387,29.0,2003.0,89.6177,TRAIN
WH038,2018-10-01,North,,37.0,813.0,92.7941,TRAIN
WH038,2018-10-01,West,59.8078,11.0,842.0,96.0602,TRAIN
WH039,2018-10-01,South,81.6187,44.0,1192.0,98.657,TRAIN
WH039,2018-10-01,South,95.4461,40.0,1603.0,90.1569,TRAIN
WH039,2018-10-01,South,76.8342,31.0,2175.0,98.7053,TRAIN
WH040,2018-10-01,Central,76.8777,37.0,942.0,95.7322,TRAIN
WH040,2018-10-01,South,52.2871,24.0,1850.0,87.7496,TRAIN
WH040,2018-10-01,South,50.2396,42.0,1515.0,94.7266,TRAIN
WH041,2018-10-01,Central,91.1066,40.0,1869.0,92.2955,TRAIN
WH041,2018-10-01,West,81.1359,44.0,796.0,97.0454,TRAIN
WH041,2018-10-01,Central,92.0713,8.0,1200.0,86.0074,TRAIN
WH042,2018-10-01,West,52.2447,36.0,1362.0,94.1554,TRAIN
WH042,2018-10-01,East,71.4619,17.0,1184.0,,TRAIN
WH042,2018-10-01,South,68.8241,42.0,498.0,90.0469,TRAIN
WH043,2018-10-01,South,74.5954,35.0,538.0,93.5881,TRAIN
WH043,2018-10-01,West,58.384,43.0,1792.0,95.5569,TRAIN
WH043,2018-10-01,Central,96.575,43.0,1744.0,88.8517,TRAIN
WH044,2018-10-01,East,74.7131,12.0,262.0,93.1313,TRAIN
WH044,2018-10-01,North,90.5918,7.0,1891.0,89.7568,TRAIN
WH044,2018-10-01,South,78.5582,27.0,1946.0,90.136,TRAIN
WH045,2018-10-01,Central,80.6577,9.0,109.0,87.6564,TRAIN
WH045,2018-10-01,South,91.2544,22.0,1922.0,90.0447,TRAIN
WH045,2018-10-01,West,95.2038,11.0,1780.0,97.2795,TRAIN
WH046,2018-10-01,Central,76.6505,28.0,1753.0,92.9971,TRAIN
WH046,2018-10-01,North,61.7736,10.0,959.0,85.9604,TRAIN
WH046,2018-10-01,North,97.4649,18.0,1961.0,95.701,TRAIN
WH047,2018-10-01,East,56.2153,34.0,744.0,90.7565,TRAIN
WH047,2018-10-01,West,44.2762,9.0,247.0,85.5054,TRAIN
WH047,2018-10-01,West,78.4017,41.0,1131.0,97.3351,TRAIN
WH048,2018-10-01,Central,58.6379,11.0,2184.0,86.1902,TRAIN
WH048,2018-10-01,West,,13.0,1777.0,92.7873,TRAIN
WH048,2018-10-01,South,58.6306,6.0,908.0,88.122,TRAIN
WH049,2018-10-01,South,52.3508,37.0,454.0,87.196,TRAIN
WH049,2018-10-01,Central,,25.0,2280.0,96.9201,TRAIN
WH049,2018-10-01,Central,92.8263,21.0,1202.0,97.4099,TRAIN
WH050,2018-10-01,Central,83.1063,17.0,220.0,85.2613,TRAIN
WH050,2018-10-01,West,90.9708,12.0,1930.0,86.1958,TRAIN
WH050,2018-10-01,South,69.9191,18.0,1882.0,89.7242,TRAIN
WH001,2018-11-01,North,41.9527,,1156.0,87.003,TRAIN
WH001,2018-11-01,Central,83.4707,12.0,313.0,98.1061,TRAIN
WH001,2018-11-01,East,61.7324,38.0,533.0,92.2842,TRAIN
WH002,2018-11-01,Central,46.611,7.0,935.0,96.0348,TRAIN
WH002,2018-11-01,West,94.5425,44.0,650.0,87.1878,TRAIN
WH002,2018-11-01,South,59.9959,20.0,2461.0,89.0197,TRAIN
WH003,2018-11-01,West,46.7663,23.0,554.0,86.0584,TRAIN
WH003,2018-11-01,North,54.4269,17.0,1575.0,96.8558,TRAIN
WH003,2018-11-01,South,83.1206,35.0,2384.0,93.9884,TRAIN
WH004,2018-11-01,North,90.5252,34.0,1121.0,98.1655,TRAIN
WH004,2018-11-01,East,67.1309,26.0,1628.0,93.42,TRAIN
WH004,2018-11-01,South,70.5777,41.0,808.0,95.3469,TRAIN
WH005,2018-11-01,West,63.9836,14.0,2287.0,85.7543,TRAIN
WH005,2018-11-01,Central,69.5264,7.0,1369.0,90.044,TRAIN
WH005,2018-11-01,East,93.8039,43.0,904.0,85.303,TRAIN
WH006,2018-11-01,North,87.2631,23.0,1778.0,94.3709,TRAIN
WH006,2018-11-01,West,92.1947,26.0,2242.0,86.816,TRAIN
WH006,2018-11-01,East,96.9531,11.0,1142.0,98.3602,TRAIN
WH007,2018-11-01,North,59.9986,40.0,1059.0,93.0522,TRAIN
WH007,2018-11-01,Central,48.8654,12.0,421.0,91.6359,TRAIN
WH007,2018-11-01,Central,43.5508,24.0,1692.0,94.5615,TRAIN
WH008,2018-11-01,East,83.4472,17.0,1049.0,97.7725,TRAIN
WH008,2018-11-01,Central,41.8816,34.0,504.0,98.4581,TRAIN
WH008,2018-11-01,Central,72.2693,34.0,1179.0,85.5303,TRAIN
WH009,2018-11-01,Central,50.7974,21.0,878.0,96.3141,TRAIN
WH009,2018-11-01,East,78.1507,11.0,,96.9996,TRAIN
WH009,2018-11-01,Central,96.1706,18.0,1181.0,85.0058,TRAIN
WH010,2018-11-01,North,71.6937,,1258.0,95.8533,TRAIN
WH010,2018-11-01,Central,59.7056,23.0,1016.0,90.3233,TRAIN
WH010,2018-11-01,West,75.1623,24.0,1855.0,90.8048,TRAIN
WH011,2018-11-01,Central,97.3297,28.0,777.0,89.0328,TRAIN
WH011,2018-11-01,West,45.3907,6.0,252.0,89.9064,TRAIN
WH011,2018-11-01,East,54.7648,9.0,2449.0,91.6231,TRAIN
WH012,2018-11-01,East,53.5829,41.0,1832.0,,TRAIN
WH012,2018-11-01,North,65.1187,11.0,806.0,88.5115,TRAIN
WH012,2018-11-01,East,91.1002,44.0,1408.0,87.8208,TRAIN
WH013,2018-11-01,East,42.566,44.0,1462.0,94.5793,TRAIN
WH013,2018-11-01,East,49.3765,36.0,1003.0,98.5482,TRAIN
WH013,2018-11-01,East,49.9727,16.0,1108.0,89.9184,TRAIN
WH014,2018-11-01,North,68.9252,19.0,267.0,95.3549,TRAIN
WH014,2018-11-01,West,93.1347,38.0,,87.5928,TRAIN
WH014,2018-11-01,West,73.8114,35.0,329.0,93.3791,TRAIN
WH015,2018-11-01,East,46.8091,13.0,1763.0,96.4691,TRAIN
WH015,2018-11-01,East,74.1115,23.0,2083.0,97.9547,TRAIN
WH015,2018-11-01,North,91.76,11.0,1591.0,96.008,TRAIN
WH016,2018-11-01,West,59.0148,24.0,1430.0,88.8816,TRAIN
WH016,2018-11-01,North,76.8463,29.0,1227.0,94.3572,TRAIN
WH016,2018-11-01,South,76.0896,27.0,1321.0,90.7874,TRAIN
WH017,2018-11-01,East,49.8327,29.0,375.0,95.5368,TRAIN
WH017,2018-11-01,South,78.4652,19.0,1524.0,90.6038,TRAIN
WH017,2018-11-01,East,54.2486,28.0,291.0,93.8451,TRAIN
WH018,2018-11-01,South,58.9975,30.0,582.0,93.639,TRAIN
WH018,2018-11-01,East,66.1275,42.0,851.0,95.4288,TRAIN
WH018,2018-11-01,North,57.9303,36.0,103.0,94.2517,TRAIN
WH019,2018-11-01,Central,70.5838,,2468.0,87.3435,TRAIN
WH019,2018-11-01,West,82.7365,44.0,1631.0,97.8654,TRAIN
WH019,2018-11-01,South,95.6461,13.0,944.0,89.2705,TRAIN
WH020,2018-11-01,East,56.9396,35.0,1196.0,93.0591,TRAIN
WH020,2018-11-01,East,79.9457,26.0,193.0,87.943,TRAIN
WH020,2018-11-01,Central,47.487,37.0,780.0,89.3809,TRAIN
WH021,2018-11-01,West,,26.0,1624.0,93.8094,TRAIN
WH021,2018-11-01,North,40.4085,36.0,1458.0,93.5683,TRAIN
WH021,2018-11-01,West,65.1009,31.0,475.0,93.3336,TRAIN
WH022,2018-11-01,South,75.3529,17.0,753.0,94.8742,TRAIN
WH022,2018-11-01,West,53.4873,16.0,1014.0,97.1859,TRAIN
WH022,2018-11-01,Central,,6.0,651.0,89.882,TRAIN
WH023,2018-11-01,East,47.8041,31.0,230.0,93.1851,TRAIN
WH023,2018-11-01,South,43.8254,20.0,1110.0,,TRAIN
WH023,2018-11-01,South,79.5534,14.0,2119.0,85.4795,TRAIN
WH024,2018-11-01,South,95.6838,22.0,1232.0,95.5008,TRAIN
WH024,2018-11-01,South,77.569,11.0,2399.0,88.0394,TRAIN
WH024,2018-11-01,North,54.0988,35.0,1129.0,85.9716,TRAIN
WH025,2018-11-01,North,46.7425,9.0,1058.0,96.3645,TRAIN
WH025,2018-11-01,Central,55.9321,23.0,1651.0,89.2273,TRAIN
WH025,2018-11-01,South,90.1362,38.0,2372.0,90.0123,TRAIN
WH026,2018-11-01,South,54.4626,,1084.0,85.3749,TRAIN
WH026,2018-11-01,East,77.3068,21.0,714.0,,TRAIN
WH026,2018-11-01,Central,47.9971,20.0,921.0,96.6275,TRAIN
WH027,2018-11-01,East,42.4438,19.0,1205.0,95.2242,TRAIN
WH027,2018-11-01,East,49.7791,17.0,2061.0,92.3246,TRAIN
WH027,2018-11-01,South,41.1528,26.0,1806.0,86.1246,TRAIN
WH028,2018-11-01,East,84.8134,35.0,254.0,92.0691,TRAIN
WH028,2018-11-01,North,52.8925,40.0,1690.0,85.5789,TRAIN
WH028,2018-11-01,Central,58.6863,19.0,647.0,96.9527,TRAIN
WH029,2018-11-01,East,40.1903,13.0,1186.0,96.1054,TRAIN
WH029,2018-11-01,North,69.5623,42.0,1007.0,92.8236,TRAIN
WH029,2018-11-01,East,47.4315,18.0,1819.0,92.6914,TRAIN
WH030,2018-11-01,West,67.1917,28.0,2096.0,89.4927,TRAIN
WH030,2018-11-01,North,84.1489,21.0,1095.0,89.2741,TRAIN
WH030,2018-11-01,East,94.6796,34.0,968.0,96.0214,TRAIN
WH031,2018-11-01,West,48.9715,36.0,662.0,87.8802,TRAIN
WH031,2018-11-01,North,59.6798,13.0,2382.0,93.8737,TRAIN
WH031,2018-11-01,North,91.3145,32.0,2002.0,88.4855,TRAIN
WH032,2018-11-01,South,61.8171,24.0,153.0,88.0247,TRAIN
WH032,2018-11-01,Central,85.8692,44.0,1572.0,87.7765,TRAIN
WH032,2018-11-01,North,63.9324,38.0,1693.0,96.1987,TRAIN
WH033,2018-11-01,West,40.3373,22.0,1659.0,88.7938,TRAIN
WH033,2018-11-01,Central,70.5178,26.0,1215.0,94.4043,TRAIN
WH033,2018-11-01,South,62.0512,9.0,1331.0,90.9171,TRAIN
WH034,2018-11-01,North,69.6597,13.0,,86.7018,TRAIN
WH034,2018-11-01,Central,62.9165,44.0,122.0,93.1284,TRAIN
WH034,2018-11-01,Central,90.6841,30.0,755.0,89.7365,TRAIN
WH035,2018-11-01,South,63.8278,26.0,1002.0,91.008,TRAIN
WH035,2018-11-01,West,52.6472,17.0,1522.0,86.1876,TRAIN
WH035,2018-11-01,East,68.2749,41.0,2162.0,93.3482,TRAIN
WH036,2018-11-01,Central,94.362,30.0,1410.0,90.253,TRAIN
WH036,2018-11-01,North,65.8872,31.0,2178.0,89.7074,TRAIN
WH036,2018-11-01,Central,69.2761,35.0,,93.9844,TRAIN
WH037,2018-11-01,Central,40.7547,42.0,216.0,86.6943,TRAIN
WH037,2018-11-01,North,54.6548,30.0,1785.0,91.3002,TRAIN
WH037,2018-11-01,West,89.6456,36.0,2356.0,89.4565,TRAIN
WH038,2018-11-01,West,59.5965,28.0,1916.0,85.0362,TRAIN
WH038,2018-11-01,West,69.2448,22.0,231.0,98.3284,TRAIN
WH038,2018-11-01,Central,75.4539,16.0,303.0,86.9479,TRAIN
WH039,2018-11-01,East,57.5833,,370.0,96.3501,TRAIN
WH039,2018-11-01,South,50.3033,13.0,2296.0,89.4512,TRAIN
WH039,2018-11-01,West,77.8598,21.0,125.0,97.6153,TRAIN
WH040,2018-11-01,East,84.4183,26.0,1547.0,97.725,TRAIN
WH040,2018-11-01,East,71.5669,24.0,2138.0,97.7421,TRAIN
WH040,2018-11-01,North,82.5702,14.0,2299.0,91.832,TRAIN
WH041,2018-11-01,South,67.3342,40.0,301.0,94.7544,TRAIN
WH041,2018-11-01,West,61.3712,24.0,1997.0,98.6709,TRAIN
WH041,2018-11-01,North,77.7473,27.0,903.0,85.4571,TRAIN
WH042,2018-11-01,Central,55.1438,38.0,1158.0,95.8214,TRAIN
WH042,2018-11-01,North,,13.0,559.0,94.9027,TRAIN
WH042,2018-11-01,Central,43.467,43.0,792.0,85.906,TRAIN
WH043,2018-11-01,West,56.3237,33.0,1705.0,85.8383,TRAIN
WH043,2018-11-01,South,49.7567,12.0,1789.0,90.7123,TRAIN
WH043,2018-11-01,East,86.298,28.0,352.0,90.9276,TRAIN
WH044,2018-11-01,North,95.5443,14.0,2431.0,93.1203,TRAIN
WH044,2018-11-01,North,43.227,14.0,1810.0,93.3053,TRAIN
WH044,2018-11-01,West,46.9333,6.0,915.0,90.4215,TRAIN
WH045,2018-11-01,East,52.75,7.0,286.0,89.5784,TRAIN
WH045,2018-11-01,West,44.0035,,2309.0,88.9495,TRAIN
WH045,2018-11-01,West,78.3789,9.0,155.0,91.9794,TRAIN
WH046,2018-11-01,North,57.2285,10.0,1204.0,85.1849,TRAIN
WH046,2018-11-01,West,83.7939,19.0,489.0,97.3951,TRAIN
WH046,2018-11-01,Central,92.6807,18.0,1855.0,86.8229,TRAIN
WH047,2018-11-01,West,56.9729,27.0,476.0,89.7223,TRAIN
WH047,2018-11-01,Central,95.2777,43.0,1778.0,87.8026,TRAIN
WH047,2018-11-01,South,43.9828,27.0,2489.0,88.6016,TRAIN
WH048,2018-11-01,Central,81.9486,42.0,941.0,90.4153,TRAIN
WH048,2018-11-01,East,45.9514,28.0,1774.0,95.0191,TRAIN
WH048,2018-11-01,North,84.3561,44.0,1663.0,90.9882,TRAIN
WH049,2018-11-01,South,91.3626,43.0,1083.0,98.0215,TRAIN
WH049,2018-11-01,North,71.5617,13.0,1524.0,88.3166,TRAIN
WH049,2018-11-01,North,68.5378,30.0,1293.0,90.2733,TRAIN
WH050,2018-11-01,South,91.816,13.0,178.0,86.7495,TRAIN
WH050,2018-11-01,Central,43.1482,28.0,812.0,,TRAIN
WH050,2018-11-01,North,66.4515,39.0,182.0,93.8372,TRAIN
WH001,2018-12-01,West,78.8369,35.0,177.0,98.147,TRAIN
WH001,2018-12-01,North,51.4316,39.0,1476.0,87.5471,TRAIN
WH001,2018-12-01,South,,9.0,2454.0,97.0191,TRAIN
WH002,2018-12-01,North,41.5567,35.0,1957.0,96.8634,TRAIN
WH002,2018-12-01,South,52.0907,39.0,1146.0,91.2705,TRAIN
WH002,2018-12-01,South,64.3471,9.0,1678.0,95.7113,TRAIN
WH003,2018-12-01,North,55.105,13.0,1031.0,90.4933,TRAIN
WH003,2018-12-01,North,96.3249,8.0,1752.0,85.0493,TRAIN
WH003,2018-12-01,South,97.2709,15.0,1437.0,85.518,TRAIN
WH004,2018-12-01,East,75.4933,7.0,1173.0,85.808,TRAIN
WH004,2018-12-01,West,83.7425,11.0,1317.0,91.6098,TRAIN
WH004,2018-12-01,West,42.5639,37.0,1012.0,98.1565,TRAIN
WH005,2018-12-01,East,61.516,15.0,429.0,91.1765,TRAIN
WH005,2018-12-01,South,48.3883,15.0,2478.0,97.6874,TRAIN
WH005,2018-12-01,Central,58.3609,33.0,2107.0,92.941,TRAIN
WH006,2018-12-01,North,40.4289,6.0,1525.0,,TRAIN
WH006,2018-12-01,South,57.1908,9.0,1547.0,92.5669,TRAIN
WH006,2018-12-01,East,74.3204,10.0,1244.0,96.142,TRAIN
WH007,2018-12-01,South,78.9703,12.0,198.0,88.7518,TRAIN
WH007,2018-12-01,East,73.9469,8.0,932.0,87.1959,TRAIN
WH007,2018-12-01,Central,67.3867,41.0,201.0,88.1558,TRAIN
WH008,2018-12-01,West,45.0696,30.0,2298.0,97.5177,TRAIN
WH008,2018-12-01,East,58.8528,41.0,1953.0,87.7352,TRAIN
WH008,2018-12-01,West,68.1158,12.0,905.0,95.3203,TRAIN
WH009,2018-12-01,Central,90.3851,10.0,1307.0,92.1689,TRAIN
WH009,2018-12-01,South,82.3066,16.0,839.0,89.6575,TRAIN
WH009,2018-12-01,Central,92.4699,23.0,2395.0,96.0351,TRAIN
WH010,2018-12-01,Central,68.2991,16.0,931.0,94.5372,TRAIN
WH010,2018-12-01,West,86.8655,32.0,798.0,93.8167,TRAIN
WH010,2018-12-01,East,91.7747,39.0,,91.7049,TRAIN
WH011,2018-12-01,North,80.7609,27.0,2347.0,89.4254,TRAIN
WH011,2018-12-01,North,55.9216,20.0,1919.0,91.2482,TRAIN
WH011,2018-12-01,Central,83.2123,24.0,799.0,87.7186,TRAIN
WH012,2018-12-01,East,69.2603,7.0,433.0,92.4332,TRAIN
WH012,2018-12-01,North,40.6315,43.0,501.0,87.9545,TRAIN
WH012,2018-12-01,West,88.6104,38.0,1632.0,94.8616,TRAIN
WH013,2018-12-01,West,85.8766,7.0,2343.0,86.7466,TRAIN
WH013,2018-12-01,South,42.3652,31.0,2247.0,93.6333,TRAIN
WH013,2018-12-01,Central,81.2841,38.0,1288.0,88.8631,TRAIN
WH014,2018-12-01,East,42.5036,30.0,1885.0,91.1219,TRAIN
WH014,2018-12-01,South,77.4358,33.0,2323.0,90.3388,TRAIN
WH014,2018-12-01,West,40.3687,14.0,1391.0,98.5092,TRAIN
WH015,2018-12-01,North,44.1381,38.0,471.0,91.2076,TRAIN
WH015,2018-12-01,North,59.2099,5.0,2201.0,96.3057,TRAIN
WH015,2018-12-01,East,61.3606,30.0,1873.0,91.1726,TRAIN
WH016,2018-12-01,Central,52.3549,15.0,2181.0,87.6756,TRAIN
WH016,2018-12-01,West,72.568,37.0,1714.0,,TRAIN
WH016,2018-12-01,North,45.8887,27.0,1891.0,95.8307,TRAIN
WH017,2018-12-01,Central,58.1481,32.0,920.0,92.7253,TRAIN
WH017,2018-12-01,East,87.6493,10.0,1274.0,,TRAIN
WH017,2018-12-01,South,91.7545,7.0,1132.0,87.2189,TRAIN
WH018,2018-12-01,South,81.2079,31.0,1098.0,92.109,TRAIN
WH018,2018-12-01,South,54.7424,39.0,1349.0,94.6891,TRAIN
WH018,2018-12-01,Central,93.5897,15.0,991.0,96.9656,TRAIN
WH019,2018-12-01,East,54.0056,16.0,886.0,88.9406,TRAIN
WH019,2018-12-01,North,48.1795,13.0,1124.0,93.2086,TRAIN
WH019,2018-12-01,West,46.4057,13.0,946.0,87.8658,TRAIN
WH020,2018-12-01,East,87.4467,5.0,1608.0,92.6774,TRAIN
WH020,2018-12-01,West,48.2666,26.0,,85.5144,TRAIN
WH020,2018-12-01,Central,81.023,22.0,2494.0,85.2312,TRAIN
WH021,2018-12-01,South,78.8759,43.0,1694.0,87.7453,TRAIN
WH021,2018-12-01,Central,59.4835,29.0,1615.0,85.2046,TRAIN
WH021,2018-12-01,Central,59.2306,24.0,1241.0,98.3433,TRAIN
WH022,2018-12-01,Central,88.636,41.0,400.0,87.5934,TRAIN
WH022,2018-12-01,East,83.9417,32.0,1607.0,96.3936,TRAIN
WH022,2018-12-01,Central,53.7288,34.0,1511.0,93.558,TRAIN
WH023,2018-12-01,Central,84.1693,42.0,379.0,90.386,TRAIN
WH023,2018-12-01,South,50.5475,27.0,2455.0,95.6999,TRAIN
WH023,2018-12-01,South,51.8205,37.0,1521.0,86.7104,TRAIN
WH024,2018-12-01,North,91.1524,10.0,855.0,86.1444,TRAIN
WH024,2018-12-01,East,40.65,20.0,1636.0,92.0149,TRAIN
WH024,2018-12-01,South,82.577,21.0,211.0,92.9903,TRAIN
WH025,2018-12-01,South,53.8092,25.0,1738.0,90.7031,TRAIN
WH025,2018-12-01,Central,74.3457,21.0,2172.0,97.9369,TRAIN
WH025,2018-12-01,East,94.9939,22.0,1687.0,93.9967,TRAIN
WH026,2018-12-01,Central,40.69,11.0,2459.0,88.2972,TRAIN
WH026,2018-12-01,Central,41.0804,29.0,441.0,89.3744,TRAIN
WH026,2018-12-01,West,55.1452,44.0,162.0,98.8826,TRAIN
WH027,2018-12-01,North,70.9268,36.0,2271.0,86.3383,TRAIN
WH027,2018-12-01,Central,97.8864,6.0,1834.0,93.1681,TRAIN
WH027,2018-12-01,East,61.1078,18.0,1901.0,96.9563,TRAIN
WH028,2018-12-01,West,89.0281,14.0,1794.0,87.2276,TRAIN
WH028,2018-12-01,Central,59.2634,14.0,580.0,86.9438,TRAIN
WH028,2018-12-01,West,79.6759,38.0,622.0,94.7899,TRAIN
WH029,2018-12-01,Central,78.0952,26.0,1927.0,87.0487,TRAIN
WH029,2018-12-01,West,44.0422,21.0,664.0,94.2078,TRAIN
WH029,2018-12-01,South,82.0244,11.0,591.0,89.0435,TRAIN
WH030,2018-12-01,Central,45.4709,10.0,1053.0,85.2514,TRAIN
WH030,2018-12-01,East,96.262,41.0,2005.0,91.0732,TRAIN
WH030,2018-12-01,Central,48.4704,,187.0,87.4981,TRAIN
WH031,2018-12-01,East,70.5914,20.0,465.0,97.4225,TRAIN
WH031,2018-12-01,North,58.3,41.0,766.0,98.5068,TRAIN
WH031,2018-12-01,North,68.2036,7.0,2058.0,90.4459,TRAIN
WH032,2018-12-01,Central,61.1385,13.0,2322.0,94.1809,TRAIN
WH032,2018-12-01,North,,37.0,1256.0,94.2526,TRAIN
WH032,2018-12-01,East,85.1616,21.0,414.0,95.9975,TRAIN
WH033,2018-12-01,East,51.608,36.0,1705.0,96.3674,TRAIN
WH033,2018-12-01,West,44.3953,23.0,698.0,94.9254,TRAIN
WH033,2018-12-01,Central,63.8912,10.0,309.0,85.768,TRAIN
WH034,2018-12-01,East,51.9982,7.0,1913.0,,TRAIN
WH034,2018-12-01,Central,53.9591,39.0,405.0,85.0836,TRAIN
WH034,2018-12-01,South,93.4866,20.0,607.0,90.2377,TRAIN
WH035,2018-12-01,West,78.9772,18.0,738.0,88.0084,TRAIN
WH035,2018-12-01,South,82.8256,17.0,2204.0,96.7721,TRAIN
WH035,2018-12-01,North,60.153,13.0,2111.0,87.5753,TRAIN
WH036,2018-12-01,West,62.3416,33.0,,96.3528,TRAIN
WH036,2018-12-01,North,81.1843,18.0,278.0,89.7929,TRAIN
WH036,2018-12-01,South,90.1793,14.0,2494.0,90.1269,TRAIN
WH037,2018-12-01,South,77.4267,5.0,1020.0,91.2112,TRAIN
WH037,2018-12-01,Central,64.628,36.0,133.0,88.7246,TRAIN
WH037,2018-12-01,East,81.9229,25.0,801.0,85.5564,TRAIN
WH038,2018-12-01,West,66.0683,,2140.0,92.8368,TRAIN
WH038,2018-12-01,South,78.9019,29.0,1329.0,93.6912,TRAIN
WH038,2018-12-01,Central,71.7483,42.0,235.0,94.1367,TRAIN
WH039,2018-12-01,West,74.449,21.0,1177.0,,TRAIN
WH039,2018-12-01,North,78.4822,22.0,487.0,,TRAIN
WH039,2018-12-01,North,88.4705,14.0,993.0,87.6211,TRAIN
WH040,2018-12-01,Central,87.3739,21.0,1819.0,85.0587,TRAIN
WH040,2018-12-01,West,58.5811,6.0,1200.0,91.6099,TRAIN
WH040,2018-12-01,West,65.7746,,1952.0,97.5122,TRAIN
WH041,2018-12-01,North,76.9094,10.0,492.0,,TRAIN
WH041,2018-12-01,East,66.5502,41.0,1167.0,92.6879,TRAIN
WH041,2018-12-01,East,45.2743,14.0,2182.0,90.6482,TRAIN
WH042,2018-12-01,West,92.5149,10.0,1915.0,96.9513,TRAIN
WH042,2018-12-01,West,87.7793,44.0,1281.0,93.5732,TRAIN
WH042,2018-12-01,West,66.1372,16.0,2327.0,90.3854,TRAIN
WH043,2018-12-01,East,92.0949,32.0,324.0,89.9759,TRAIN
WH043,2018-12-01,North,86.4138,14.0,1085.0,98.1006,TRAIN
WH043,2018-12-01,South,64.1526,36.0,677.0,98.7183,TRAIN
WH044,2018-12-01,East,44.3047,29.0,1594.0,85.5382,TRAIN
WH044,2018-12-01,West,91.6391,6.0,2219.0,90.9301,TRAIN
WH044,2018-12-01,Central,59.0198,18.0,1110.0,95.1736,TRAIN
WH045,2018-12-01,South,85.6028,28.0,1556.0,95.5898,TRAIN
WH045,2018-12-01,Central,95.9101,21.0,2160.0,89.672,TRAIN
WH045,2018-12-01,West,96.5445,15.0,976.0,88.8133,TRAIN
WH046,2018-12-01,North,,,433.0,93.7779,TRAIN
WH046,2018-12-01,West,50.0834,18.0,801.0,90.3756,TRAIN
WH046,2018-12-01,South,84.6398,37.0,705.0,94.6546,TRAIN
WH047,2018-12-01,North,70.341,22.0,2456.0,86.8043,TRAIN
WH047,2018-12-01,West,,10.0,1749.0,90.1655,TRAIN
WH047,2018-12-01,South,58.7051,20.0,1867.0,87.5704,TRAIN
WH048,2018-12-01,North,,34.0,1356.0,95.1595,TRAIN
WH048,2018-12-01,Central,63.5518,11.0,1259.0,85.0006,TRAIN
WH048,2018-12-01,West,76.513,13.0,553.0,90.2574,TRAIN
WH049,2018-12-01,East,97.1208,37.0,457.0,90.0499,TRAIN
WH049,2018-12-01,Central,81.2151,17.0,555.0,96.2575,TRAIN
WH049,2018-12-01,West,75.0739,8.0,797.0,88.2106,TRAIN
WH050,2018-12-01,Central,55.6435,27.0,1926.0,,TRAIN
WH050,2018-12-01,South,87.4774,26.0,1926.0,95.9233,TRAIN
WH050,2018-12-01,North,88.1292,26.0,628.0,96.2389,TRAIN
WH001,2019-01-01,North,92.2283,38.0,293.0,95.2345,TRAIN
WH001,2019-01-01,Central,84.884,29.0,792.0,96.8947,TRAIN
WH001,2019-01-01,West,74.7711,12.0,1869.0,,TRAIN
WH002,2019-01-01,South,45.4345,40.0,907.0,85.4733,TRAIN
WH002,2019-01-01,Central,79.2945,23.0,466.0,93.3263,TRAIN
WH002,2019-01-01,Central,61.3597,29.0,226.0,85.8857,TRAIN
WH003,2019-01-01,South,63.6562,14.0,1948.0,95.808,TRAIN
WH003,2019-01-01,South,72.3846,41.0,2233.0,92.5778,TRAIN
WH003,2019-01-01,East,56.5208,7.0,173.0,93.3198,TRAIN
WH004,2019-01-01,Central,91.8412,33.0,1570.0,93.6699,TRAIN
WH004,2019-01-01,West,44.503,37.0,630.0,95.7531,TRAIN
WH004,2019-01-01,East,80.6836,42.0,363.0,92.4267,TRAIN
WH005,2019-01-01,North,61.7955,44.0,1744.0,91.6881,TRAIN
WH005,2019-01-01,East,51.6316,44.0,387.0,86.3427,TRAIN
WH005,2019-01-01,East,41.7794,5.0,1380.0,86.6903,TRAIN
WH006,2019-01-01,South,66.7564,13.0,1969.0,88.9793,TRAIN
WH006,2019-01-01,East,87.8586,13.0,1593.0,86.5627,TRAIN
WH006,2019-01-01,North,,34.0,1902.0,90.2356,TRAIN
WH007,2019-01-01,Central,40.0783,22.0,1681.0,91.7547,TRAIN
WH007,2019-01-01,North,95.3379,21.0,2107.0,90.9681,TRAIN
WH007,2019-01-01,South,56.5742,5.0,956.0,85.739,TRAIN
WH008,2019-01-01,West,87.786,33.0,202.0,97.5527,TRAIN
WH008,2019-01-01,Central,83.2096,28.0,912.0,94.5925,TRAIN
WH008,2019-01-01,South,50.2341,10.0,,97.2698,TRAIN
WH009,2019-01-01,Central,43.8383,27.0,1253.0,,TRAIN
WH009,2019-01-01,Central,89.7138,12.0,261.0,93.2889,TRAIN
WH009,2019-01-01,North,56.2825,13.0,2101.0,87.3029,TRAIN
WH010,2019-01-01,West,75.8301,19.0,1477.0,95.0935,TRAIN
WH010,2019-01-01,North,79.9182,33.0,1417.0,95.3286,TRAIN
WH010,2019-01-01,West,67.8885,17.0,372.0,91.3163,TRAIN
WH011,2019-01-01,Central,65.662,13.0,1534.0,97.4847,TRAIN
WH011,2019-01-01,Central,46.4801,36.0,150.0,93.5186,TRAIN
WH011,2019-01-01,West,89.0474,40.0,841.0,92.4067,TRAIN
WH012,2019-01-01,Central,72.585,15.0,1475.0,98.7025,TRAIN
WH012,2019-01-01,West,82.85,30.0,979.0,94.0595,TRAIN
WH012,2019-01-01,Central,47.9948,24.0,123.0,85.2565,TRAIN
WH013,2019-01-01,North,95.5687,18.0,2423.0,93.42,TRAIN
WH013,2019-01-01,West,69.1303,11.0,720.0,93.6569,TRAIN
WH013,2019-01-01,Central,84.4102,6.0,1115.0,,TRAIN
WH014,2019-01-01,North,42.9188,40.0,1830.0,93.3999,TRAIN
WH014,2019-01-01,East,72.8344,16.0,1876.0,,TRAIN
WH014,2019-01-01,Central,64.9286,42.0,963.0,90.6749,TRAIN
WH015,2019-01-01,South,43.5186,42.0,2229.0,97.2418,TRAIN
WH015,2019-01-01,West,50.5135,10.0,625.0,96.9573,TRAIN
WH015,2019-01-01,East,80.2897,17.0,1809.0,86.5483,TRAIN
WH016,2019-01-01,South,70.4199,40.0,584.0,95.13,TRAIN
WH016,2019-01-01,South,66.4986,21.0,965.0,97.8077,TRAIN
WH016,2019-01-01,North,46.6525,18.0,1768.0,95.327,TRAIN
WH017,2019-01-01,South,80.7026,38.0,,86.903,TRAIN
WH017,2019-01-01,Central,86.8528,39.0,1389.0,93.079,TRAIN
WH017,2019-01-01,Central,91.6416,16.0,2302.0,96.3523,TRAIN
WH018,2019-01-01,Central,79.6876,42.0,2301.0,,TRAIN
WH018,2019-01-01,South,94.7678,26.0,893.0,89.4998,TRAIN
WH018,2019-01-01,South,66.5958,35.0,1058.0,95.8956,TRAIN
WH019,2019-01-01,East,66.2115,27.0,1205.0,91.4953,TRAIN
WH019,2019-01-01,North,80.3193,21.0,1138.0,95.38,TRAIN
WH019,2019-01-01,North,46.3593,26.0,2380.0,88.0056,TRAIN
WH020,2019-01-01,East,92.551,,2237.0,93.664,TRAIN
WH020,2019-01-01,East,52.9726,22.0,1896.0,96.5605,TRAIN
WH020,2019-01-01,East,97.2622,34.0,1023.0,94.0845,TRAIN
WH021,2019-01-01,East,50.0584,,1354.0,,TRAIN
WH021,2019-01-01,Central,77.2547,16.0,2250.0,85.9459,TRAIN
WH021,2019-01-01,Central,97.8033,39.0,1724.0,89.4739,TRAIN
WH022,2019-01-01,West,60.0417,40.0,1603.0,87.8135,TRAIN
WH022,2019-01-01,North,58.8993,35.0,2298.0,87.9479,TRAIN
WH022,2019-01-01,North,95.7479,22.0,1590.0,98.2356,TRAIN
WH023,2019-01-01,West,95.9144,38.0,764.0,85.5488,TRAIN
WH023,2019-01-01,South,78.1405,32.0,1066.0,85.6386,TRAIN
WH023,2019-01-01,West,66.3812,25.0,137.0,85.7848,TRAIN
WH024,2019-01-01,South,75.2341,12.0,1476.0,87.6865,TRAIN
WH024,2019-01-01,East,52.1812,40.0,1328.0,86.0467,TRAIN
WH024,2019-01-01,West,76.3504,15.0,425.0,91.2917,TRAIN
WH025,2019-01-01,North,41.8415,5.0,1156.0,95.1996,TRAIN
WH025,2019-01-01,North,94.411,19.0,1780.0,,TRAIN
WH025,2019-01-01,West,47.1015,24.0,1242.0,89.9254,TRAIN
WH026,2019-01-01,South,77.9614,22.0,2308.0,88.1368,TRAIN
WH026,2019-01-01,South,72.4728,20.0,633.0,96.4556,TRAIN
WH026,2019-01-01,South,57.471,32.0,1742.0,85.1256,TRAIN
WH027,2019-01-01,South,49.5949,32.0,1458.0,97.5684,TRAIN
WH027,2019-01-01,East,82.1891,38.0,,87.3056,TRAIN
WH027,2019-01-01,North,47.4725,38.0,1300.0,90.8096,TRAIN
WH028,2019-01-01,North,73.8182,24.0,1089.0,98.379,TRAIN
WH028,2019-01-01,Central,77.7796,37.0,1696.0,90.2443,TRAIN
WH028,2019-01-01,North,44.6939,37.0,1837.0,94.649,TRAIN
WH029,2019-01-01,East,86.5665,19.0,210.0,91.4142,TRAIN
WH029,2019-01-01,North,82.0116,21.0,242.0,98.4521,TRAIN
WH029,2019-01-01,South,74.3564,8.0,1796.0,87.3163,TRAIN
WH030,2019-01-01,Central,77.445,43.0,1527.0,94.14,TRAIN
WH030,2019-01-01,South,54.758,15.0,2046.0,98.7734,TRAIN
WH030,2019-01-01,West,62.6496,,2019.0,91.903,TRAIN
WH031,2019-01-01,West,93.2774,33.0,1792.0,98.2084,TRAIN
WH031,2019-01-01,North,45.5043,40.0,923.0,91.7831,TRAIN
WH031,2019-01-01,Central,55.4412,,1965.0,96.0097,TRAIN
WH032,2019-01-01,East,61.2652,21.0,1646.0,95.6044,TRAIN
WH032,2019-01-01,South,44.7701,31.0,1582.0,87.1146,TRAIN
WH032,2019-01-01,Central,64.3076,23.0,658.0,90.0961,TRAIN
WH033,2019-01-01,North,,20.0,2391.0,97.564,TRAIN
WH033,2019-01-01,East,69.8973,21.0,173.0,90.5013,TRAIN
WH033,2019-01-01,West,55.242,27.0,1573.0,89.0711,TRAIN
WH034,2019-01-01,West,90.7043,5.0,1340.0,93.5627,TRAIN
WH034,2019-01-01,West,79.0369,37.0,1559.0,92.0022,TRAIN
WH034,2019-01-01,East,54.699,17.0,1303.0,87.7673,TRAIN
WH035,2019-01-01,Central,75.3542,20.0,1123.0,85.7296,TRAIN
WH035,2019-01-01,West,85.8905,29.0,419.0,95.4069,TRAIN
WH035,2019-01-01,Central,89.7726,18.0,250.0,93.5085,TRAIN
WH036,2019-01-01,South,46.2283,24.0,1282.0,95.6621,TRAIN
WH036,2019-01-01,South,66.3105,13.0,2077.0,97.4526,TRAIN
WH036,2019-01-01,West,42.3033,40.0,529.0,88.1481,TRAIN
WH037,2019-01-01,Central,41.1661,43.0,930.0,88.1302,TRAIN
WH037,2019-01-01,Central,53.9764,43.0,535.0,96.2105,TRAIN
WH037,2019-01-01,West,42.766,10.0,2394.0,98.1869,TRAIN
WH038,2019-01-01,East,82.5958,44.0,2047.0,97.609,TRAIN
WH038,2019-01-01,South,53.671,30.0,1478.0,86.2505,TRAIN
WH038,2019-01-01,Central,41.6467,18.0,451.0,93.5378,TRAIN
WH039,2019-01-01,East,59.3346,20.0,2141.0,97.9696,TRAIN
WH039,2019-01-01,North,61.1734,43.0,1692.0,87.2159,TRAIN
WH039,2019-01-01,South,64.885,24.0,122.0,92.7415,TRAIN
WH040,2019-01-01,East,80.8993,39.0,2202.0,93.6088,TRAIN
WH040,2019-01-01,South,96.863,41.0,1922.0,96.629,TRAIN
WH040,2019-01-01,South,73.6993,22.0,344.0,91.6607,TRAIN
WH041,2019-01-01,North,57.922,44.0,2245.0,87.0232,TRAIN
WH041,2019-01-01,East,73.3922,40.0,635.0,85.1097,TRAIN
WH041,2019-01-01,East,75.4117,44.0,1228.0,90.5891,TRAIN
WH042,2019-01-01,East,81.5109,14.0,471.0,92.5576,TRAIN
WH042,2019-01-01,North,55.9693,6.0,229.0,97.5611,TRAIN
WH042,2019-01-01,Central,62.6832,33.0,2091.0,86.3135,TRAIN
WH043,2019-01-01,East,71.6704,20.0,2420.0,89.3646,TRAIN
WH043,2019-01-01,Central,74.8248,32.0,446.0,93.3464,TRAIN
WH043,2019-01-01,West,60.9186,17.0,2233.0,87.6684,TRAIN
WH044,2019-01-01,West,86.6071,5.0,2205.0,92.8502,TRAIN
WH044,2019-01-01,East,60.3581,17.0,872.0,93.1238,TRAIN
WH044,2019-01-01,West,40.6009,38.0,1306.0,96.8091,TRAIN
WH045,2019-01-01,North,88.1075,24.0,174.0,86.9818,TRAIN
WH045,2019-01-01,West,,,1998.0,91.3681,TRAIN
WH045,2019-01-01,Central,78.4039,19.0,1917.0,94.713,TRAIN
WH046,2019-01-01,South,57.7175,26.0,851.0,93.1716,TRAIN
WH046,2019-01-01,North,45.8152,19.0,1316.0,93.6276,TRAIN
WH046,2019-01-01,West,89.9514,28.0,1986.0,97.6676,TRAIN
WH047,2019-01-01,North,83.1719,43.0,1745.0,97.6999,TRAIN
WH047,2019-01-01,North,75.4891,5.0,1762.0,95.3054,TRAIN
WH047,2019-01-01,South,92.015,41.0,1074.0,92.9285,TRAIN
WH048,2019-01-01,South,65.7721,29.0,663.0,85.433,TRAIN
WH048,2019-01-01,North,41.452,14.0,1005.0,85.5864,TRAIN
WH048,2019-01-01,Central,46.6046,43.0,1322.0,96.31,TRAIN
WH049,2019-01-01,North,66.8023,33.0,1475.0,92.7245,TRAIN
WH049,2019-01-01,East,55.8594,6.0,2324.0,95.3742,TRAIN
WH049,2019-01-01,East,61.4263,22.0,644.0,90.8751,TRAIN
WH050,2019-01-01,Central,43.0032,8.0,378.0,93.6292,TRAIN
WH050,2019-01-01,South,91.2673,26.0,1088.0,85.7978,TRAIN
WH050,2019-01-01,West,96.8526,35.0,1029.0,93.4451,TRAIN
WH001,2019-02-01,South,88.2561,13.0,740.0,98.6367,TRAIN
WH001,2019-02-01,North,94.9414,33.0,,88.3147,TRAIN
WH001,2019-02-01,Central,86.2295,30.0,642.0,98.7246,TRAIN
WH002,2019-02-01,South,87.0366,,1352.0,94.5716,TRAIN
WH002,2019-02-01,North,,13.0,2445.0,86.0251,TRAIN
WH002,2019-02-01,West,86.8426,26.0,1501.0,90.1379,TRAIN
WH003,2019-02-01,Central,86.8423,5.0,1886.0,87.2017,TRAIN
WH003,2019-02-01,Central,91.6054,32.0,1318.0,92.9858,TRAIN
WH003,2019-02-01,South,87.9854,28.0,2433.0,95.1681,TRAIN
WH004,2019-02-01,North,86.455,7.0,1356.0,98.5641,TRAIN
WH004,2019-02-01,West,86.1307,23.0,2064.0,91.1713,TRAIN
WH004,2019-02-01,Central,89.9273,20.0,2317.0,85.5742,TRAIN
WH005,2019-02-01,Central,85.2481,6.0,1890.0,97.8013,TRAIN
WH005,2019-02-01,East,85.1248,36.0,1735.0,95.8884,TRAIN
WH005,2019-02-01,South,87.6081,26.0,1774.0,91.9271,TRAIN
WH006,2019-02-01,North,93.5431,8.0,1236.0,98.9334,TRAIN
WH006,2019-02-01,North,92.11,14.0,1945.0,88.1951,TRAIN
WH006,2019-02-01,West,87.9233,23.0,1801.0,90.3605,TRAIN
WH007,2019-02-01,East,94.998,18.0,,92.9898,TRAIN
WH007,2019-02-01,East,,34.0,,92.5512,TRAIN
WH007,2019-02-01,North,91.8651,39.0,2171.0,96.1817,TRAIN
WH008,2019-02-01,East,85.5584,14.0,2314.0,95.9474,TRAIN
WH008,2019-02-01,South,87.015,15.0,1618.0,92.5511,TRAIN
WH008,2019-02-01,South,,41.0,642.0,,TRAIN
WH009,2019-02-01,Central,90.1225,29.0,298.0,94.5503,TRAIN
WH009,2019-02-01,South,92.2507,16.0,1455.0,86.4932,TRAIN
WH009,2019-02-01,East,88.5449,14.0,,88.3499,TRAIN
WH010,2019-02-01,South,85.2604,22.0,432.0,87.2915,TRAIN
WH010,2019-02-01,Central,92.8948,8.0,229.0,90.8089,TRAIN
WH010,2019-02-01,South,87.7152,15.0,1627.0,97.2009,TRAIN
WH011,2019-02-01,South,89.9743,25.0,401.0,89.1503,TRAIN
WH011,2019-02-01,East,87.8114,18.0,,90.0701,TRAIN
WH011,2019-02-01,North,87.3837,44.0,1556.0,91.4726,TRAIN
WH012,2019-02-01,South,92.3454,39.0,1214.0,89.4297,TRAIN
WH012,2019-02-01,West,89.9019,9.0,595.0,94.2391,TRAIN
WH012,2019-02-01,North,86.559,5.0,425.0,87.2711,TRAIN
WH013,2019-02-01,Central,92.2684,40.0,1910.0,95.1469,TRAIN
WH013,2019-02-01,South,93.0132,21.0,970.0,94.8607,TRAIN
WH013,2019-02-01,West,86.8988,28.0,1265.0,95.0396,TRAIN
WH014,2019-02-01,North,85.9376,36.0,377.0,87.6777,TRAIN
WH014,2019-02-01,Central,91.2564,31.0,224.0,96.9775,TRAIN
WH014,2019-02-01,West,89.4581,26.0,544.0,98.8814,TRAIN
WH015,2019-02-01,North,87.4901,15.0,1926.0,92.6251,TRAIN
WH015,2019-02-01,West,86.221,21.0,2145.0,91.3467,TRAIN
WH015,2019-02-01,West,94.9202,33.0,1482.0,94.5715,TRAIN
WH016,2019-02-01,North,93.6886,44.0,1481.0,85.1048,TRAIN
WH016,2019-02-01,East,88.2486,43.0,615.0,86.4327,TRAIN
WH016,2019-02-01,North,94.8933,44.0,1255.0,87.0832,TRAIN
WH017,2019-02-01,North,85.3712,38.0,1085.0,96.81,TRAIN
WH017,2019-02-01,West,90.6759,39.0,748.0,92.1054,TRAIN
WH017,2019-02-01,South,92.753,39.0,516.0,86.0819,TRAIN
WH018,2019-02-01,East,85.7947,41.0,819.0,85.7571,TRAIN
WH018,2019-02-01,East,90.3984,7.0,1345.0,86.1852,TRAIN
WH018,2019-02-01,South,87.6206,19.0,1336.0,93.2315,TRAIN
WH019,2019-02-01,East,85.1843,42.0,,89.5073,TRAIN
WH019,2019-02-01,East,87.3557,37.0,1449.0,86.872,TRAIN
WH019,2019-02-01,Central,88.2097,8.0,1707.0,98.6245,TRAIN
WH020,2019-02-01,North,91.2022,14.0,998.0,88.6378,TRAIN
WH020,2019-02-01,East,88.4236,11.0,878.0,85.2634,TRAIN
WH020,2019-02-01,West,91.2421,28.0,1917.0,94.1964,TRAIN
WH021,2019-02-01,North,85.1115,37.0,400.0,87.5671,TRAIN
WH021,2019-02-01,Central,87.2942,19.0,193.0,93.48,TRAIN
WH021,2019-02-01,Central,93.3679,24.0,1569.0,96.5203,TRAIN
WH022,2019-02-01,East,89.4435,,1834.0,98.2745,TRAIN
WH022,2019-02-01,West,85.2087,36.0,2050.0,98.0244,TRAIN
WH022,2019-02-01,North,94.3156,19.0,1697.0,87.5398,TRAIN
WH023,2019-02-01,North,91.0773,21.0,1013.0,88.0089,TRAIN
WH023,2019-02-01,North,90.2622,10.0,335.0,92.0755,TRAIN
WH023,2019-02-01,East,92.5508,27.0,1808.0,93.1994,TRAIN
WH024,2019-02-01,North,94.6163,37.0,620.0,86.51,TRAIN
WH024,2019-02-01,West,87.0924,11.0,,85.5328,TRAIN
WH024,2019-02-01,East,90.5055,33.0,862.0,92.2302,TRAIN
WH025,2019-02-01,North,87.7341,24.0,787.0,92.8844,TRAIN
WH025,2019-02-01,South,86.1035,32.0,2250.0,98.0667,TRAIN
WH025,2019-02-01,North,93.3132,34.0,1215.0,96.5933,TRAIN
WH026,2019-02-01,West,89.7141,6.0,1210.0,90.3332,TRAIN
WH026,2019-02-01,East,92.237,15.0,1756.0,92.4795,TRAIN
WH026,2019-02-01,Central,90.3613,40.0,1074.0,94.9875,TRAIN
WH027,2019-02-01,West,85.1736,37.0,1317.0,97.1864,TRAIN
WH027,2019-02-01,North,88.6394,10.0,1864.0,97.5469,TRAIN
WH027,2019-02-01,East,87.7842,24.0,1187.0,86.2753,TRAIN
WH028,2019-02-01,Central,90.193,36.0,752.0,91.8801,TRAIN
WH028,2019-02-01,Central,87.7701,14.0,238.0,95.9862,TRAIN
WH028,2019-02-01,North,92.033,42.0,1747.0,92.903,TRAIN
WH029,2019-02-01,South,85.0531,9.0,651.0,93.5404,TRAIN
WH029,2019-02-01,South,91.3473,22.0,1239.0,97.8077,TRAIN
WH029,2019-02-01,North,,26.0,926.0,92.1574,TRAIN
WH030,2019-02-01,East,93.6295,29.0,2427.0,98.3024,TRAIN
WH030,2019-02-01,West,89.3837,6.0,2269.0,93.1112,TRAIN
WH030,2019-02-01,West,88.9684,25.0,402.0,92.505,TRAIN
WH031,2019-02-01,East,87.1432,23.0,1788.0,,TRAIN
WH031,2019-02-01,West,93.4777,43.0,785.0,93.5806,TRAIN
WH031,2019-02-01,East,93.9577,15.0,1665.0,87.9797,TRAIN
WH032,2019-02-01,South,90.8075,28.0,348.0,97.268,TRAIN
WH032,2019-02-01,Central,93.0965,36.0,2237.0,88.9533,TRAIN
WH032,2019-02-01,South,93.0671,16.0,,86.1262,TRAIN
WH033,2019-02-01,North,89.5471,39.0,909.0,97.4423,TRAIN
WH033,2019-02-01,East,88.7451,16.0,,91.6671,TRAIN
WH033,2019-02-01,East,94.1554,12.0,1314.0,87.5552,TRAIN
WH034,2019-02-01,East,89.5049,7.0,1814.0,90.1555,TRAIN
WH034,2019-02-01,West,86.6549,6.0,1663.0,92.8252,TRAIN
WH034,2019-02-01,East,92.5669,25.0,502.0,95.6694,TRAIN
WH035,2019-02-01,West,88.0357,34.0,2337.0,91.159,TRAIN
WH035,2019-02-01,East,86.929,31.0,1320.0,97.3787,TRAIN
WH035,2019-02-01,South,92.1571,34.0,1529.0,87.3781,TRAIN
WH036,2019-02-01,East,90.2725,12.0,1368.0,89.8141,TRAIN
WH036,2019-02-01,East,90.1918,35.0,2369.0,98.7375,TRAIN
WH036,2019-02-01,West,87.812,44.0,2214.0,85.2529,TRAIN
WH037,2019-02-01,West,93.9164,21.0,817.0,88.655,TRAIN
WH037,2019-02-01,North,87.9954,6.0,305.0,87.0411,TRAIN
WH037,2019-02-01,North,92.0517,22.0,2275.0,,TRAIN
WH038,2019-02-01,Central,85.727,13.0,1919.0,88.1668,TRAIN
WH038,2019-02-01,West,92.0807,19.0,515.0,89.8747,TRAIN
WH038,2019-02-01,East,93.4413,37.0,1429.0,88.7206,TRAIN
WH039,2019-02-01,South,93.9706,42.0,667.0,96.8619,TRAIN
WH039,2019-02-01,North,93.0069,12.0,1367.0,96.0924,TRAIN
WH039,2019-02-01,East,86.163,30.0,1355.0,87.7762,TRAIN
WH040,2019-02-01,West,90.6844,31.0,1040.0,91.301,TRAIN
WH040,2019-02-01,South,87.8944,22.0,1903.0,90.382,TRAIN
WH040,2019-02-01,Central,93.8433,39.0,1204.0,95.7476,TRAIN
WH041,2019-02-01,East,87.5213,35.0,891.0,91.1877,TRAIN
WH041,2019-02-01,South,92.5401,13.0,2105.0,95.5383,TRAIN
WH041,2019-02-01,North,91.9134,12.0,193.0,97.1792,TRAIN
WH042,2019-02-01,South,94.7317,12.0,1806.0,87.6682,TRAIN
WH042,2019-02-01,West,91.9257,27.0,1109.0,96.583,TRAIN
WH042,2019-02-01,North,89.7857,34.0,1688.0,90.1359,TRAIN
WH043,2019-02-01,West,92.6409,37.0,317.0,87.307,TRAIN
WH043,2019-02-01,Central,92.081,27.0,1552.0,90.638,TRAIN
WH043,2019-02-01,East,92.9242,8.0,1149.0,89.6002,TRAIN
WH044,2019-02-01,Central,85.5026,44.0,1115.0,89.5187,TRAIN
WH044,2019-02-01,Central,90.9275,32.0,1844.0,86.0023,TRAIN
WH044,2019-02-01,South,89.1764,27.0,1758.0,98.5159,TRAIN
WH045,2019-02-01,East,89.1638,35.0,720.0,93.0651,TRAIN
WH045,2019-02-01,West,85.8681,21.0,,95.2965,TRAIN
WH045,2019-02-01,Central,89.084,13.0,200.0,97.0783,TRAIN
WH046,2019-02-01,Central,93.6579,34.0,1890.0,86.2028,TRAIN
WH046,2019-02-01,South,88.1156,26.0,1746.0,98.8331,TRAIN
WH046,2019-02-01,North,91.9359,37.0,2385.0,96.694,TRAIN
WH047,2019-02-01,Central,88.4361,13.0,168.0,94.2422,TRAIN
WH047,2019-02-01,West,85.7748,19.0,1169.0,92.2345,TRAIN
WH047,2019-02-01,East,87.0997,13.0,,86.836,TRAIN
WH048,2019-02-01,East,87.8216,21.0,1063.0,88.896,TRAIN
WH048,2019-02-01,Central,90.9785,13.0,1461.0,86.3971,TRAIN
WH048,2019-02-01,North,91.2223,26.0,112.0,90.6897,TRAIN
WH049,2019-02-01,East,85.2857,23.0,319.0,94.8123,TRAIN
WH049,2019-02-01,East,,9.0,1800.0,90.3903,TRAIN
WH049,2019-02-01,East,92.9959,14.0,2143.0,85.6584,TRAIN
WH050,2019-02-01,North,92.4695,8.0,2275.0,89.6725,TRAIN
WH050,2019-02-01,East,85.7074,31.0,477.0,87.9918,TRAIN
WH050,2019-02-01,East,90.2505,28.0,1647.0,97.9755,TRAIN
WH001,2019-03-01,West,92.18,12.0,998.0,86.462,TRAIN
WH001,2019-03-01,South,85.323,13.0,2344.0,89.4554,TRAIN
WH001,2019-03-01,North,89.495,,740.0,90.5466,TRAIN
WH002,2019-03-01,West,90.6621,16.0,976.0,90.4058,TRAIN
WH002,2019-03-01,Central,92.4311,33.0,2453.0,93.0527,TRAIN
WH002,2019-03-01,West,87.6206,22.0,303.0,86.6775,TRAIN
WH003,2019-03-01,North,85.7601,21.0,796.0,92.4416,TRAIN
WH003,2019-03-01,North,90.1496,8.0,1344.0,93.6018,TRAIN
WH003,2019-03-01,East,87.2774,7.0,997.0,85.685,TRAIN
WH004,2019-03-01,West,94.7149,43.0,2466.0,87.5026,TRAIN
WH004,2019-03-01,North,87.5393,35.0,271.0,90.4224,TRAIN
WH004,2019-03-01,Central,91.2215,17.0,1227.0,92.6459,TRAIN
WH005,2019-03-01,South,94.9749,20.0,1966.0,91.5124,TRAIN
WH005,2019-03-01,East,93.1986,13.0,480.0,98.6952,TRAIN
WH005,2019-03-01,East,93.9941,29.0,1766.0,96.7472,TRAIN
WH006,2019-03-01,East,85.3679,30.0,1790.0,88.2046,TRAIN
WH006,2019-03-01,South,87.0468,34.0,521.0,97.5654,TRAIN
WH006,2019-03-01,North,90.4526,28.0,441.0,93.0091,TRAIN
WH007,2019-03-01,Central,93.5014,41.0,1338.0,87.6305,TRAIN
WH007,2019-03-01,West,89.4425,11.0,1964.0,97.4166,TRAIN
WH007,2019-03-01,East,94.5775,23.0,817.0,94.304,TRAIN
WH008,2019-03-01,South,86.2457,39.0,853.0,98.9012,TRAIN
WH008,2019-03-01,West,86.9725,23.0,2364.0,91.6514,TRAIN
WH008,2019-03-01,Central,86.7118,13.0,781.0,,TRAIN
WH009,2019-03-01,North,88.8538,18.0,698.0,92.3159,TRAIN
WH009,2019-03-01,Central,94.0703,30.0,1673.0,,TRAIN
WH009,2019-03-01,South,90.2263,44.0,1593.0,90.6449,TRAIN
WH010,2019-03-01,East,86.2576,27.0,644.0,92.839,TRAIN
WH010,2019-03-01,North,86.1754,,1470.0,88.328,TRAIN
WH010,2019-03-01,Central,92.5954,36.0,2257.0,90.9358,TRAIN
WH011,2019-03-01,East,88.1939,33.0,750.0,95.4033,TRAIN
WH011,2019-03-01,North,89.5841,6.0,475.0,86.1355,TRAIN
WH011,2019-03-01,South,91.0924,14.0,2336.0,93.7916,TRAIN
WH012,2019-03-01,East,86.4478,8.0,2216.0,87.0287,TRAIN
WH012,2019-03-01,West,85.1249,32.0,641.0,97.7093,TRAIN
WH012,2019-03-01,North,86.5322,22.0,874.0,86.014,TRAIN
WH013,2019-03-01,East,92.7422,26.0,1177.0,91.1731,TRAIN
WH013,2019-03-01,East,89.8557,40.0,1063.0,95.0975,TRAIN
WH013,2019-03-01,West,,33.0,687.0,96.2229,TRAIN
WH014,2019-03-01,West,90.1688,8.0,513.0,90.0835,TRAIN
WH014,2019-03-01,North,85.778,,411.0,90.248,TRAIN
WH014,2019-03-01,East,92.0084,32.0,1247.0,91.3478,TRAIN
WH015,2019-03-01,East,92.206,15.0,2082.0,87.7618,TRAIN
WH015,2019-03-01,North,88.5144,11.0,162.0,93.1669,TRAIN
WH015,2019-03-01,South,94.7576,25.0,2190.0,90.4262,TRAIN
WH016,2019-03-01,South,91.8876,41.0,2332.0,96.6505,TRAIN
WH016,2019-03-01,South,88.9521,22.0,567.0,85.9938,TRAIN
WH016,2019-03-01,West,90.1517,15.0,376.0,92.1555,TRAIN
WH017,2019-03-01,North,92.9752,11.0,529.0,89.2033,TRAIN
WH017,2019-03-01,East,88.5258,24.0,2107.0,85.5084,TRAIN
WH017,2019-03-01,North,86.839,28.0,1438.0,97.4655,TRAIN
WH018,2019-03-01,North,93.29,39.0,447.0,87.1873,TRAIN
WH018,2019-03-01,North,85.5418,21.0,,95.5443,TRAIN
WH018,2019-03-01,Central,88.056,36.0,1279.0,85.2978,TRAIN
WH019,2019-03-01,North,88.754,7.0,1516.0,88.6872,TRAIN
WH019,2019-03-01,West,87.2939,29.0,1262.0,95.2674,TRAIN
WH019,2019-03-01,North,85.4363,13.0,550.0,95.4118,TRAIN
WH020,2019-03-01,West,94.5701,41.0,1076.0,87.635,TRAIN
WH020,2019-03-01,East,86.9,18.0,2062.0,93.3546,TRAIN
WH020,2019-03-01,North,87.0966,24.0,1502.0,90.5748,TRAIN
WH021,2019-03-01,South,89.1348,15.0,162.0,92.6279,TRAIN
WH021,2019-03-01,Central,85.3005,37.0,1132.0,89.8746,TRAIN
WH021,2019-03-01,West,88.4583,41.0,398.0,89.3406,TRAIN
WH022,2019-03-01,Central,88.5573,11.0,355.0,94.3209,TRAIN
WH022,2019-03-01,North,,39.0,1360.0,86.0397,TRAIN
WH022,2019-03-01,North,93.9535,38.0,1796.0,94.4833,TRAIN
WH023,2019-03-01,West,85.1596,11.0,2291.0,92.7177,TRAIN
WH023,2019-03-01,Central,86.7164,26.0,1264.0,97.7867,TRAIN
WH023,2019-03-01,North,86.4622,30.0,2221.0,96.724,TRAIN
WH024,2019-03-01,South,89.753,28.0,728.0,98.6185,TRAIN
WH024,2019-03-01,Central,86.6463,14.0,1533.0,97.2671,TRAIN
WH024,2019-03-01,North,87.4764,8.0,443.0,98.4651,TRAIN
WH025,2019-03-01,North,92.9342,34.0,1238.0,91.4813,TRAIN
WH025,2019-03-01,South,92.2443,38.0,1415.0,97.3071,TRAIN
WH025,2019-03-01,South,85.5564,27.0,2307.0,96.2481,TRAIN
WH026,2019-03-01,West,94.6533,26.0,1579.0,91.0554,TRAIN
WH026,2019-03-01,East,89.9624,43.0,763.0,87.3343,TRAIN
WH026,2019-03-01,East,90.3791,36.0,1485.0,93.0058,TRAIN
WH027,2019-03-01,South,92.536,14.0,770.0,95.6969,TRAIN
WH027,2019-03-01,North,91.9234,19.0,2072.0,85.1884,TRAIN
WH027,2019-03-01,North,88.1898,41.0,1003.0,94.4709,TRAIN
WH028,2019-03-01,South,94.5915,43.0,1771.0,89.4964,TRAIN
WH028,2019-03-01,Central,86.2724,41.0,648.0,85.5643,TRAIN
WH028,2019-03-01,West,89.9547,16.0,572.0,96.7759,TRAIN
WH029,2019-03-01,West,88.9,20.0,1587.0,90.8786,TRAIN
WH029,2019-03-01,Central,87.3935,35.0,1770.0,93.9263,TRAIN
WH029,2019-03-01,South,94.7208,23.0,1231.0,89.4785,TRAIN
WH030,2019-03-01,East,90.4173,33.0,1319.0,90.1833,TRAIN
WH030,2019-03-01,Central,94.3932,37.0,1054.0,89.7783,TRAIN
WH030,2019-03-01,South,89.2289,43.0,925.0,94.7344,TRAIN
WH031,2019-03-01,East,87.936,15.0,318.0,86.7474,TRAIN
WH031,2019-03-01,West,89.9103,23.0,1579.0,86.7236,TRAIN
WH031,2019-03-01,Central,88.1499,32.0,2386.0,92.6628,TRAIN
WH032,2019-03-01,North,87.6119,36.0,288.0,89.9635,TRAIN
WH032,2019-03-01,West,85.8501,40.0,1183.0,90.1965,TRAIN
WH032,2019-03-01,South,94.2485,15.0,610.0,87.853,TRAIN
WH033,2019-03-01,South,85.4832,28.0,1818.0,87.519,TRAIN
WH033,2019-03-01,West,91.5421,40.0,,87.8248,TRAIN
WH033,2019-03-01,North,86.8673,14.0,1355.0,94.0343,TRAIN
WH034,2019-03-01,South,91.0897,26.0,478.0,87.723,TRAIN
WH034,2019-03-01,North,94.4865,21.0,410.0,93.3638,TRAIN
WH034,2019-03-01,South,85.4799,7.0,657.0,93.8985,TRAIN
WH035,2019-03-01,Central,91.7565,7.0,1693.0,92.3197,TRAIN
WH035,2019-03-01,West,92.5713,36.0,602.0,85.9118,TRAIN
WH035,2019-03-01,East,91.9952,11.0,695.0,86.2132,TRAIN
WH036,2019-03-01,North,91.6535,41.0,969.0,91.4026,TRAIN
WH036,2019-03-01,East,93.3161,15.0,881.0,85.6905,TRAIN
WH036,2019-03-01,North,,,1342.0,92.0659,TRAIN
WH037,2019-03-01,North,93.4363,21.0,,95.9013,TRAIN
WH037,2019-03-01,South,93.3523,18.0,1683.0,93.1084,TRAIN
WH037,2019-03-01,Central,86.7779,5.0,1996.0,87.3743,TRAIN
WH038,2019-03-01,South,93.0798,24.0,1828.0,92.9218,TRAIN
WH038,2019-03-01,Central,88.953,19.0,114.0,87.5916,TRAIN
WH038,2019-03-01,West,89.3848,20.0,671.0,88.8169,TRAIN
WH039,2019-03-01,East,90.8791,24.0,453.0,88.3553,TRAIN
WH039,2019-03-01,Central,94.765,35.0,298.0,88.6193,TRAIN
WH039,2019-03-01,Central,86.8363,,1165.0,93.2184,TRAIN
WH040,2019-03-01,North,90.6933,10.0,464.0,89.4016,TRAIN
WH040,2019-03-01,South,89.3786,21.0,206.0,90.2228,TRAIN
WH040,2019-03-01,East,93.6742,35.0,1637.0,94.2555,TRAIN
WH041,2019-03-01,Central,92.9067,42.0,985.0,92.4394,TRAIN
WH041,2019-03-01,East,90.4575,7.0,483.0,91.5763,TRAIN
WH041,2019-03-01,East,89.0423,5.0,1729.0,85.4782,TRAIN
WH042,2019-03-01,West,85.5343,43.0,2212.0,93.0489,TRAIN
WH042,2019-03-01,Central,89.8383,28.0,1764.0,95.3159,TRAIN
WH042,2019-03-01,West,89.9972,24.0,1918.0,87.1968,TRAIN
WH043,2019-03-01,South,93.5359,32.0,1151.0,87.342,TRAIN
WH043,2019-03-01,South,85.3729,26.0,312.0,97.6509,TRAIN
WH043,2019-03-01,West,88.1033,27.0,1212.0,92.9461,TRAIN
WH044,2019-03-01,East,87.9124,28.0,2230.0,92.4577,TRAIN
WH044,2019-03-01,West,93.3317,16.0,2102.0,85.6819,TRAIN
WH044,2019-03-01,North,91.2527,6.0,128.0,95.272,TRAIN
WH045,2019-03-01,South,87.8739,6.0,415.0,97.0721,TRAIN
WH045,2019-03-01,West,89.5362,21.0,2026.0,90.9392,TRAIN
WH045,2019-03-01,North,86.0539,,1273.0,96.9,TRAIN
WH046,2019-03-01,West,93.2078,22.0,246.0,86.5459,TRAIN
WH046,2019-03-01,North,93.0723,26.0,2255.0,94.8108,TRAIN
WH046,2019-03-01,West,86.0932,16.0,851.0,93.8329,TRAIN
WH047,2019-03-01,East,88.8942,22.0,2057.0,88.9116,TRAIN
WH047,2019-03-01,West,87.8948,27.0,2334.0,,TRAIN
WH047,2019-03-01,North,88.8518,12.0,1479.0,87.2902,TRAIN
WH048,2019-03-01,East,,10.0,1804.0,85.3586,TRAIN
WH048,2019-03-01,North,,30.0,2060.0,89.2057,TRAIN
WH048,2019-03-01,East,91.5227,16.0,2421.0,87.1424,TRAIN
WH049,2019-03-01,East,93.0948,30.0,2416.0,88.6522,TRAIN
WH049,2019-03-01,East,93.5983,25.0,729.0,93.0487,TRAIN
WH049,2019-03-01,West,89.7441,12.0,1588.0,87.321,TRAIN
WH050,2019-03-01,East,92.4088,22.0,2082.0,87.9831,TRAIN
WH050,2019-03-01,South,94.7271,34.0,867.0,98.6831,TRAIN
WH050,2019-03-01,East,93.3747,,1855.0,97.1745,TRAIN
WH001,2019-04-01,East,56.0779,37.0,109.0,89.651,TRAIN
WH001,2019-04-01,South,86.1114,30.0,2026.0,97.7656,TRAIN
WH001,2019-04-01,Central,56.4371,29.0,1597.0,96.4047,TRAIN
WH002,2019-04-01,South,83.0139,6.0,1400.0,86.7543,TRAIN
WH002,2019-04-01,North,97.784,33.0,1938.0,89.6559,TRAIN
WH002,2019-04-01,South,73.8343,28.0,543.0,88.9872,TRAIN
WH003,2019-04-01,West,48.0866,32.0,781.0,96.8878,TRAIN
WH003,2019-04-01,Central,79.4963,11.0,318.0,95.95,TRAIN
WH003,2019-04-01,East,54.8811,31.0,464.0,86.7825,TRAIN
WH004,2019-04-01,North,44.2196,11.0,1711.0,,TRAIN
WH004,2019-04-01,North,89.4632,27.0,486.0,93.7278,TRAIN
WH004,2019-04-01,Central,52.6239,18.0,568.0,85.5203,TRAIN
WH005,2019-04-01,Central,87.9031,37.0,1393.0,85.8153,TRAIN
WH005,2019-04-01,South,96.0348,38.0,802.0,97.8305,TRAIN
WH005,2019-04-01,East,79.6724,12.0,982.0,98.052,TRAIN
WH006,2019-04-01,Central,68.4169,24.0,1589.0,91.041,TRAIN
WH006,2019-04-01,North,68.4687,11.0,1430.0,95.7979,TRAIN
WH006,2019-04-01,West,97.5283,17.0,249.0,94.507,TRAIN
WH007,2019-04-01,North,50.8097,24.0,214.0,94.0075,TRAIN
WH007,2019-04-01,West,90.1977,11.0,1556.0,86.2598,TRAIN
WH007,2019-04-01,Central,94.4957,20.0,,93.0069,TRAIN
WH008,2019-04-01,West,44.374,44.0,1323.0,87.2453,TRAIN
WH008,2019-04-01,West,87.3938,34.0,449.0,95.9573,TRAIN
WH008,2019-04-01,North,72.9037,39.0,782.0,98.8001,TRAIN
WH009,2019-04-01,West,50.0938,35.0,326.0,92.3812,TRAIN
WH009,2019-04-01,West,50.1556,5.0,174.0,91.8998,TRAIN
WH009,2019-04-01,South,91.1269,32.0,189.0,98.0795,TRAIN
WH010,2019-04-01,West,64.5857,24.0,,94.7531,TRAIN
WH010,2019-04-01,South,50.5949,25.0,1803.0,88.4669,TRAIN
WH010,2019-04-01,South,87.3536,7.0,1114.0,92.4682,TRAIN
WH011,2019-04-01,Central,72.8955,43.0,2142.0,94.6971,TRAIN
WH011,2019-04-01,South,84.657,9.0,1923.0,90.422,TRAIN
WH011,2019-04-01,South,81.4166,17.0,883.0,85.2719,TRAIN
WH012,2019-04-01,South,89.7346,17.0,1379.0,95.084,TRAIN
WH012,2019-04-01,East,89.8359,40.0,929.0,90.4406,TRAIN
WH012,2019-04-01,East,81.2592,32.0,2407.0,92.7318,TRAIN
WH013,2019-04-01,West,71.373,22.0,1508.0,85.1882,TRAIN
WH013,2019-04-01,South,66.5426,15.0,2379.0,97.8021,TRAIN
WH013,2019-04-01,Central,45.0887,31.0,731.0,94.0411,TRAIN
WH014,2019-04-01,West,,12.0,1984.0,87.9064,TRAIN
WH014,2019-04-01,Central,,25.0,1806.0,92.9241,TRAIN
WH014,2019-04-01,North,85.4035,23.0,2159.0,,TRAIN
WH015,2019-04-01,East,69.6558,30.0,532.0,97.8301,TRAIN
WH015,2019-04-01,South,65.2918,7.0,967.0,87.3768,TRAIN
WH015,2019-04-01,Central,62.0407,6.0,1733.0,98.2683,TRAIN
WH016,2019-04-01,South,79.9344,27.0,1402.0,91.9017,TRAIN
WH016,2019-04-01,Central,59.4613,11.0,305.0,95.244,TRAIN
WH016,2019-04-01,North,43.0981,25.0,365.0,91.7703,TRAIN
WH017,2019-04-01,North,75.5759,7.0,1568.0,,TRAIN
WH017,2019-04-01,South,47.4973,33.0,1149.0,93.137,TRAIN
WH017,2019-04-01,Central,41.3838,32.0,,96.6052,TRAIN
WH018,2019-04-01,East,82.4542,11.0,,,TRAIN
WH018,2019-04-01,East,64.7244,27.0,225.0,96.863,TRAIN
WH018,2019-04-01,East,78.6548,30.0,2072.0,87.5446,TRAIN
WH019,2019-04-01,West,72.4674,44.0,2247.0,85.2154,TRAIN
WH019,2019-04-01,Central,74.0586,42.0,2034.0,96.8479,TRAIN
WH019,2019-04-01,East,82.9088,5.0,1804.0,86.8666,TRAIN
WH020,2019-04-01,East,95.1285,33.0,1637.0,85.6796,TRAIN
WH020,2019-04-01,Central,75.4732,14.0,583.0,92.4814,TRAIN
WH020,2019-04-01,North,93.0873,36.0,1917.0,88.7222,TRAIN
WH021,2019-04-01,South,57.5772,40.0,2014.0,98.0719,TRAIN
WH021,2019-04-01,Central,60.0836,17.0,421.0,98.4371,TRAIN
WH021,2019-04-01,West,71.5457,28.0,2376.0,88.552,TRAIN
WH022,2019-04-01,Central,77.0361,8.0,388.0,85.4017,TRAIN
WH022,2019-04-01,Central,53.5753,24.0,1354.0,97.9195,TRAIN
WH022,2019-04-01,Central,84.9791,39.0,1632.0,98.7097,TRAIN
WH023,2019-04-01,East,60.1321,,231.0,90.8007,TRAIN
WH023,2019-04-01,East,65.2723,,400.0,85.9584,TRAIN
WH023,2019-04-01,East,56.6032,15.0,1618.0,85.5523,TRAIN
WH024,2019-04-01,East,61.9349,,1642.0,94.3799,TRAIN
WH024,2019-04-01,South,77.588,41.0,1185.0,91.9431,TRAIN
WH024,2019-04-01,East,88.0839,35.0,1519.0,86.3501,TRAIN
WH025,2019-04-01,East,56.8864,39.0,1522.0,93.5425,TRAIN
WH025,2019-04-01,North,96.5427,7.0,2388.0,85.9224,TRAIN
WH025,2019-04-01,East,70.9179,35.0,1791.0,92.6335,TRAIN
WH026,2019-04-01,North,41.102,39.0,,90.7875,TRAIN
WH026,2019-04-01,East,40.482,15.0,461.0,91.6015,TRAIN
WH026,2019-04-01,West,78.1775,12.0,2406.0,91.6372,TRAIN
WH027,2019-04-01,East,70.0456,34.0,577.0,94.5902,TRAIN
WH027,2019-04-01,West,63.2684,5.0,130.0,97.6083,TRAIN
WH027,2019-04-01,West,53.8756,7.0,,91.6608,TRAIN
WH028,2019-04-01,Central,92.1246,16.0,1016.0,89.0943,TRAIN
WH028,2019-04-01,North,47.612,22.0,2001.0,87.0563,TRAIN
WH028,2019-04-01,South,73.8356,25.0,1709.0,90.1176,TRAIN
WH029,2019-04-01,East,42.3369,7.0,1500.0,92.9944,TRAIN
WH029,2019-04-01,West,78.2372,40.0,1798.0,98.7486,TRAIN
WH029,2019-04-01,Central,47.3645,13.0,1197.0,94.9603,TRAIN
WH030,2019-04-01,West,59.0493,32.0,1376.0,93.9457,TRAIN
WH030,2019-04-01,Central,55.6899,8.0,739.0,95.4864,TRAIN
WH030,2019-04-01,South,97.9195,30.0,2156.0,88.1492,TRAIN
WH031,2019-04-01,West,78.9346,16.0,1533.0,93.0501,TRAIN
WH031,2019-04-01,North,90.116,11.0,2263.0,86.6391,TRAIN
WH031,2019-04-01,West,49.4657,34.0,892.0,97.4591,TRAIN
WH032,2019-04-01,South,43.1985,43.0,1062.0,85.1632,TRAIN
WH032,2019-04-01,North,59.9285,22.0,1991.0,90.8015,TRAIN
WH032,2019-04-01,South,48.3681,31.0,2157.0,87.7087,TRAIN
WH033,2019-04-01,South,54.229,28.0,178.0,86.4008,TRAIN
WH033,2019-04-01,West,40.9237,20.0,648.0,,TRAIN
WH033,2019-04-01,Central,78.3312,44.0,2267.0,94.1291,TRAIN
WH034,2019-04-01,West,77.6429,,1036.0,96.5257,TRAIN
WH034,2019-04-01,North,79.7358,14.0,330.0,91.8197,TRAIN
WH034,2019-04-01,Central,85.3665,34.0,1314.0,89.3286,TRAIN
WH035,2019-04-01,West,89.9033,,2041.0,93.5397,TRAIN
WH035,2019-04-01,East,56.1748,16.0,730.0,91.49,TRAIN
WH035,2019-04-01,Central,45.1818,39.0,1418.0,90.6676,TRAIN
WH036,2019-04-01,South,94.3086,25.0,1625.0,93.9845,TRAIN
WH036,2019-04-01,West,62.2954,23.0,1479.0,89.1419,TRAIN
WH036,2019-04-01,South,81.8875,11.0,2115.0,96.8562,TRAIN
WH037,2019-04-01,West,49.5547,20.0,451.0,98.6393,TRAIN
WH037,2019-04-01,North,63.1836,25.0,2344.0,90.3541,TRAIN
WH037,2019-04-01,Central,63.245,16.0,367.0,87.4596,TRAIN
WH038,2019-04-01,South,66.5908,35.0,1491.0,92.3535,TRAIN
WH038,2019-04-01,East,92.1502,20.0,1777.0,91.3992,TRAIN
WH038,2019-04-01,South,70.4918,40.0,2106.0,97.5434,TRAIN
WH039,2019-04-01,Central,56.8199,38.0,1343.0,90.5697,TRAIN
WH039,2019-04-01,East,83.1833,12.0,206.0,89.8222,TRAIN
WH039,2019-04-01,Central,52.2941,33.0,356.0,92.3232,TRAIN
WH040,2019-04-01,South,51.5634,40.0,533.0,95.9757,TRAIN
WH040,2019-04-01,South,47.3063,35.0,2355.0,87.0966,TRAIN
WH040,2019-04-01,West,82.3996,17.0,2085.0,,TRAIN
WH041,2019-04-01,West,43.0742,12.0,1835.0,93.5525,TRAIN
WH041,2019-04-01,Central,87.0366,40.0,2030.0,95.5649,TRAIN
WH041,2019-04-01,North,85.9124,16.0,1762.0,85.481,TRAIN
WH042,2019-04-01,East,43.3442,36.0,1802.0,95.6357,TRAIN
WH042,2019-04-01,West,97.388,35.0,2330.0,90.1138,TRAIN
WH042,2019-04-01,West,48.9671,,564.0,98.4601,TRAIN
WH043,2019-04-01,South,55.0399,39.0,498.0,89.025,TRAIN
WH043,2019-04-01,Central,59.384,6.0,765.0,,TRAIN
WH043,2019-04-01,South,95.315,19.0,2285.0,86.8803,TRAIN
WH044,2019-04-01,East,42.5595,44.0,757.0,98.1079,TRAIN
WH044,2019-04-01,East,96.4711,25.0,1626.0,91.1045,TRAIN
WH044,2019-04-01,Central,53.0499,20.0,2217.0,95.1598,TRAIN
WH045,2019-04-01,Central,45.1219,26.0,,91.3252,TRAIN
WH045,2019-04-01,North,78.3649,38.0,103.0,,TRAIN
WH045,2019-04-01,West,83.5581,42.0,1664.0,97.076,TRAIN
WH046,2019-04-01,West,65.3216,41.0,1071.0,85.2048,TRAIN
WH046,2019-04-01,North,55.7006,34.0,2258.0,86.7713,TRAIN
WH046,2019-04-01,West,80.3482,44.0,2048.0,87.2708,TRAIN
WH047,2019-04-01,West,,28.0,,86.3077,TRAIN
WH047,2019-04-01,East,51.7854,6.0,,90.2694,TRAIN
WH047,2019-04-01,North,46.1855,23.0,2132.0,91.1479,TRAIN
WH048,2019-04-01,West,68.8804,41.0,1498.0,94.9563,TRAIN
WH048,2019-04-01,West,73.4495,34.0,2168.0,97.7293,TRAIN
WH048,2019-04-01,West,63.9525,29.0,1064.0,86.548,TRAIN
WH049,2019-04-01,West,89.9498,42.0,1254.0,88.2414,TRAIN
WH049,2019-04-01,South,89.7432,35.0,1971.0,,TRAIN
WH049,2019-04-01,South,70.0976,30.0,1520.0,88.0938,TRAIN
WH050,2019-04-01,South,71.4913,26.0,2143.0,85.9015,TRAIN
WH050,2019-04-01,West,91.9149,43.0,,91.7515,TRAIN
WH050,2019-04-01,East,67.9013,,2370.0,92.3348,TRAIN
WH001,2019-05-01,South,52.2161,18.0,1074.0,91.8473,TRAIN
WH001,2019-05-01,West,74.3608,33.0,2280.0,,TRAIN
WH001,2019-05-01,West,93.0267,18.0,1718.0,90.6785,TRAIN
WH002,2019-05-01,Central,43.0246,41.0,2258.0,86.5717,TRAIN
WH002,2019-05-01,East,91.4941,9.0,2192.0,89.4982,TRAIN
WH002,2019-05-01,North,92.7334,21.0,1731.0,92.7005,TRAIN
WH003,2019-05-01,North,97.4946,39.0,2142.0,87.9167,TRAIN
WH003,2019-05-01,Central,91.1914,18.0,1699.0,89.7915,TRAIN
WH003,2019-05-01,East,72.8427,40.0,1029.0,87.9464,TRAIN
WH004,2019-05-01,North,45.7471,24.0,1723.0,95.3811,TRAIN
WH004,2019-05-01,West,72.8908,9.0,289.0,93.93,TRAIN
WH004,2019-05-01,Central,61.9165,,595.0,94.5604,TRAIN
WH005,2019-05-01,West,93.1729,37.0,2449.0,,TRAIN
WH005,2019-05-01,North,82.8563,22.0,832.0,91.5137,TRAIN
WH005,2019-05-01,Central,57.8739,36.0,416.0,94.8695,TRAIN
WH006,2019-05-01,East,70.1335,43.0,721.0,94.9788,TRAIN
WH006,2019-05-01,East,78.0569,8.0,224.0,96.3092,TRAIN
WH006,2019-05-01,North,45.0804,17.0,2290.0,85.9662,TRAIN
WH007,2019-05-01,West,48.7136,24.0,1309.0,96.518,TRAIN
WH007,2019-05-01,South,65.9932,5.0,1164.0,88.4224,TRAIN
WH007,2019-05-01,North,41.7269,6.0,355.0,87.9146,TRAIN
WH008,2019-05-01,West,46.8503,20.0,268.0,91.9197,TRAIN
WH008,2019-05-01,West,48.6821,41.0,,96.733,TRAIN
WH008,2019-05-01,West,89.963,14.0,2021.0,90.9012,TRAIN
WH009,2019-05-01,North,47.1161,14.0,389.0,98.3241,TRAIN
WH009,2019-05-01,North,86.1938,32.0,483.0,93.2017,TRAIN
WH009,2019-05-01,South,78.1104,28.0,1688.0,94.3799,TRAIN
WH010,2019-05-01,North,52.7841,39.0,1443.0,93.7603,TRAIN
WH010,2019-05-01,North,60.585,13.0,1965.0,94.9339,TRAIN
WH010,2019-05-01,Central,53.8827,44.0,1727.0,96.5732,TRAIN
WH011,2019-05-01,West,97.9556,15.0,1716.0,85.2313,TRAIN
WH011,2019-05-01,East,55.1122,,261.0,85.3931,TRAIN
WH011,2019-05-01,South,91.1019,18.0,1179.0,96.7299,TRAIN
WH012,2019-05-01,North,63.9356,10.0,1211.0,90.5328,TRAIN
WH012,2019-05-01,South,77.3105,24.0,1625.0,93.0303,TRAIN
WH012,2019-05-01,South,60.2433,22.0,2394.0,85.2478,TRAIN
WH013,2019-05-01,East,88.3412,29.0,2430.0,91.1816,TRAIN
WH013,2019-05-01,West,96.6173,13.0,902.0,,TRAIN
WH013,2019-05-01,Central,75.0018,44.0,2477.0,87.2705,TRAIN
WH014,2019-05-01,South,46.4377,7.0,416.0,93.9623,TRAIN
WH014,2019-05-01,Central,,,301.0,86.8498,TRAIN
WH014,2019-05-01,West,72.5417,27.0,335.0,93.3287,TRAIN
WH015,2019-05-01,West,65.1465,43.0,1633.0,90.5657,TRAIN
WH015,2019-05-01,North,61.343,43.0,416.0,85.9607,TRAIN
WH015,2019-05-01,West,46.7991,11.0,2155.0,88.4779,TRAIN
WH016,2019-05-01,East,44.8292,30.0,1373.0,95.0217,TRAIN
WH016,2019-05-01,Central,91.2504,20.0,1298.0,93.4788,TRAIN
WH016,2019-05-01,North,,7.0,2300.0,87.4205,TRAIN
WH017,2019-05-01,East,66.3781,43.0,235.0,96.0385,TRAIN
WH017,2019-05-01,South,66.2401,18.0,1064.0,96.8886,TRAIN
WH017,2019-05-01,West,64.3202,11.0,387.0,96.0301,TRAIN
WH018,2019-05-01,Central,74.7359,12.0,525.0,92.2975,TRAIN
WH018,2019-05-01,South,76.2889,41.0,2424.0,90.1855,TRAIN
WH018,2019-05-01,Central,78.0764,32.0,1923.0,93.4672,TRAIN
WH019,2019-05-01,East,53.5894,10.0,852.0,86.7741,TRAIN
WH019,2019-05-01,South,96.649,36.0,1830.0,90.3819,TRAIN
WH019,2019-05-01,South,90.7438,37.0,2083.0,93.9385,TRAIN
WH020,2019-05-01,North,48.3772,27.0,1169.0,95.7572,TRAIN
WH020,2019-05-01,East,56.0658,10.0,1762.0,93.829,TRAIN
WH020,2019-05-01,West,41.6619,8.0,279.0,93.8078,TRAIN
WH021,2019-05-01,North,82.6732,35.0,1743.0,88.8079,TRAIN
WH021,2019-05-01,East,65.5386,28.0,1026.0,97.6335,TRAIN
WH021,2019-05-01,West,79.8593,35.0,1401.0,98.94,TRAIN
WH022,2019-05-01,North,,27.0,1341.0,96.5066,TRAIN
WH022,2019-05-01,Central,61.9091,41.0,1260.0,86.7314,TRAIN
WH022,2019-05-01,West,60.4556,18.0,604.0,96.0181,TRAIN
WH023,2019-05-01,South,83.3332,27.0,,95.7091,TRAIN
WH023,2019-05-01,North,59.505,30.0,1709.0,93.4314,TRAIN
WH023,2019-05-01,North,62.1659,25.0,1348.0,87.7297,TRAIN
WH024,2019-05-01,South,79.1105,29.0,882.0,96.3873,TRAIN
WH024,2019-05-01,West,82.4249,16.0,546.0,88.7147,TRAIN
WH024,2019-05-01,East,,33.0,1026.0,88.0781,TRAIN
WH025,2019-05-01,Central,83.928,16.0,1723.0,93.134,TRAIN
WH025,2019-05-01,South,,11.0,1406.0,87.2976,TRAIN
WH025,2019-05-01,Central,65.7402,5.0,1745.0,85.4129,TRAIN
WH026,2019-05-01,East,82.9971,5.0,1853.0,92.3216,TRAIN
WH026,2019-05-01,West,95.7228,13.0,701.0,97.9062,TRAIN
WH026,2019-05-01,Central,51.8793,5.0,2423.0,94.6812,TRAIN
WH027,2019-05-01,East,,19.0,2297.0,96.3456,TRAIN
WH027,2019-05-01,West,53.9812,30.0,1019.0,95.8815,TRAIN
WH027,2019-05-01,South,88.1355,10.0,377.0,93.2224,TRAIN
WH028,2019-05-01,West,76.8138,16.0,195.0,95.485,TRAIN
WH028,2019-05-01,South,73.5414,44.0,2137.0,86.9821,TRAIN
WH028,2019-05-01,Central,79.5098,16.0,1910.0,94.2052,TRAIN
WH029,2019-05-01,East,60.6756,20.0,,97.2612,TRAIN
WH029,2019-05-01,North,80.5324,14.0,1117.0,96.7187,TRAIN
WH029,2019-05-01,South,40.1867,21.0,2365.0,86.6467,TRAIN
WH030,2019-05-01,East,,38.0,1033.0,95.9983,TRAIN
WH030,2019-05-01,East,52.5097,5.0,1446.0,92.8367,TRAIN
WH030,2019-05-01,East,74.9989,35.0,2071.0,85.3905,TRAIN
WH031,2019-05-01,North,61.4475,19.0,1371.0,88.3429,TRAIN
WH031,2019-05-01,West,40.3303,20.0,2342.0,90.4103,TRAIN
WH031,2019-05-01,South,92.4145,36.0,1911.0,98.5777,TRAIN
WH032,2019-05-01,East,77.733,34.0,2308.0,89.7392,TRAIN
WH032,2019-05-01,East,94.3584,16.0,290.0,97.0498,TRAIN
WH032,2019-05-01,East,72.6056,6.0,550.0,91.9991,TRAIN
WH033,2019-05-01,North,97.9866,41.0,,95.6855,TRAIN
WH033,2019-05-01,Central,84.6453,12.0,2198.0,87.7413,TRAIN
WH033,2019-05-01,East,46.0974,33.0,2251.0,88.1236,TRAIN
WH034,2019-05-01,North,85.4702,39.0,837.0,96.7269,TRAIN
WH034,2019-05-01,North,92.8006,25.0,2122.0,95.2598,TRAIN
WH034,2019-05-01,Central,,,1078.0,89.6119,TRAIN
WH035,2019-05-01,Central,56.2591,12.0,,94.2963,TRAIN
WH035,2019-05-01,East,45.2703,37.0,194.0,98.8314,TRAIN
WH035,2019-05-01,North,95.6848,43.0,1200.0,95.684,TRAIN
WH036,2019-05-01,East,47.9222,7.0,334.0,90.4443,TRAIN
WH036,2019-05-01,Central,73.6894,35.0,2283.0,90.7047,TRAIN
WH036,2019-05-01,South,45.8873,38.0,2242.0,85.4628,TRAIN
WH037,2019-05-01,South,89.1473,36.0,1865.0,93.5306,TRAIN
WH037,2019-05-01,West,46.5982,10.0,2114.0,88.7998,TRAIN
WH037,2019-05-01,East,42.8277,15.0,864.0,89.506,TRAIN
WH038,2019-05-01,West,50.7767,37.0,2043.0,95.6743,TRAIN
WH038,2019-05-01,East,52.5906,6.0,1119.0,94.9131,TRAIN
WH038,2019-05-01,North,68.6871,40.0,201.0,85.0309,TRAIN
WH039,2019-05-01,West,83.351,22.0,1707.0,96.1653,TRAIN
WH039,2019-05-01,East,69.2791,9.0,692.0,90.2947,TRAIN
WH039,2019-05-01,South,62.3706,18.0,2083.0,86.8444,TRAIN
WH040,2019-05-01,West,43.9572,41.0,2100.0,90.7058,TRAIN
WH040,2019-05-01,West,66.3386,11.0,1257.0,89.3231,TRAIN
WH040,2019-05-01,East,66.669,42.0,435.0,92.8069,TRAIN
WH041,2019-05-01,East,47.6807,16.0,1675.0,90.4004,TRAIN
WH041,2019-05-01,North,56.9024,39.0,982.0,87.2389,TRAIN
WH041,2019-05-01,West,77.8939,32.0,1147.0,87.6895,TRAIN
WH042,2019-05-01,South,87.9074,40.0,327.0,,TRAIN
WH042,2019-05-01,North,63.6129,31.0,1692.0,89.9481,TRAIN
WH042,2019-05-01,South,96.973,,1979.0,96.9982,TRAIN
WH043,2019-05-01,West,40.5103,32.0,1889.0,98.3327,TRAIN
WH043,2019-05-01,Central,61.8915,18.0,1313.0,87.7059,TRAIN
WH043,2019-05-01,South,61.6456,12.0,2075.0,96.908,TRAIN
WH044,2019-05-01,West,65.2177,29.0,2476.0,97.2553,TRAIN
WH044,2019-05-01,Central,86.954,22.0,2185.0,86.7171,TRAIN
WH044,2019-05-01,Central,80.8773,30.0,565.0,93.836,TRAIN
WH045,2019-05-01,Central,,25.0,,86.7228,TRAIN
WH045,2019-05-01,North,43.0684,42.0,300.0,98.0297,TRAIN
WH045,2019-05-01,Central,56.384,37.0,712.0,86.5609,TRAIN
WH046,2019-05-01,North,61.1544,11.0,575.0,95.916,TRAIN
WH046,2019-05-01,Central,66.4726,12.0,215.0,95.8846,TRAIN
WH046,2019-05-01,East,45.6926,39.0,1790.0,94.4368,TRAIN
WH047,2019-05-01,East,89.8555,34.0,399.0,85.5032,TRAIN
WH047,2019-05-01,North,65.8104,31.0,2382.0,92.917,TRAIN
WH047,2019-05-01,West,64.9328,22.0,2088.0,85.6384,TRAIN
WH048,2019-05-01,East,97.531,21.0,1268.0,85.5779,TRAIN
WH048,2019-05-01,East,92.9837,39.0,795.0,91.871,TRAIN
WH048,2019-05-01,West,89.0558,9.0,946.0,98.1849,TRAIN
WH049,2019-05-01,South,57.1051,42.0,451.0,88.4337,TRAIN
WH049,2019-05-01,East,78.9575,25.0,2425.0,97.4081,TRAIN
WH049,2019-05-01,Central,91.5671,43.0,992.0,88.2704,TRAIN
WH050,2019-05-01,West,48.566,36.0,1230.0,95.2309,TRAIN
WH050,2019-05-01,South,93.3062,38.0,2218.0,93.4885,TRAIN
WH050,2019-05-01,South,70.2315,39.0,2484.0,89.7743,TRAIN
WH001,2019-06-01,South,85.6527,,1819.0,86.2607,TRAIN
WH001,2019-06-01,West,55.01,39.0,2136.0,87.538,TRAIN
WH001,2019-06-01,North,93.1497,18.0,113.0,98.0934,TRAIN
WH002,2019-06-01,Central,40.9384,16.0,1627.0,88.8003,TRAIN
WH002,2019-06-01,North,63.7895,38.0,2168.0,90.9616,TRAIN
WH002,2019-06-01,South,63.5037,39.0,2221.0,87.8071,TRAIN
WH003,2019-06-01,West,45.754,8.0,746.0,97.252,TRAIN
WH003,2019-06-01,East,82.8103,39.0,2370.0,92.9319,TRAIN
WH003,2019-06-01,East,70.6327,,2092.0,95.3968,TRAIN
WH004,2019-06-01,East,92.3215,12.0,1281.0,86.8686,TRAIN
WH004,2019-06-01,West,78.8684,16.0,2219.0,87.8283,TRAIN
WH004,2019-06-01,Central,87.1259,40.0,1797.0,94.9111,TRAIN
WH005,2019-06-01,West,56.3583,11.0,217.0,93.8532,TRAIN
WH005,2019-06-01,West,92.16,27.0,262.0,85.0367,TRAIN
WH005,2019-06-01,East,49.1981,26.0,2111.0,97.4913,TRAIN
WH006,2019-06-01,East,51.3711,6.0,686.0,,TRAIN
WH006,2019-06-01,North,65.7008,21.0,586.0,95.0542,TRAIN
WH006,2019-06-01,North,95.0556,32.0,242.0,93.7835,TRAIN
WH007,2019-06-01,North,42.3451,32.0,2052.0,95.2225,TRAIN
WH007,2019-06-01,Central,65.4407,33.0,798.0,88.8985,TRAIN
WH007,2019-06-01,Central,82.5772,35.0,1880.0,98.8371,TRAIN
WH008,2019-06-01,South,,40.0,1986.0,85.5966,TRAIN
WH008,2019-06-01,South,83.8739,37.0,226.0,89.1641,TRAIN
WH008,2019-06-01,North,78.6706,10.0,778.0,,TRAIN
WH009,2019-06-01,East,86.3602,40.0,2039.0,89.6914,TRAIN
WH009,2019-06-01,South,59.5281,27.0,2408.0,96.9451,TRAIN
WH009,2019-06-01,Central,,5.0,2064.0,91.2046,TRAIN
WH010,2019-06-01,South,69.1097,37.0,1453.0,93.266,TRAIN
WH010,2019-06-01,West,41.4596,24.0,568.0,98.366,TRAIN
WH010,2019-06-01,South,62.3537,42.0,2327.0,97.7019,TRAIN
WH011,2019-06-01,Central,77.134,28.0,1284.0,97.8526,TRAIN
WH011,2019-06-01,West,81.6222,34.0,2243.0,91.5426,TRAIN
WH011,2019-06-01,East,81.4818,29.0,1293.0,89.4798,TRAIN
WH012,2019-06-01,North,49.135,30.0,1552.0,86.0469,TRAIN
WH012,2019-06-01,North,60.3578,26.0,2289.0,86.4947,TRAIN
WH012,2019-06-01,West,68.3694,26.0,1991.0,94.2838,TRAIN
WH013,2019-06-01,Central,64.8677,39.0,762.0,88.9919,TRAIN
WH013,2019-06-01,West,50.6128,21.0,1533.0,89.3858,TRAIN
WH013,2019-06-01,North,62.3741,18.0,1983.0,95.4451,TRAIN
WH014,2019-06-01,North,,20.0,2424.0,89.527,TRAIN
WH014,2019-06-01,South,72.1209,34.0,1655.0,98.9085,TRAIN
WH014,2019-06-01,South,88.1764,42.0,344.0,97.7518,TRAIN
WH015,2019-06-01,Central,42.9077,24.0,1222.0,89.1118,TRAIN
WH015,2019-06-01,South,80.3452,26.0,711.0,93.0079,TRAIN
WH015,2019-06-01,East,81.7533,6.0,1127.0,86.5418,TRAIN
WH016,2019-06-01,West,82.5143,33.0,1692.0,87.981,TRAIN
WH016,2019-06-01,North,55.0727,11.0,1333.0,90.2863,TRAIN
WH016,2019-06-01,South,58.6162,35.0,862.0,95.3274,TRAIN
WH017,2019-06-01,East,69.7325,15.0,1659.0,92.3433,TRAIN
WH017,2019-06-01,North,49.1576,23.0,127.0,92.1802,TRAIN
WH017,2019-06-01,East,80.3324,44.0,1478.0,90.4885,TRAIN
WH018,2019-06-01,East,77.4585,15.0,788.0,85.3483,TRAIN
WH018,2019-06-01,North,69.0189,34.0,1269.0,97.7829,TRAIN
WH018,2019-06-01,North,92.0552,21.0,1223.0,97.157,TRAIN
WH019,2019-06-01,North,64.3748,43.0,998.0,95.2228,TRAIN
WH019,2019-06-01,Central,63.7793,29.0,2141.0,98.8485,TRAIN
WH019,2019-06-01,North,54.5172,22.0,2371.0,86.0019,TRAIN
WH020,2019-06-01,South,57.1315,36.0,2161.0,87.6552,TRAIN
WH020,2019-06-01,West,68.6535,41.0,1507.0,92.7926,TRAIN
WH020,2019-06-01,Central,70.8838,20.0,1924.0,94.4649,TRAIN
WH021,2019-06-01,North,89.8676,42.0,2312.0,93.3001,TRAIN
WH021,2019-06-01,Central,61.5235,18.0,2478.0,85.8362,TRAIN
WH021,2019-06-01,North,70.5013,42.0,2498.0,92.9767,TRAIN
WH022,2019-06-01,Central,95.6933,42.0,827.0,98.4557,TRAIN
WH022,2019-06-01,South,82.6497,37.0,1948.0,91.7113,TRAIN
WH022,2019-06-01,Central,56.6524,32.0,2027.0,89.9858,TRAIN
WH023,2019-06-01,South,46.0887,16.0,1541.0,95.1864,TRAIN
WH023,2019-06-01,West,82.4721,40.0,1197.0,96.8309,TRAIN
WH023,2019-06-01,West,77.2778,9.0,870.0,94.6575,TRAIN
WH024,2019-06-01,East,75.4731,5.0,523.0,86.5205,TRAIN
WH024,2019-06-01,North,56.7662,28.0,1383.0,86.7305,TRAIN
WH024,2019-06-01,East,,39.0,1913.0,87.54,TRAIN
WH025,2019-06-01,West,85.8997,31.0,1400.0,97.9266,TRAIN
WH025,2019-06-01,East,61.1572,30.0,1514.0,86.9427,TRAIN
WH025,2019-06-01,South,65.5384,6.0,980.0,96.8145,TRAIN
WH026,2019-06-01,East,55.3409,39.0,306.0,90.725,TRAIN
WH026,2019-06-01,South,94.4085,31.0,159.0,92.2371,TRAIN
WH026,2019-06-01,Central,68.3746,34.0,1248.0,96.9686,TRAIN
WH027,2019-06-01,South,80.2566,32.0,1221.0,93.7346,TRAIN
WH027,2019-06-01,West,81.62,35.0,1857.0,86.4411,TRAIN
WH027,2019-06-01,South,55.6827,40.0,2029.0,96.0727,TRAIN
WH028,2019-06-01,Central,94.9834,24.0,776.0,95.88,TRAIN
WH028,2019-06-01,West,97.328,13.0,1672.0,92.6889,TRAIN
WH028,2019-06-01,North,71.7082,36.0,1468.0,98.5429,TRAIN
WH029,2019-06-01,Central,75.1368,21.0,807.0,94.5168,TRAIN
WH029,2019-06-01,North,60.0851,15.0,1284.0,86.3767,TRAIN
WH029,2019-06-01,Central,62.878,18.0,562.0,97.5274,TRAIN
WH030,2019-06-01,East,47.1942,44.0,1484.0,87.8924,TRAIN
WH030,2019-06-01,North,46.6591,39.0,1305.0,91.0221,TRAIN
WH030,2019-06-01,West,79.9301,40.0,2417.0,86.0716,TRAIN
WH031,2019-06-01,East,42.543,25.0,1972.0,,TRAIN
WH031,2019-06-01,North,86.7859,44.0,1182.0,87.1578,TRAIN
WH031,2019-06-01,East,80.516,12.0,492.0,91.0619,TRAIN
WH032,2019-06-01,Central,50.4313,,1725.0,90.7851,TRAIN
WH032,2019-06-01,South,64.3858,43.0,2395.0,85.5973,TRAIN
WH032,2019-06-01,North,69.5902,27.0,487.0,,TRAIN
WH033,2019-06-01,West,85.0751,31.0,2260.0,87.7922,TRAIN
WH033,2019-06-01,South,91.793,31.0,620.0,90.0483,TRAIN
WH033,2019-06-01,South,46.0274,24.0,1555.0,93.8235,TRAIN
WH034,2019-06-01,West,,26.0,743.0,96.3565,TRAIN
WH034,2019-06-01,West,77.9345,11.0,946.0,96.8177,TRAIN
WH034,2019-06-01,Central,57.7383,19.0,1584.0,87.5983,TRAIN
WH035,2019-06-01,Central,61.0084,32.0,667.0,98.3837,TRAIN
WH035,2019-06-01,West,71.1729,32.0,678.0,96.8556,TRAIN
WH035,2019-06-01,Central,59.3485,23.0,1150.0,93.8768,TRAIN
WH036,2019-06-01,West,75.4407,26.0,1314.0,88.2362,TRAIN
WH036,2019-06-01,North,47.5239,32.0,1808.0,91.0825,TRAIN
WH036,2019-06-01,North,90.4,8.0,736.0,93.8494,TRAIN
WH037,2019-06-01,South,69.0312,13.0,788.0,96.8608,TRAIN
WH037,2019-06-01,East,69.6934,36.0,1749.0,86.2533,TRAIN
WH037,2019-06-01,South,63.1176,29.0,1157.0,92.8643,TRAIN
WH038,2019-06-01,Central,,,2477.0,90.2107,TRAIN
WH038,2019-06-01,West,48.964,5.0,1951.0,90.7208,TRAIN
WH038,2019-06-01,North,45.6121,17.0,1511.0,91.8521,TRAIN
WH039,2019-06-01,South,88.1771,25.0,1058.0,90.8902,TRAIN
WH039,2019-06-01,South,57.5159,5.0,2163.0,98.4594,TRAIN
WH039,2019-06-01,North,72.4486,10.0,,88.093,TRAIN
WH040,2019-06-01,East,71.454,24.0,1590.0,98.5837,TRAIN
WH040,2019-06-01,Central,71.8901,10.0,1885.0,85.4208,TRAIN
WH040,2019-06-01,East,92.3727,40.0,632.0,89.6094,TRAIN
WH041,2019-06-01,Central,97.6767,14.0,250.0,86.9611,TRAIN
WH041,2019-06-01,West,85.6184,40.0,1086.0,89.0962,TRAIN
WH041,2019-06-01,East,55.0922,7.0,1668.0,86.1545,TRAIN
WH042,2019-06-01,Central,46.2033,34.0,1176.0,,TRAIN
WH042,2019-06-01,North,82.975,34.0,717.0,98.4137,TRAIN
WH042,2019-06-01,West,85.3837,33.0,1180.0,95.2371,TRAIN
WH043,2019-06-01,North,41.6526,25.0,1845.0,97.8816,TRAIN
WH043,2019-06-01,South,90.9344,,575.0,87.6592,TRAIN
WH043,2019-06-01,West,63.3066,20.0,496.0,93.9171,TRAIN
WH044,2019-06-01,West,49.2108,29.0,1360.0,97.4217,TRAIN
WH044,2019-06-01,East,90.4254,,1912.0,93.1547,TRAIN
WH044,2019-06-01,West,73.2876,40.0,781.0,93.1142,TRAIN
WH045,2019-06-01,Central,43.516,16.0,1937.0,87.7318,TRAIN
WH045,2019-06-01,East,44.8487,40.0,2306.0,96.4698,TRAIN
WH045,2019-06-01,West,77.8884,24.0,974.0,93.7973,TRAIN
WH046,2019-06-01,East,76.5399,25.0,140.0,97.9716,TRAIN
WH046,2019-06-01,West,45.479,10.0,1885.0,96.4073,TRAIN
WH046,2019-06-01,East,78.4509,25.0,1429.0,92.3136,TRAIN
WH047,2019-06-01,West,77.7644,15.0,281.0,92.1312,TRAIN
WH047,2019-06-01,Central,90.1881,19.0,1351.0,89.675,TRAIN
WH047,2019-06-01,West,74.9525,25.0,576.0,90.4733,TRAIN
WH048,2019-06-01,Central,57.4189,10.0,328.0,94.784,TRAIN
WH048,2019-06-01,East,52.6925,14.0,913.0,93.3989,TRAIN
WH048,2019-06-01,West,81.8547,38.0,174.0,97.0136,TRAIN
WH049,2019-06-01,Central,89.2779,14.0,1880.0,92.4247,TRAIN
WH049,2019-06-01,North,48.237,9.0,203.0,93.8584,TRAIN
WH049,2019-06-01,East,59.7875,16.0,1717.0,87.6873,TRAIN
WH050,2019-06-01,South,71.9695,8.0,795.0,93.0991,TRAIN
WH050,2019-06-01,West,72.9136,23.0,,89.3523,TRAIN
WH050,2019-06-01,North,76.7329,30.0,632.0,90.2835,TRAIN
WH001,2019-07-01,Central,55.7961,31.0,405.0,96.1074,TRAIN
WH001,2019-07-01,East,92.936,43.0,1794.0,98.8539,TRAIN
WH001,2019-07-01,West,44.7754,,501.0,98.0974,TRAIN
WH002,2019-07-01,East,75.0028,8.0,1613.0,91.7197,TRAIN
WH002,2019-07-01,West,58.5346,14.0,148.0,94.8939,TRAIN
WH002,2019-07-01,East,53.8224,27.0,258.0,85.1804,TRAIN
WH003,2019-07-01,South,79.1436,42.0,1542.0,90.9102,TRAIN
WH003,2019-07-01,West,,41.0,2158.0,95.7946,TRAIN
WH003,2019-07-01,West,83.5667,34.0,793.0,87.4256,TRAIN
WH004,2019-07-01,West,71.2933,10.0,1612.0,94.6741,TRAIN
WH004,2019-07-01,North,76.6476,29.0,2142.0,87.8739,TRAIN
WH004,2019-07-01,East,84.9578,25.0,1180.0,87.2438,TRAIN
WH005,2019-07-01,Central,94.9445,21.0,867.0,98.5633,TRAIN
WH005,2019-07-01,East,63.8319,20.0,1311.0,94.2248,TRAIN
WH005,2019-07-01,South,44.6426,37.0,2425.0,94.6659,TRAIN
WH006,2019-07-01,Central,55.6745,5.0,1079.0,86.1427,TRAIN
WH006,2019-07-01,North,73.8537,22.0,726.0,90.7859,TRAIN
WH006,2019-07-01,North,56.3336,14.0,953.0,85.9457,TRAIN
WH007,2019-07-01,East,87.0772,23.0,161.0,96.2594,TRAIN
WH007,2019-07-01,South,74.4337,19.0,1967.0,91.881,TRAIN
WH007,2019-07-01,North,91.9982,41.0,2252.0,96.8253,TRAIN
WH008,2019-07-01,West,84.699,19.0,1446.0,89.7537,TRAIN
WH008,2019-07-01,Central,83.9257,42.0,1201.0,98.5601,TRAIN
WH008,2019-07-01,North,71.3917,26.0,102.0,93.0456,TRAIN
WH009,2019-07-01,North,41.7437,10.0,1135.0,88.537,TRAIN
WH009,2019-07-01,South,48.5682,28.0,189.0,96.4907,TRAIN
WH009,2019-07-01,West,50.9532,27.0,2313.0,95.6199,TRAIN
WH010,2019-07-01,Central,43.7894,23.0,2029.0,98.5547,TRAIN
WH010,2019-07-01,North,88.6641,25.0,1846.0,91.9777,TRAIN
WH010,2019-07-01,South,90.6614,43.0,629.0,88.6909,TRAIN
WH011,2019-07-01,Central,55.7425,34.0,974.0,92.2653,TRAIN
WH011,2019-07-01,North,51.5104,7.0,842.0,90.0381,TRAIN
WH011,2019-07-01,South,89.0491,25.0,1433.0,85.5617,TRAIN
WH012,2019-07-01,North,43.5823,20.0,902.0,88.1338,TRAIN
WH012,2019-07-01,West,42.077,38.0,150.0,94.2603,TRAIN
WH012,2019-07-01,East,62.156,11.0,547.0,98.0449,TRAIN
WH013,2019-07-01,South,,12.0,293.0,,TRAIN
WH013,2019-07-01,East,67.9147,25.0,1671.0,91.9354,TRAIN
WH013,2019-07-01,Central,89.8796,30.0,1157.0,,TRAIN
WH014,2019-07-01,West,93.8975,23.0,2131.0,96.8273,TRAIN
WH014,2019-07-01,Central,59.6352,32.0,925.0,91.4968,TRAIN
WH014,2019-07-01,South,61.0741,16.0,2075.0,92.7134,TRAIN
WH015,2019-07-01,North,78.1602,36.0,1445.0,85.3897,TRAIN
WH015,2019-07-01,North,69.2434,34.0,271.0,96.2495,TRAIN
WH015,2019-07-01,North,50.815,19.0,2108.0,88.8854,TRAIN
WH016,2019-07-01,North,43.3881,38.0,1461.0,88.7899,TRAIN
WH016,2019-07-01,East,68.3222,5.0,520.0,95.4087,TRAIN
WH016,2019-07-01,Central,48.8274,22.0,144.0,88.5726,TRAIN
WH017,2019-07-01,South,42.5634,33.0,2228.0,95.652,TRAIN
WH017,2019-07-01,East,94.2226,35.0,2395.0,94.7749,TRAIN
WH017,2019-07-01,West,58.8757,43.0,726.0,88.0018,TRAIN
WH018,2019-07-01,Central,64.0156,43.0,1453.0,87.8727,TRAIN
WH018,2019-07-01,East,50.7734,43.0,213.0,98.3052,TRAIN
WH018,2019-07-01,North,53.3658,,435.0,88.591,TRAIN
WH019,2019-07-01,North,67.2396,36.0,419.0,85.6393,TRAIN
WH019,2019-07-01,East,46.1137,43.0,308.0,90.1796,TRAIN
WH019,2019-07-01,East,89.6476,5.0,1545.0,96.7826,TRAIN
WH020,2019-07-01,East,79.7923,14.0,887.0,96.3752,TRAIN
WH020,2019-07-01,West,94.8396,43.0,392.0,86.6414,TRAIN
WH020,2019-07-01,Central,43.9024,26.0,1472.0,93.0899,TRAIN
WH021,2019-07-01,North,82.8278,18.0,371.0,90.3925,TRAIN
WH021,2019-07-01,South,77.2403,8.0,377.0,95.2115,TRAIN
WH021,2019-07-01,Central,48.3344,24.0,738.0,87.8647,TRAIN
WH022,2019-07-01,East,81.3582,11.0,605.0,95.4659,TRAIN
WH022,2019-07-01,South,67.6791,25.0,1745.0,92.2839,TRAIN
WH022,2019-07-01,East,52.0295,25.0,1642.0,95.2693,TRAIN
WH023,2019-07-01,East,84.5245,,1394.0,85.3636,TRAIN
WH023,2019-07-01,East,49.857,25.0,1446.0,85.36,TRAIN
WH023,2019-07-01,South,82.0642,12.0,772.0,91.2268,TRAIN
WH024,2019-07-01,Central,65.1639,12.0,370.0,98.7221,TRAIN
WH024,2019-07-01,North,78.8668,9.0,1548.0,87.6213,TRAIN
WH024,2019-07-01,East,52.5897,37.0,441.0,89.7918,TRAIN
WH025,2019-07-01,North,88.8809,11.0,576.0,94.6596,TRAIN
WH025,2019-07-01,North,63.3135,13.0,,86.5738,TRAIN
WH025,2019-07-01,South,71.6402,5.0,573.0,85.6665,TRAIN
WH026,2019-07-01,West,43.5762,22.0,1415.0,96.9737,TRAIN
WH026,2019-07-01,West,68.1781,6.0,1359.0,93.0615,TRAIN
WH026,2019-07-01,East,93.9039,42.0,1181.0,90.4576,TRAIN
WH027,2019-07-01,South,55.5055,22.0,145.0,95.4647,TRAIN
WH027,2019-07-01,East,94.7488,7.0,1698.0,92.8458,TRAIN
WH027,2019-07-01,East,59.1055,23.0,739.0,85.4247,TRAIN
WH028,2019-07-01,West,76.4277,15.0,1175.0,88.3272,TRAIN
WH028,2019-07-01,South,40.8424,23.0,2104.0,90.2538,TRAIN
WH028,2019-07-01,East,48.7105,39.0,,87.6675,TRAIN
WH029,2019-07-01,East,42.88,42.0,239.0,92.725,TRAIN
WH029,2019-07-01,East,77.6582,11.0,308.0,86.1562,TRAIN
WH029,2019-07-01,Central,71.8277,33.0,1842.0,97.6858,TRAIN
WH030,2019-07-01,West,89.8651,,723.0,89.8504,TRAIN
WH030,2019-07-01,East,49.4404,19.0,1751.0,86.9574,TRAIN
WH030,2019-07-01,West,,35.0,1541.0,89.023,TRAIN
WH031,2019-07-01,North,82.714,,1254.0,96.1043,TRAIN
WH031,2019-07-01,North,94.8178,43.0,1942.0,97.2584,TRAIN
WH031,2019-07-01,South,66.1845,28.0,1587.0,85.4424,TRAIN
WH032,2019-07-01,North,,37.0,107.0,96.8127,TRAIN
WH032,2019-07-01,South,71.771,43.0,298.0,85.4642,TRAIN
WH032,2019-07-01,East,52.4002,7.0,2458.0,86.981,TRAIN
WH033,2019-07-01,North,53.1147,17.0,955.0,89.828,TRAIN
WH033,2019-07-01,Central,45.009,33.0,1673.0,94.8296,TRAIN
WH033,2019-07-01,North,75.4229,13.0,2287.0,88.909,TRAIN
WH034,2019-07-01,Central,65.9428,43.0,1847.0,88.1696,TRAIN
WH034,2019-07-01,West,80.3192,28.0,207.0,98.4283,TRAIN
WH034,2019-07-01,North,87.2651,30.0,1344.0,91.2946,TRAIN
WH035,2019-07-01,South,90.7612,35.0,1648.0,88.4766,TRAIN
WH035,2019-07-01,North,58.0124,25.0,159.0,86.8383,TRAIN
WH035,2019-07-01,South,48.5578,28.0,2480.0,90.4931,TRAIN
WH036,2019-07-01,East,48.9527,13.0,611.0,97.0162,TRAIN
WH036,2019-07-01,East,73.2313,31.0,1876.0,86.4055,TRAIN
WH036,2019-07-01,Central,74.7862,20.0,1928.0,90.6298,TRAIN
WH037,2019-07-01,North,43.3209,37.0,1676.0,97.2494,TRAIN
WH037,2019-07-01,East,63.5615,10.0,834.0,89.9128,TRAIN
WH037,2019-07-01,Central,96.5893,19.0,249.0,95.7647,TRAIN
WH038,2019-07-01,South,97.9416,23.0,457.0,,TRAIN
WH038,2019-07-01,Central,94.4181,11.0,497.0,89.2623,TRAIN
WH038,2019-07-01,Central,66.9204,36.0,1059.0,91.2519,TRAIN
WH039,2019-07-01,South,56.228,33.0,1609.0,85.0365,TRAIN
WH039,2019-07-01,West,78.0396,41.0,741.0,93.4088,TRAIN
WH039,2019-07-01,West,66.2867,12.0,1768.0,89.755,TRAIN
WH040,2019-07-01,South,56.6783,31.0,2233.0,95.2471,TRAIN
WH040,2019-07-01,West,74.7617,9.0,1198.0,95.687,TRAIN
WH040,2019-07-01,West,66.3011,13.0,897.0,85.6664,TRAIN
WH041,2019-07-01,North,97.0869,8.0,1710.0,97.5878,TRAIN
WH041,2019-07-01,North,90.6489,11.0,1452.0,86.0839,TRAIN
WH041,2019-07-01,East,93.9751,11.0,1155.0,86.35,TRAIN
WH042,2019-07-01,East,57.642,42.0,2302.0,90.9142,TRAIN
WH042,2019-07-01,Central,,11.0,492.0,96.7355,TRAIN
WH042,2019-07-01,South,48.7222,12.0,1660.0,86.396,TRAIN
WH043,2019-07-01,West,71.2812,42.0,161.0,90.7569,TRAIN
WH043,2019-07-01,East,58.139,14.0,2173.0,90.7771,TRAIN
WH043,2019-07-01,North,57.1817,12.0,2340.0,86.1637,TRAIN
WH044,2019-07-01,East,95.8215,43.0,2102.0,88.0837,TRAIN
WH044,2019-07-01,West,40.424,30.0,2297.0,90.2041,TRAIN
WH044,2019-07-01,West,45.8295,12.0,454.0,85.6013,TRAIN
WH045,2019-07-01,North,79.8778,32.0,,90.48,TRAIN
WH045,2019-07-01,North,84.6413,20.0,1297.0,88.9685,TRAIN
WH045,2019-07-01,Central,66.1409,33.0,1741.0,95.1015,TRAIN
WH046,2019-07-01,Central,47.7632,20.0,2479.0,96.2121,TRAIN
WH046,2019-07-01,South,70.5039,12.0,419.0,97.1615,TRAIN
WH046,2019-07-01,Central,94.5483,35.0,947.0,90.2398,TRAIN
WH047,2019-07-01,South,63.5753,6.0,847.0,86.6591,TRAIN
WH047,2019-07-01,Central,89.5176,21.0,1298.0,85.8586,TRAIN
WH047,2019-07-01,South,93.6561,40.0,463.0,92.9888,TRAIN
WH048,2019-07-01,East,96.4761,26.0,525.0,96.18,TRAIN
WH048,2019-07-01,South,80.1693,42.0,2496.0,98.9044,TRAIN
WH048,2019-07-01,South,54.1732,25.0,1122.0,86.1112,TRAIN
WH049,2019-07-01,North,40.4277,37.0,2237.0,87.0974,TRAIN
WH049,2019-07-01,East,42.1204,25.0,1972.0,96.4778,TRAIN
WH049,2019-07-01,West,89.148,7.0,141.0,91.1654,TRAIN
WH050,2019-07-01,West,94.5933,23.0,1685.0,92.7293,TRAIN
WH050,2019-07-01,South,74.6457,17.0,1759.0,88.6557,TRAIN
WH050,2019-07-01,Central,85.0963,43.0,584.0,90.965,TRAIN
WH001,2019-08-01,North,45.6532,16.0,396.0,88.5643,TRAIN
WH001,2019-08-01,South,50.9605,16.0,2451.0,85.9684,TRAIN
WH001,2019-08-01,South,50.8775,27.0,503.0,93.5606,TRAIN
WH002,2019-08-01,West,52.948,30.0,334.0,94.7537,TRAIN
WH002,2019-08-01,Central,48.9293,20.0,2323.0,90.8334,TRAIN
WH002,2019-08-01,West,48.2789,37.0,1452.0,90.273,TRAIN
WH003,2019-08-01,East,49.4414,11.0,1424.0,96.5079,TRAIN
WH003,2019-08-01,East,56.4416,36.0,2444.0,94.4792,TRAIN
WH003,2019-08-01,North,45.9399,32.0,,94.1982,TRAIN
WH004,2019-08-01,South,46.4663,22.0,378.0,92.4928,TRAIN
WH004,2019-08-01,North,51.1237,20.0,1454.0,93.202,TRAIN
WH004,2019-08-01,Central,55.2774,40.0,111.0,85.9197,TRAIN
WH005,2019-08-01,West,45.1682,39.0,2430.0,89.4802,TRAIN
WH005,2019-08-01,North,45.0328,35.0,548.0,91.0391,TRAIN
WH005,2019-08-01,Central,57.9479,27.0,377.0,92.7755,TRAIN
WH006,2019-08-01,West,59.383,20.0,366.0,88.4618,TRAIN
WH006,2019-08-01,North,53.5139,16.0,2022.0,98.3556,TRAIN
WH006,2019-08-01,West,49.0801,13.0,340.0,94.8538,TRAIN
WH007,2019-08-01,North,55.0899,26.0,748.0,90.5551,TRAIN
WH007,2019-08-01,West,48.4867,32.0,1239.0,94.9099,TRAIN
WH007,2019-08-01,South,58.6076,12.0,1030.0,94.8432,TRAIN
WH008,2019-08-01,South,51.9139,18.0,774.0,92.8729,TRAIN
WH008,2019-08-01,Central,53.4992,24.0,2322.0,93.8064,TRAIN
WH008,2019-08-01,Central,50.1532,8.0,963.0,96.5919,TRAIN
WH009,2019-08-01,West,,39.0,455.0,86.0673,TRAIN
WH009,2019-08-01,North,51.332,44.0,1644.0,87.2053,TRAIN
WH009,2019-08-01,East,52.5488,42.0,2366.0,91.1643,TRAIN
WH010,2019-08-01,East,48.1917,32.0,1905.0,96.7876,TRAIN
WH010,2019-08-01,Central,49.7676,29.0,1826.0,86.546,TRAIN
WH010,2019-08-01,West,57.0528,38.0,1201.0,85.632,TRAIN
WH011,2019-08-01,East,58.2206,15.0,555.0,87.8245,TRAIN
WH011,2019-08-01,North,53.7639,16.0,125.0,91.0445,TRAIN
WH011,2019-08-01,North,49.4852,41.0,888.0,95.0763,TRAIN
WH012,2019-08-01,Central,48.4459,26.0,1459.0,97.5365,TRAIN
WH012,2019-08-01,East,47.0955,15.0,116.0,95.2843,TRAIN
WH012,2019-08-01,Central,56.8588,15.0,585.0,98.1127,TRAIN
WH013,2019-08-01,West,56.6034,27.0,1948.0,85.6437,TRAIN
WH013,2019-08-01,North,45.1267,10.0,661.0,97.4187,TRAIN
WH013,2019-08-01,West,49.5663,12.0,1681.0,98.2927,TRAIN
WH014,2019-08-01,East,,43.0,2208.0,97.6887,TRAIN
WH014,2019-08-01,East,57.1758,24.0,500.0,86.0273,TRAIN
WH014,2019-08-01,East,52.9614,16.0,1940.0,94.6106,TRAIN
WH015,2019-08-01,West,54.7527,17.0,2125.0,91.4603,TRAIN
WH015,2019-08-01,Central,50.6745,26.0,1490.0,86.6582,TRAIN
WH015,2019-08-01,South,59.6599,36.0,1765.0,93.4341,TRAIN
WH016,2019-08-01,Central,57.7083,19.0,898.0,89.4035,TRAIN
WH016,2019-08-01,South,58.2661,30.0,1705.0,86.9195,TRAIN
WH016,2019-08-01,North,51.0216,18.0,1053.0,98.5578,TRAIN
WH017,2019-08-01,Central,46.0769,36.0,1772.0,88.3964,TRAIN
WH017,2019-08-01,Central,54.9025,43.0,669.0,96.3067,TRAIN
WH017,2019-08-01,East,50.6668,42.0,787.0,92.3041,TRAIN
WH018,2019-08-01,West,54.7646,18.0,2435.0,96.8015,TRAIN
WH018,2019-08-01,West,52.6424,39.0,1039.0,90.0472,TRAIN
WH018,2019-08-01,East,48.8407,27.0,1459.0,95.3852,TRAIN
WH019,2019-08-01,East,57.3995,35.0,300.0,89.0559,TRAIN
WH019,2019-08-01,West,58.2759,27.0,1833.0,96.6825,TRAIN
WH019,2019-08-01,East,57.732,28.0,1709.0,92.4462,TRAIN
WH020,2019-08-01,Central,46.248,5.0,1981.0,95.2251,TRAIN
WH020,2019-08-01,West,47.3773,5.0,717.0,97.0463,TRAIN
WH020,2019-08-01,East,54.521,40.0,,85.9795,TRAIN
WH021,2019-08-01,Central,57.2514,43.0,1987.0,94.6649,TRAIN
WH021,2019-08-01,Central,54.7717,10.0,1460.0,98.9455,TRAIN
WH021,2019-08-01,Central,50.4708,28.0,,87.5267,TRAIN
WH022,2019-08-01,South,54.0588,23.0,1672.0,90.2564,TRAIN
WH022,2019-08-01,South,51.9545,7.0,2110.0,94.2944,TRAIN
WH022,2019-08-01,North,56.6055,29.0,573.0,85.8267,TRAIN
WH023,2019-08-01,Central,58.2999,36.0,2215.0,,TRAIN
WH023,2019-08-01,South,50.1149,34.0,,98.1384,TRAIN
WH023,2019-08-01,West,55.4797,27.0,943.0,92.5463,TRAIN
WH024,2019-08-01,North,49.1514,12.0,1773.0,98.8808,TRAIN
WH024,2019-08-01,Central,50.8828,16.0,1608.0,94.8957,TRAIN
WH024,2019-08-01,Central,54.2062,9.0,317.0,85.7576,TRAIN
WH025,2019-08-01,West,55.8002,44.0,1397.0,95.0427,TRAIN
WH025,2019-08-01,East,47.8636,13.0,1820.0,93.9397,TRAIN
WH025,2019-08-01,East,49.5032,33.0,2290.0,95.2676,TRAIN
WH026,2019-08-01,West,50.0365,32.0,1164.0,96.0706,TRAIN
WH026,2019-08-01,East,49.1954,43.0,844.0,88.186,TRAIN
WH026,2019-08-01,North,53.252,40.0,362.0,94.8787,TRAIN
WH027,2019-08-01,South,,40.0,975.0,97.7059,TRAIN
WH027,2019-08-01,North,49.507,27.0,339.0,94.5473,TRAIN
WH027,2019-08-01,South,49.8661,26.0,,95.1006,TRAIN
WH028,2019-08-01,North,46.6539,9.0,392.0,97.0497,TRAIN
WH028,2019-08-01,West,45.2056,42.0,1214.0,90.4705,TRAIN
WH028,2019-08-01,West,51.5473,33.0,724.0,94.4873,TRAIN
WH029,2019-08-01,North,54.4752,23.0,459.0,94.0599,TRAIN
WH029,2019-08-01,Central,45.3142,19.0,278.0,96.2212,TRAIN
WH029,2019-08-01,West,58.7728,20.0,567.0,95.8209,TRAIN
WH030,2019-08-01,Central,50.5077,12.0,2291.0,87.7297,TRAIN
WH030,2019-08-01,East,57.5884,11.0,1619.0,,TRAIN
WH030,2019-08-01,West,54.5047,8.0,1062.0,97.7997,TRAIN
WH031,2019-08-01,Central,48.9526,9.0,1603.0,95.5941,TRAIN
WH031,2019-08-01,South,46.6302,34.0,1912.0,85.7367,TRAIN
WH031,2019-08-01,Central,52.2175,30.0,1700.0,89.0704,TRAIN
WH032,2019-08-01,North,48.3804,36.0,2068.0,91.0786,TRAIN
WH032,2019-08-01,North,49.8398,26.0,1577.0,96.1779,TRAIN
WH032,2019-08-01,North,49.6813,18.0,906.0,93.9364,TRAIN
WH033,2019-08-01,East,50.6392,21.0,1007.0,86.8689,TRAIN
WH033,2019-08-01,Central,58.2959,36.0,1800.0,95.3702,TRAIN
WH033,2019-08-01,Central,,24.0,124.0,,TRAIN
WH034,2019-08-01,Central,53.6958,25.0,286.0,98.4461,TRAIN
WH034,2019-08-01,West,47.9353,16.0,875.0,97.6998,TRAIN
WH034,2019-08-01,Central,46.9645,30.0,426.0,93.88,TRAIN
WH035,2019-08-01,West,52.6333,20.0,1273.0,94.101,TRAIN
WH035,2019-08-01,Central,46.5213,7.0,229.0,93.9498,TRAIN
WH035,2019-08-01,North,57.2185,41.0,1531.0,87.6519,TRAIN
WH036,2019-08-01,North,48.8147,32.0,316.0,88.5234,TRAIN
WH036,2019-08-01,West,58.5643,31.0,2017.0,89.9097,TRAIN
WH036,2019-08-01,North,49.0454,41.0,1240.0,,TRAIN
WH037,2019-08-01,West,57.2837,42.0,1433.0,86.3187,TRAIN
WH037,2019-08-01,East,45.5451,12.0,2100.0,92.6511,TRAIN
WH037,2019-08-01,North,54.8508,22.0,1632.0,94.4785,TRAIN
WH038,2019-08-01,North,59.8678,27.0,1735.0,94.5979,TRAIN
WH038,2019-08-01,South,51.6882,,931.0,96.6775,TRAIN
WH038,2019-08-01,West,53.7404,27.0,2488.0,,TRAIN
WH039,2019-08-01,South,56.1758,16.0,1555.0,91.2473,TRAIN
WH039,2019-08-01,North,59.6787,32.0,2031.0,87.8057,TRAIN
WH039,2019-08-01,West,51.198,8.0,1033.0,85.4401,TRAIN
WH040,2019-08-01,Central,49.8871,29.0,501.0,92.1152,TRAIN
WH040,2019-08-01,East,49.2847,27.0,679.0,90.7685,TRAIN
WH040,2019-08-01,South,48.2694,27.0,967.0,98.4871,TRAIN
WH041,2019-08-01,North,46.0001,36.0,1725.0,92.974,TRAIN
WH041,2019-08-01,West,53.1009,7.0,2427.0,91.9794,TRAIN
WH041,2019-08-01,East,,42.0,1207.0,98.7412,TRAIN
WH042,2019-08-01,North,45.7896,10.0,1861.0,96.2927,TRAIN
WH042,2019-08-01,North,58.2108,19.0,1848.0,85.8733,TRAIN
WH042,2019-08-01,Central,50.2953,44.0,1555.0,92.5734,TRAIN
WH043,2019-08-01,West,57.8066,19.0,1015.0,94.0188,TRAIN
WH043,2019-08-01,Central,46.8763,29.0,1807.0,86.6543,TRAIN
WH043,2019-08-01,Central,58.0931,9.0,682.0,85.5498,TRAIN
WH044,2019-08-01,East,59.3547,20.0,148.0,93.6123,TRAIN
WH044,2019-08-01,West,52.0651,23.0,686.0,86.5308,TRAIN
WH044,2019-08-01,West,58.6702,15.0,426.0,86.8157,TRAIN
WH045,2019-08-01,Central,48.8789,41.0,542.0,89.9032,TRAIN
WH045,2019-08-01,Central,51.1414,22.0,388.0,96.911,TRAIN
WH045,2019-08-01,East,56.4253,34.0,1377.0,88.5773,TRAIN
WH046,2019-08-01,South,58.2489,14.0,2213.0,98.083,TRAIN
WH046,2019-08-01,South,49.3879,32.0,256.0,98.6362,TRAIN
WH046,2019-08-01,North,58.5628,9.0,1065.0,86.6032,TRAIN
WH047,2019-08-01,North,48.0488,10.0,1977.0,89.6882,TRAIN
WH047,2019-08-01,West,51.6674,35.0,2183.0,85.9216,TRAIN
WH047,2019-08-01,West,53.5207,15.0,2146.0,85.9222,TRAIN
WH048,2019-08-01,South,47.8478,42.0,1262.0,98.9456,TRAIN
WH048,2019-08-01,Central,46.0414,25.0,528.0,97.5955,TRAIN
WH048,2019-08-01,Central,52.7838,5.0,1140.0,93.6228,TRAIN
WH049,2019-08-01,East,53.2258,13.0,644.0,91.1992,TRAIN
WH049,2019-08-01,Central,54.5695,34.0,2466.0,90.3673,TRAIN
WH049,2019-08-01,East,51.7742,11.0,1682.0,95.2996,TRAIN
WH050,2019-08-01,East,48.8985,7.0,2029.0,91.53,TRAIN
WH050,2019-08-01,South,56.1745,32.0,948.0,97.462,TRAIN
WH050,2019-08-01,East,56.1856,33.0,1413.0,89.4766,TRAIN
WH001,2019-09-01,South,56.1194,19.0,840.0,91.0463,TRAIN
WH001,2019-09-01,West,59.4453,16.0,942.0,90.5485,TRAIN
WH001,2019-09-01,Central,47.2455,39.0,443.0,94.6055,TRAIN
WH002,2019-09-01,Central,55.1135,8.0,1805.0,91.7263,TRAIN
WH002,2019-09-01,East,58.0188,15.0,2349.0,92.4755,TRAIN
WH002,2019-09-01,West,59.6309,21.0,971.0,97.0023,TRAIN
WH003,2019-09-01,West,57.0345,29.0,854.0,92.2132,TRAIN
WH003,2019-09-01,Central,46.4826,40.0,2452.0,94.1666,TRAIN
WH003,2019-09-01,North,,35.0,1666.0,88.3453,TRAIN
WH004,2019-09-01,Central,56.9238,44.0,1298.0,94.7418,TRAIN
WH004,2019-09-01,South,45.3628,18.0,2277.0,85.2132,TRAIN
WH004,2019-09-01,North,50.4414,9.0,1381.0,89.4985,TRAIN
WH005,2019-09-01,West,48.6492,44.0,2137.0,85.1243,TRAIN
WH005,2019-09-01,East,48.8949,26.0,1662.0,88.2144,TRAIN
WH005,2019-09-01,East,56.2915,9.0,188.0,98.6351,TRAIN
WH006,2019-09-01,East,54.3035,6.0,324.0,96.6204,TRAIN
WH006,2019-09-01,West,51.4856,28.0,2321.0,87.2343,TRAIN
WH006,2019-09-01,West,46.1913,27.0,1972.0,96.3381,TRAIN
WH007,2019-09-01,Central,52.7142,,2020.0,96.8026,TRAIN
WH007,2019-09-01,East,58.032,28.0,1810.0,92.9199,TRAIN
WH007,2019-09-01,South,55.2226,41.0,650.0,97.5119,TRAIN
WH008,2019-09-01,North,48.4768,34.0,1472.0,98.126,TRAIN
WH008,2019-09-01,West,48.7731,43.0,234.0,97.2488,TRAIN
WH008,2019-09-01,West,52.2642,37.0,2186.0,93.5987,TRAIN
WH009,2019-09-01,South,57.531,39.0,530.0,97.111,TRAIN
WH009,2019-09-01,Central,46.9196,21.0,842.0,90.9053,TRAIN
WH009,2019-09-01,South,58.6922,10.0,514.0,91.1345,TRAIN
WH010,2019-09-01,Central,54.5583,43.0,1867.0,90.9468,TRAIN
WH010,2019-09-01,West,54.7094,26.0,1946.0,,TRAIN
WH010,2019-09-01,West,50.3082,19.0,1692.0,95.6202,TRAIN
WH011,2019-09-01,East,56.4002,36.0,154.0,95.8287,TRAIN
WH011,2019-09-01,North,58.5714,15.0,1930.0,92.2256,TRAIN
WH011,2019-09-01,Central,53.133,7.0,1503.0,86.9532,TRAIN
WH012,2019-09-01,North,51.4604,40.0,2335.0,91.0136,TRAIN
WH012,2019-09-01,North,48.5428,38.0,1898.0,88.5624,TRAIN
WH012,2019-09-01,Central,46.1786,34.0,2365.0,96.8538,TRAIN
WH013,2019-09-01,West,52.7717,35.0,952.0,86.9923,TRAIN
WH013,2019-09-01,Central,49.8895,44.0,1840.0,92.6405,TRAIN
WH013,2019-09-01,North,58.7262,5.0,1949.0,94.2319,TRAIN
WH014,2019-09-01,South,53.3446,25.0,1759.0,92.5764,TRAIN
WH014,2019-09-01,North,47.3106,41.0,1606.0,97.9545,TRAIN
WH014,2019-09-01,South,54.7558,18.0,2151.0,98.9813,TRAIN
WH015,2019-09-01,East,51.969,27.0,1671.0,92.2356,TRAIN
WH015,2019-09-01,South,46.3308,20.0,1413.0,85.8331,TRAIN
WH015,2019-09-01,Central,51.3829,37.0,1250.0,91.9431,TRAIN
WH016,2019-09-01,South,50.5886,41.0,1591.0,92.2575,TRAIN
WH016,2019-09-01,South,46.887,41.0,699.0,89.9587,TRAIN
WH016,2019-09-01,West,51.8005,13.0,2425.0,87.1469,TRAIN
WH017,2019-09-01,Central,47.9223,25.0,2229.0,88.1833,TRAIN
WH017,2019-09-01,Central,46.1525,9.0,1209.0,96.7162,TRAIN
WH017,2019-09-01,South,46.3481,12.0,,98.1305,TRAIN
WH018,2019-09-01,South,51.9078,7.0,505.0,86.7222,TRAIN
WH018,2019-09-01,West,49.8908,27.0,1672.0,92.9953,TRAIN
WH018,2019-09-01,Central,50.1451,44.0,1757.0,97.3153,TRAIN
WH019,2019-09-01,South,55.6086,38.0,1674.0,94.023,TRAIN
WH019,2019-09-01,East,48.267,21.0,1322.0,88.4933,TRAIN
WH019,2019-09-01,East,53.6597,7.0,1494.0,91.8954,TRAIN
WH020,2019-09-01,South,56.5091,25.0,193.0,94.4462,TRAIN
WH020,2019-09-01,North,57.6782,17.0,2423.0,86.7572,TRAIN
WH020,2019-09-01,Central,,17.0,513.0,98.688,TRAIN
WH021,2019-09-01,South,46.7116,21.0,976.0,95.0982,TRAIN
WH021,2019-09-01,South,56.8446,32.0,407.0,91.4828,TRAIN
WH021,2019-09-01,South,58.8118,14.0,1165.0,85.2867,TRAIN
WH022,2019-09-01,South,50.4494,43.0,1535.0,93.2129,TRAIN
WH022,2019-09-01,East,48.3886,24.0,1461.0,88.472,TRAIN
WH022,2019-09-01,North,45.3334,,1521.0,85.6993,TRAIN
WH023,2019-09-01,Central,54.4677,35.0,2256.0,93.6359,TRAIN
WH023,2019-09-01,South,50.9671,43.0,1482.0,88.44,TRAIN
WH023,2019-09-01,West,49.5174,12.0,1759.0,90.719,TRAIN
WH024,2019-09-01,South,59.7298,6.0,574.0,85.0444,TRAIN
WH024,2019-09-01,East,52.3766,,1711.0,87.7279,TRAIN
WH024,2019-09-01,South,48.2642,10.0,915.0,92.6152,TRAIN
WH025,2019-09-01,South,50.1675,8.0,2449.0,85.8582,TRAIN
WH025,2019-09-01,Central,49.2124,34.0,890.0,94.3697,TRAIN
WH025,2019-09-01,East,46.102,21.0,1896.0,85.9544,TRAIN
WH026,2019-09-01,East,49.8636,33.0,907.0,91.4308,TRAIN
WH026,2019-09-01,South,54.816,,1301.0,92.4513,TRAIN
WH026,2019-09-01,West,46.5347,32.0,1367.0,87.8399,TRAIN
WH027,2019-09-01,West,46.7815,21.0,1367.0,93.4885,TRAIN
WH027,2019-09-01,North,49.6783,35.0,1893.0,87.6531,TRAIN
WH027,2019-09-01,West,55.4824,23.0,2285.0,86.8661,TRAIN
WH028,2019-09-01,East,55.3575,8.0,2483.0,89.7771,TRAIN
WH028,2019-09-01,South,51.3955,14.0,2438.0,97.4047,TRAIN
WH028,2019-09-01,North,47.7851,28.0,1228.0,95.0348,TRAIN
WH029,2019-09-01,West,55.3329,14.0,500.0,97.1422,TRAIN
WH029,2019-09-01,Central,58.1489,12.0,2299.0,93.4673,TRAIN
WH029,2019-09-01,South,52.6794,20.0,1301.0,93.054,TRAIN
WH030,2019-09-01,North,50.7545,32.0,116.0,98.575,TRAIN
WH030,2019-09-01,North,53.0974,42.0,988.0,93.4904,TRAIN
WH030,2019-09-01,West,54.4734,17.0,1857.0,85.998,TRAIN
WH031,2019-09-01,East,53.024,42.0,154.0,94.8793,TRAIN
WH031,2019-09-01,East,58.1298,22.0,357.0,95.2123,TRAIN
WH031,2019-09-01,Central,55.3004,29.0,612.0,94.1919,TRAIN
WH032,2019-09-01,East,56.5344,35.0,1405.0,91.1593,TRAIN
WH032,2019-09-01,Central,57.7621,15.0,1971.0,91.1467,TRAIN
WH032,2019-09-01,South,46.1868,43.0,1660.0,87.6483,TRAIN
WH033,2019-09-01,South,58.43,,2328.0,89.7912,TRAIN
WH033,2019-09-01,South,47.8165,14.0,,95.9708,TRAIN
WH033,2019-09-01,East,55.9305,18.0,675.0,96.4597,TRAIN
WH034,2019-09-01,East,58.8438,5.0,2256.0,89.6236,TRAIN
WH034,2019-09-01,South,53.8653,15.0,406.0,92.2387,TRAIN
WH034,2019-09-01,South,54.2613,,1695.0,96.3962,TRAIN
WH035,2019-09-01,Central,57.4344,11.0,561.0,,TRAIN
WH035,2019-09-01,East,52.5493,8.0,,86.9382,TRAIN
WH035,2019-09-01,Central,56.0347,17.0,,87.9196,TRAIN
WH036,2019-09-01,West,57.9563,26.0,2160.0,91.2158,TRAIN
WH036,2019-09-01,East,51.3138,18.0,1863.0,89.648,TRAIN
WH036,2019-09-01,Central,46.0587,36.0,555.0,97.7744,TRAIN
WH037,2019-09-01,South,,10.0,829.0,96.5282,TRAIN
WH037,2019-09-01,South,53.3261,22.0,1935.0,86.444,TRAIN
WH037,2019-09-01,Central,49.7854,28.0,609.0,85.6438,TRAIN
WH038,2019-09-01,North,58.8337,24.0,283.0,95.427,TRAIN
WH038,2019-09-01,Central,58.7087,6.0,1925.0,85.3276,TRAIN
WH038,2019-09-01,South,57.5964,26.0,1281.0,91.1498,TRAIN
WH039,2019-09-01,Central,58.8538,30.0,365.0,90.7806,TRAIN
WH039,2019-09-01,South,48.6446,33.0,2446.0,85.2794,TRAIN
WH039,2019-09-01,East,57.6009,31.0,2373.0,88.0451,TRAIN
WH040,2019-09-01,South,53.3114,11.0,1951.0,96.3263,TRAIN
WH040,2019-09-01,North,53.4877,41.0,1029.0,93.5564,TRAIN
WH040,2019-09-01,South,54.9934,44.0,1222.0,90.5166,TRAIN
WH041,2019-09-01,South,45.6357,19.0,1098.0,98.3142,TRAIN
WH041,2019-09-01,South,46.1318,8.0,276.0,90.8668,TRAIN
WH041,2019-09-01,North,56.6196,,1060.0,90.8555,TRAIN
WH042,2019-09-01,West,50.6765,19.0,756.0,97.1909,TRAIN
WH042,2019-09-01,East,52.5312,26.0,420.0,96.6499,TRAIN
WH042,2019-09-01,East,53.2545,39.0,388.0,90.2393,TRAIN
WH043,2019-09-01,South,56.8701,37.0,1790.0,92.1868,TRAIN
WH043,2019-09-01,West,53.6053,16.0,2192.0,87.3271,TRAIN
WH043,2019-09-01,West,54.5741,35.0,1436.0,88.2587,TRAIN
WH044,2019-09-01,North,59.7319,20.0,1351.0,94.531,TRAIN
WH044,2019-09-01,South,52.001,22.0,658.0,97.8943,TRAIN
WH044,2019-09-01,West,47.8452,24.0,926.0,94.5061,TRAIN
WH045,2019-09-01,West,50.6577,41.0,932.0,95.7221,TRAIN
WH045,2019-09-01,South,55.1672,25.0,748.0,94.0649,TRAIN
WH045,2019-09-01,Central,50.5759,27.0,2374.0,92.2079,TRAIN
WH046,2019-09-01,East,58.3631,44.0,929.0,85.3594,TRAIN
WH046,2019-09-01,North,52.0964,26.0,707.0,87.5646,TRAIN
WH046,2019-09-01,East,47.0107,7.0,1959.0,,TRAIN
WH047,2019-09-01,South,50.7241,39.0,2493.0,89.5983,TRAIN
WH047,2019-09-01,West,55.0192,40.0,630.0,94.4229,TRAIN
WH047,2019-09-01,East,47.1767,21.0,293.0,96.8166,TRAIN
WH048,2019-09-01,East,,9.0,1050.0,97.3962,TRAIN
WH048,2019-09-01,West,54.1296,31.0,1593.0,90.5638,TRAIN
WH048,2019-09-01,North,55.9794,40.0,737.0,87.0922,TRAIN
WH049,2019-09-01,Central,49.2611,31.0,1959.0,89.1283,TRAIN
WH049,2019-09-01,West,58.7888,11.0,1488.0,96.6159,TRAIN
WH049,2019-09-01,North,58.8824,15.0,1179.0,87.9665,TRAIN
WH050,2019-09-01,Central,52.151,34.0,919.0,92.2406,TRAIN
WH050,2019-09-01,West,46.4158,7.0,1530.0,87.7961,TRAIN
WH050,2019-09-01,North,52.0501,40.0,391.0,92.2362,TRAIN
WH001,2019-10-01,East,88.4842,33.0,2231.0,93.5439,TRAIN
WH001,2019-10-01,Central,95.0068,17.0,1100.0,,TRAIN
WH001,2019-10-01,East,48.9088,8.0,1144.0,86.1638,TRAIN
WH002,2019-10-01,South,65.4348,33.0,1915.0,85.3826,TRAIN
WH002,2019-10-01,Central,93.1751,29.0,1258.0,91.682,TRAIN
WH002,2019-10-01,East,75.3305,29.0,1588.0,98.7202,TRAIN
WH003,2019-10-01,East,93.9086,41.0,1676.0,89.4465,TRAIN
WH003,2019-10-01,North,85.3437,,1071.0,94.7504,TRAIN
WH003,2019-10-01,South,,20.0,1627.0,96.0694,TRAIN
WH004,2019-10-01,East,64.8839,31.0,,92.4901,TRAIN
WH004,2019-10-01,East,85.2515,25.0,1146.0,94.8839,TRAIN
WH004,2019-10-01,Central,87.8012,25.0,390.0,95.5134,TRAIN
WH005,2019-10-01,East,47.8953,41.0,2132.0,95.7791,TRAIN
WH005,2019-10-01,North,91.1093,38.0,763.0,98.8717,TRAIN
WH005,2019-10-01,Central,97.0197,27.0,1563.0,88.078,TRAIN
WH006,2019-10-01,West,63.2577,10.0,521.0,86.2164,TRAIN
WH006,2019-10-01,North,88.826,28.0,2378.0,92.4951,TRAIN
WH006,2019-10-01,East,71.5004,43.0,526.0,92.5834,TRAIN
WH007,2019-10-01,Central,72.7885,6.0,1196.0,92.3566,TRAIN
WH007,2019-10-01,East,88.1499,41.0,2269.0,95.0313,TRAIN
WH007,2019-10-01,Central,89.5592,38.0,2162.0,87.0766,TRAIN
WH008,2019-10-01,North,76.8136,35.0,2371.0,98.6264,TRAIN
WH008,2019-10-01,West,45.4847,5.0,1029.0,92.4539,TRAIN
WH008,2019-10-01,North,81.324,9.0,552.0,93.3536,TRAIN
WH009,2019-10-01,South,55.5931,,1516.0,90.3294,TRAIN
WH009,2019-10-01,West,62.7773,25.0,672.0,90.8659,TRAIN
WH009,2019-10-01,North,64.8061,27.0,544.0,,TRAIN
WH010,2019-10-01,South,91.6483,21.0,1391.0,90.6028,TRAIN
WH010,2019-10-01,Central,92.7023,29.0,1232.0,86.4515,TRAIN
WH010,2019-10-01,East,93.4855,37.0,2328.0,93.2516,TRAIN
WH011,2019-10-01,East,61.2507,34.0,1922.0,98.9103,TRAIN
WH011,2019-10-01,Central,92.0791,29.0,670.0,94.1332,TRAIN
WH011,2019-10-01,South,51.3544,25.0,189.0,90.4864,TRAIN
WH012,2019-10-01,Central,58.647,40.0,714.0,94.6341,TRAIN
WH012,2019-10-01,West,95.931,,859.0,96.7431,TRAIN
WH012,2019-10-01,West,65.6233,36.0,836.0,85.3874,TRAIN
WH013,2019-10-01,South,86.9008,44.0,2122.0,88.5766,TRAIN
WH013,2019-10-01,North,92.6355,12.0,425.0,98.0266,TRAIN
WH013,2019-10-01,East,87.3241,42.0,2099.0,90.7643,TRAIN
WH014,2019-10-01,Central,50.2849,6.0,2274.0,85.2023,TRAIN
WH014,2019-10-01,South,58.851,37.0,2391.0,90.0569,TRAIN
WH014,2019-10-01,East,88.5245,6.0,2033.0,92.6542,TRAIN
WH015,2019-10-01,North,90.36,36.0,1575.0,88.2074,TRAIN
WH015,2019-10-01,Central,92.0328,42.0,466.0,85.0034,TRAIN
WH015,2019-10-01,South,84.2758,30.0,1500.0,,TRAIN
WH016,2019-10-01,South,66.1567,11.0,1704.0,85.5162,TRAIN
WH016,2019-10-01,South,69.5145,15.0,364.0,96.1311,TRAIN
WH016,2019-10-01,East,87.0928,25.0,895.0,90.2729,TRAIN
WH017,2019-10-01,Central,95.804,7.0,2490.0,86.6477,TRAIN
WH017,2019-10-01,Central,91.3464,34.0,857.0,94.2932,TRAIN
WH017,2019-10-01,West,49.4237,23.0,1261.0,93.9797,TRAIN
WH018,2019-10-01,South,72.1121,13.0,831.0,98.9552,TRAIN
WH018,2019-10-01,Central,50.2794,14.0,1263.0,89.5241,TRAIN
WH018,2019-10-01,Central,90.5649,35.0,214.0,89.1875,TRAIN
WH019,2019-10-01,West,40.5377,19.0,481.0,97.8336,TRAIN
WH019,2019-10-01,East,95.1773,15.0,1611.0,97.6158,TRAIN
WH019,2019-10-01,North,50.2751,22.0,1558.0,89.5091,TRAIN
WH020,2019-10-01,South,85.2379,43.0,174.0,91.7251,TRAIN
WH020,2019-10-01,South,,43.0,1548.0,89.2109,TRAIN
WH020,2019-10-01,North,81.7217,29.0,810.0,97.1032,TRAIN
WH021,2019-10-01,Central,64.3431,24.0,1366.0,94.0453,TRAIN
WH021,2019-10-01,East,93.5066,21.0,1976.0,90.0119,TRAIN
WH021,2019-10-01,South,55.8121,5.0,1582.0,86.5293,TRAIN
WH022,2019-10-01,West,86.1642,31.0,511.0,87.2764,TRAIN
WH022,2019-10-01,Central,48.8196,8.0,1014.0,96.6783,TRAIN
WH022,2019-10-01,North,74.583,43.0,127.0,85.5644,TRAIN
WH023,2019-10-01,Central,,23.0,814.0,85.6276,TRAIN
WH023,2019-10-01,East,55.1875,41.0,1347.0,98.9122,TRAIN
WH023,2019-10-01,Central,55.2576,31.0,1996.0,85.9042,TRAIN
WH024,2019-10-01,Central,41.1547,7.0,1863.0,86.397,TRAIN
WH024,2019-10-01,Central,45.1757,9.0,2137.0,93.9006,TRAIN
WH024,2019-10-01,West,85.923,16.0,2454.0,96.6221,TRAIN
WH025,2019-10-01,East,68.685,18.0,1201.0,94.665,TRAIN
WH025,2019-10-01,East,51.1418,34.0,1460.0,,TRAIN
WH025,2019-10-01,Central,97.7254,8.0,903.0,98.4444,TRAIN
WH026,2019-10-01,Central,43.5116,20.0,976.0,85.355,TRAIN
WH026,2019-10-01,South,40.4948,41.0,216.0,87.3854,TRAIN
WH026,2019-10-01,South,88.2561,33.0,476.0,85.5057,TRAIN
WH027,2019-10-01,South,92.6214,11.0,2078.0,97.2007,TRAIN
WH027,2019-10-01,Central,48.4339,27.0,534.0,93.5296,TRAIN
WH027,2019-10-01,East,56.7989,29.0,1267.0,94.5817,TRAIN
WH028,2019-10-01,East,86.4102,36.0,665.0,93.9796,TRAIN
WH028,2019-10-01,West,71.4917,31.0,850.0,86.2732,TRAIN
WH028,2019-10-01,South,58.7903,36.0,2060.0,93.2595,TRAIN
WH029,2019-10-01,Central,88.1888,26.0,,96.9244,TRAIN
WH029,2019-10-01,North,96.2105,32.0,1682.0,92.7159,TRAIN
WH029,2019-10-01,North,79.5123,15.0,574.0,89.7324,TRAIN
WH030,2019-10-01,North,61.9323,31.0,1635.0,91.4616,TRAIN
WH030,2019-10-01,Central,51.2786,8.0,1308.0,96.2284,TRAIN
WH030,2019-10-01,North,54.354,31.0,579.0,90.3135,TRAIN
WH031,2019-10-01,South,92.8266,17.0,1672.0,91.9198,TRAIN
WH031,2019-10-01,West,62.1837,,1915.0,89.4282,TRAIN
WH031,2019-10-01,East,47.269,21.0,690.0,86.2386,TRAIN
WH032,2019-10-01,Central,96.1044,27.0,2094.0,89.6045,TRAIN
WH032,2019-10-01,North,47.3781,14.0,782.0,92.0556,TRAIN
WH032,2019-10-01,North,76.7879,5.0,683.0,88.2516,TRAIN
WH033,2019-10-01,West,47.3453,29.0,460.0,94.1593,TRAIN
WH033,2019-10-01,North,41.3413,27.0,625.0,98.6807,TRAIN
WH033,2019-10-01,South,47.8917,32.0,1926.0,96.4924,TRAIN
WH034,2019-10-01,East,52.2325,18.0,1842.0,85.0642,TRAIN
WH034,2019-10-01,South,87.1006,19.0,1431.0,91.9247,TRAIN
WH034,2019-10-01,West,52.0101,25.0,2439.0,86.0181,TRAIN
WH035,2019-10-01,East,72.5756,23.0,1962.0,,TRAIN
WH035,2019-10-01,Central,57.7767,21.0,2460.0,98.0654,TRAIN
WH035,2019-10-01,Central,82.7124,14.0,2493.0,88.149,TRAIN
WH036,2019-10-01,North,80.1234,13.0,1617.0,94.1062,TRAIN
WH036,2019-10-01,South,53.4262,27.0,2106.0,95.779,TRAIN
WH036,2019-10-01,West,50.1576,17.0,570.0,95.763,TRAIN
WH037,2019-10-01,West,90.2294,5.0,,87.933,TRAIN
WH037,2019-10-01,East,80.7301,15.0,1783.0,89.174,TRAIN
WH037,2019-10-01,South,,44.0,2106.0,97.9031,TRAIN
WH038,2019-10-01,Central,41.9127,35.0,2282.0,93.9567,TRAIN
WH038,2019-10-01,Central,57.8778,40.0,200.0,88.2047,TRAIN
WH038,2019-10-01,East,86.6175,43.0,141.0,92.2342,TRAIN
WH039,2019-10-01,South,80.7168,19.0,2328.0,93.572,TRAIN
WH039,2019-10-01,South,85.0662,9.0,2039.0,96.4843,TRAIN
WH039,2019-10-01,East,47.6272,10.0,397.0,88.8602,TRAIN
WH040,2019-10-01,Central,83.0879,26.0,323.0,90.7898,TRAIN
WH040,2019-10-01,South,41.8138,24.0,274.0,97.8064,TRAIN
WH040,2019-10-01,North,55.4184,35.0,2301.0,96.2313,TRAIN
WH041,2019-10-01,South,55.3648,44.0,1636.0,95.7303,TRAIN
WH041,2019-10-01,West,75.4583,25.0,1954.0,98.4326,TRAIN
WH041,2019-10-01,West,55.5481,41.0,1288.0,96.6488,TRAIN
WH042,2019-10-01,South,96.0623,18.0,2055.0,91.1773,TRAIN
WH042,2019-10-01,South,44.035,29.0,692.0,89.0405,TRAIN
WH042,2019-10-01,South,82.4642,15.0,754.0,87.6167,TRAIN
WH043,2019-10-01,North,44.6906,20.0,462.0,90.6394,TRAIN
WH043,2019-10-01,South,51.1802,6.0,2286.0,96.4461,TRAIN
WH043,2019-10-01,Central,93.4285,25.0,216.0,85.4818,TRAIN
WH044,2019-10-01,Central,95.2098,28.0,484.0,90.071,TRAIN
WH044,2019-10-01,East,60.6597,32.0,250.0,93.1938,TRAIN
WH044,2019-10-01,West,64.7603,37.0,1146.0,85.5095,TRAIN
WH045,2019-10-01,East,95.929,7.0,568.0,89.1725,TRAIN
WH045,2019-10-01,Central,54.8428,5.0,1194.0,85.9655,TRAIN
WH045,2019-10-01,East,63.1022,15.0,623.0,85.2185,TRAIN
WH046,2019-10-01,West,45.7913,37.0,1667.0,97.436,TRAIN
WH046,2019-10-01,South,97.7012,31.0,1637.0,86.0477,TRAIN
WH046,2019-10-01,Central,75.0834,19.0,1109.0,87.2351,TRAIN
WH047,2019-10-01,Central,59.9734,15.0,728.0,86.8966,TRAIN
WH047,2019-10-01,North,50.8954,34.0,1593.0,87.0786,TRAIN
WH047,2019-10-01,West,83.073,39.0,919.0,87.437,TRAIN
WH048,2019-10-01,West,71.2105,5.0,881.0,87.7034,TRAIN
WH048,2019-10-01,East,42.1385,30.0,1270.0,93.1257,TRAIN
WH048,2019-10-01,South,91.1566,9.0,920.0,87.6188,TRAIN
WH049,2019-10-01,West,65.9655,24.0,100.0,86.2173,TRAIN
WH049,2019-10-01,West,50.6795,41.0,2227.0,92.1893,TRAIN
WH049,2019-10-01,West,61.5437,15.0,1507.0,91.8119,TRAIN
WH050,2019-10-01,Central,61.4918,33.0,2333.0,98.3551,TRAIN
WH050,2019-10-01,North,79.3667,33.0,278.0,86.5717,TRAIN
WH050,2019-10-01,West,95.1638,18.0,911.0,92.4329,TRAIN
WH001,2019-11-01,West,97.3127,14.0,1876.0,90.6754,TRAIN
WH001,2019-11-01,Central,50.9971,34.0,1066.0,95.4751,TRAIN
WH001,2019-11-01,West,45.6834,18.0,352.0,86.2368,TRAIN
WH002,2019-11-01,West,68.9835,27.0,1267.0,98.8987,TRAIN
WH002,2019-11-01,South,41.6168,44.0,1648.0,91.4666,TRAIN
WH002,2019-11-01,North,56.7486,23.0,722.0,88.6604,TRAIN
WH003,2019-11-01,East,80.9007,33.0,2302.0,92.3633,TRAIN
WH003,2019-11-01,South,96.5203,22.0,847.0,92.01,TRAIN
WH003,2019-11-01,West,84.156,43.0,206.0,93.9541,TRAIN
WH004,2019-11-01,East,48.2388,42.0,721.0,85.7833,TRAIN
WH004,2019-11-01,West,58.9812,41.0,944.0,98.3642,TRAIN
WH004,2019-11-01,West,83.4185,32.0,327.0,94.0302,TRAIN
WH005,2019-11-01,North,74.812,23.0,2201.0,92.9457,TRAIN
WH005,2019-11-01,North,90.8789,19.0,1300.0,86.3502,TRAIN
WH005,2019-11-01,Central,85.9933,22.0,1207.0,95.8003,TRAIN
WH006,2019-11-01,East,71.0797,25.0,2138.0,94.2639,TRAIN
WH006,2019-11-01,Central,87.0111,13.0,925.0,90.7043,TRAIN
WH006,2019-11-01,South,66.7413,13.0,726.0,86.8432,TRAIN
WH007,2019-11-01,West,63.0321,5.0,348.0,87.5965,TRAIN
WH007,2019-11-01,Central,79.8917,15.0,728.0,88.0618,TRAIN
WH007,2019-11-01,West,72.9091,10.0,835.0,88.7439,TRAIN
WH008,2019-11-01,North,66.3432,41.0,1915.0,90.371,TRAIN
WH008,2019-11-01,North,52.0401,9.0,,96.1439,TRAIN
WH008,2019-11-01,East,,43.0,2151.0,96.6689,TRAIN
WH009,2019-11-01,West,60.1567,21.0,1303.0,93.6169,TRAIN
WH009,2019-11-01,East,89.6183,26.0,1994.0,91.643,TRAIN
WH009,2019-11-01,East,85.9973,20.0,2114.0,90.9665,TRAIN
WH010,2019-11-01,North,96.4313,20.0,688.0,92.3136,TRAIN
WH010,2019-11-01,West,95.3871,26.0,2002.0,91.2706,TRAIN
WH010,2019-11-01,North,59.2354,26.0,803.0,86.905,TRAIN
WH011,2019-11-01,West,61.2945,23.0,627.0,87.2956,TRAIN
WH011,2019-11-01,West,82.4574,6.0,1977.0,89.5622,TRAIN
WH011,2019-11-01,North,72.2916,13.0,1527.0,94.4857,TRAIN
WH012,2019-11-01,Central,81.4456,39.0,1406.0,98.3721,TRAIN
WH012,2019-11-01,South,67.4077,12.0,2327.0,98.1886,TRAIN
WH012,2019-11-01,East,76.4332,27.0,556.0,96.5365,TRAIN
WH013,2019-11-01,West,41.6612,21.0,238.0,88.0259,TRAIN
WH013,2019-11-01,East,80.9606,6.0,340.0,94.138,TRAIN
WH013,2019-11-01,North,74.9247,30.0,312.0,91.4118,TRAIN
WH014,2019-11-01,Central,97.8195,38.0,1111.0,89.4972,TRAIN
WH014,2019-11-01,North,,11.0,639.0,97.1899,TRAIN
WH014,2019-11-01,East,92.7979,,1936.0,89.5594,TRAIN
WH015,2019-11-01,North,52.4718,35.0,1343.0,93.5262,TRAIN
WH015,2019-11-01,South,65.5975,17.0,1402.0,97.3454,TRAIN
WH015,2019-11-01,East,66.9054,9.0,681.0,85.8584,TRAIN
WH016,2019-11-01,West,73.9855,42.0,401.0,92.6168,TRAIN
WH016,2019-11-01,North,93.4561,36.0,894.0,95.1234,TRAIN
WH016,2019-11-01,East,69.4645,10.0,1190.0,88.0243,TRAIN
WH017,2019-11-01,North,42.7681,6.0,1779.0,86.7714,TRAIN
WH017,2019-11-01,East,54.457,11.0,1206.0,91.4771,TRAIN
WH017,2019-11-01,South,51.9258,5.0,740.0,92.2635,TRAIN
WH018,2019-11-01,East,53.2547,42.0,612.0,89.6937,TRAIN
WH018,2019-11-01,South,89.4699,35.0,761.0,98.6377,TRAIN
WH018,2019-11-01,North,88.1318,17.0,722.0,87.583,TRAIN
WH019,2019-11-01,East,69.7799,9.0,360.0,97.6619,TRAIN
WH019,2019-11-01,North,85.4201,,892.0,93.483,TRAIN
WH019,2019-11-01,East,66.1229,35.0,1954.0,98.9025,TRAIN
WH020,2019-11-01,North,57.6142,41.0,,96.2039,TRAIN
WH020,2019-11-01,North,,27.0,1947.0,91.0293,TRAIN
WH020,2019-11-01,Central,46.148,35.0,481.0,97.9877,TRAIN
WH021,2019-11-01,East,56.297,42.0,2370.0,93.0712,TRAIN
WH021,2019-11-01,East,87.5513,30.0,110.0,,TRAIN
WH021,2019-11-01,Central,85.4006,25.0,2024.0,95.0254,TRAIN
WH022,2019-11-01,East,91.6088,30.0,459.0,93.048,TRAIN
WH022,2019-11-01,West,42.1569,6.0,1730.0,90.3662,TRAIN
WH022,2019-11-01,East,96.5815,35.0,711.0,92.2877,TRAIN
WH023,2019-11-01,Central,82.1647,18.0,1752.0,90.6145,TRAIN
WH023,2019-11-01,South,64.1097,28.0,1379.0,97.2375,TRAIN
WH023,2019-11-01,Central,87.4595,11.0,2274.0,97.5471,TRAIN
WH024,2019-11-01,South,55.2043,14.0,2439.0,87.1634,TRAIN
WH024,2019-11-01,East,46.893,9.0,337.0,97.1354,TRAIN
WH024,2019-11-01,South,69.5278,43.0,992.0,88.3221,TRAIN
WH025,2019-11-01,Central,72.858,30.0,125.0,89.6362,TRAIN
WH025,2019-11-01,Central,82.3523,37.0,284.0,96.2605,TRAIN
WH025,2019-11-01,South,66.1694,10.0,1462.0,95.4098,TRAIN
WH026,2019-11-01,North,62.7105,17.0,2213.0,89.8595,TRAIN
WH026,2019-11-01,East,80.0521,11.0,1859.0,89.0329,TRAIN
WH026,2019-11-01,East,67.1772,10.0,438.0,91.2743,TRAIN
WH027,2019-11-01,West,82.636,25.0,1582.0,97.631,TRAIN
WH027,2019-11-01,North,50.2066,32.0,2333.0,94.666,TRAIN
WH027,2019-11-01,East,67.6516,5.0,1508.0,88.7139,TRAIN
WH028,2019-11-01,East,97.6861,17.0,705.0,89.8251,TRAIN
WH028,2019-11-01,East,79.1463,39.0,1455.0,90.664,TRAIN
WH028,2019-11-01,West,54.6671,39.0,2373.0,88.1845,TRAIN
WH029,2019-11-01,South,80.2368,25.0,991.0,94.7618,TRAIN
WH029,2019-11-01,Central,80.7479,13.0,1486.0,95.3908,TRAIN
WH029,2019-11-01,North,64.0043,32.0,1519.0,91.1657,TRAIN
WH030,2019-11-01,East,95.6445,17.0,1525.0,98.93,TRAIN
WH030,2019-11-01,Central,90.0793,8.0,1289.0,93.5666,TRAIN
WH030,2019-11-01,West,92.6595,44.0,921.0,86.7829,TRAIN
WH031,2019-11-01,Central,64.3232,36.0,2132.0,97.6791,TRAIN
WH031,2019-11-01,South,69.8699,16.0,1685.0,98.3039,TRAIN
WH031,2019-11-01,South,76.3119,15.0,1158.0,98.9683,TRAIN
WH032,2019-11-01,South,81.4076,7.0,1293.0,96.1713,TRAIN
WH032,2019-11-01,East,49.5134,8.0,2071.0,87.8437,TRAIN
WH032,2019-11-01,East,88.2258,,1420.0,86.1836,TRAIN
WH033,2019-11-01,Central,52.5399,31.0,548.0,90.0252,TRAIN
WH033,2019-11-01,Central,97.213,19.0,1509.0,95.9021,TRAIN
WH033,2019-11-01,North,62.4653,44.0,527.0,88.6381,TRAIN
WH034,2019-11-01,East,40.2269,,471.0,87.6526,TRAIN
WH034,2019-11-01,West,52.6882,35.0,1297.0,90.7357,TRAIN
WH034,2019-11-01,North,50.8696,25.0,2303.0,98.4809,TRAIN
WH035,2019-11-01,West,43.1181,18.0,2492.0,95.3204,TRAIN
WH035,2019-11-01,South,96.5314,15.0,2185.0,92.2686,TRAIN
WH035,2019-11-01,West,96.4664,29.0,2295.0,92.2559,TRAIN
WH036,2019-11-01,West,52.1078,32.0,853.0,89.3502,TRAIN
WH036,2019-11-01,East,80.5571,39.0,1071.0,98.5757,TRAIN
WH036,2019-11-01,West,80.1313,,1434.0,95.9774,TRAIN
WH037,2019-11-01,Central,75.9926,34.0,1857.0,94.7955,TRAIN
WH037,2019-11-01,Central,72.9413,29.0,2017.0,96.3857,TRAIN
WH037,2019-11-01,West,52.9803,31.0,2142.0,98.8938,TRAIN
WH038,2019-11-01,South,46.8574,,1940.0,98.431,TRAIN
WH038,2019-11-01,East,46.263,9.0,1871.0,93.7737,TRAIN
WH038,2019-11-01,West,84.9537,11.0,1372.0,88.091,TRAIN
WH039,2019-11-01,East,74.4801,25.0,404.0,95.6887,TRAIN
WH039,2019-11-01,West,71.9471,22.0,1076.0,96.2279,TRAIN
WH039,2019-11-01,Central,66.2874,40.0,431.0,90.7901,TRAIN
WH040,2019-11-01,North,53.7939,36.0,683.0,97.4744,TRAIN
WH040,2019-11-01,West,53.117,,1682.0,85.9337,TRAIN
WH040,2019-11-01,South,91.1697,25.0,1440.0,87.7696,TRAIN
WH041,2019-11-01,West,82.5239,9.0,869.0,95.4592,TRAIN
WH041,2019-11-01,North,80.8885,39.0,997.0,89.1461,TRAIN
WH041,2019-11-01,South,44.0204,33.0,1065.0,97.7588,TRAIN
WH042,2019-11-01,East,45.038,23.0,1595.0,89.7005,TRAIN
WH042,2019-11-01,West,50.7936,15.0,1027.0,94.2082,TRAIN
WH042,2019-11-01,East,86.4552,35.0,2016.0,92.3082,TRAIN
WH043,2019-11-01,South,64.9863,21.0,1972.0,,TRAIN
WH043,2019-11-01,South,42.3233,28.0,1645.0,95.2619,TRAIN
WH043,2019-11-01,Central,87.5764,5.0,2254.0,98.4349,TRAIN
WH044,2019-11-01,East,93.5749,25.0,2007.0,94.3796,TRAIN
WH044,2019-11-01,West,46.7032,33.0,1928.0,93.9303,TRAIN
WH044,2019-11-01,East,40.1395,28.0,813.0,98.6117,TRAIN
WH045,2019-11-01,West,92.0714,36.0,2186.0,85.1868,TRAIN
WH045,2019-11-01,Central,55.5077,34.0,844.0,88.8496,TRAIN
WH045,2019-11-01,South,49.3563,37.0,2402.0,87.1314,TRAIN
WH046,2019-11-01,Central,70.4673,37.0,2196.0,98.8238,TRAIN
WH046,2019-11-01,East,58.6276,24.0,260.0,98.9351,TRAIN
WH046,2019-11-01,East,74.1911,21.0,1557.0,91.2626,TRAIN
WH047,2019-11-01,North,97.1428,,2337.0,93.3861,TRAIN
WH047,2019-11-01,Central,49.6384,25.0,2277.0,92.4099,TRAIN
WH047,2019-11-01,South,49.0875,11.0,1064.0,86.1558,TRAIN
WH048,2019-11-01,East,77.9804,19.0,919.0,86.0243,TRAIN
WH048,2019-11-01,Central,73.2023,25.0,1091.0,90.3064,TRAIN
WH048,2019-11-01,East,73.7302,30.0,1268.0,88.4183,TRAIN
WH049,2019-11-01,North,78.0788,5.0,2125.0,87.1377,TRAIN
WH049,2019-11-01,West,69.0287,30.0,342.0,85.1784,TRAIN
WH049,2019-11-01,Central,59.6502,38.0,795.0,96.7435,TRAIN
WH050,2019-11-01,West,68.0966,43.0,1869.0,98.7839,TRAIN
WH050,2019-11-01,West,56.1539,11.0,2451.0,96.0293,TRAIN
WH050,2019-11-01,North,93.4341,13.0,973.0,93.3951,TRAIN
WH001,2019-12-01,West,91.789,23.0,2308.0,88.699,TRAIN
WH001,2019-12-01,Central,61.0183,40.0,657.0,94.9859,TRAIN
WH001,2019-12-01,West,65.3844,27.0,520.0,93.9043,TRAIN
WH002,2019-12-01,West,46.2769,31.0,2435.0,86.4242,TRAIN
WH002,2019-12-01,West,61.0178,16.0,2295.0,85.8761,TRAIN
WH002,2019-12-01,North,41.8929,17.0,1076.0,87.5993,TRAIN
WH003,2019-12-01,Central,77.0859,27.0,619.0,93.2371,TRAIN
WH003,2019-12-01,East,54.5273,37.0,191.0,90.09,TRAIN
WH003,2019-12-01,East,61.2355,38.0,1805.0,89.4657,TRAIN
WH004,2019-12-01,East,65.8467,43.0,2442.0,89.7184,TRAIN
WH004,2019-12-01,South,40.5568,36.0,2464.0,92.5344,TRAIN
WH004,2019-12-01,Central,51.8701,43.0,1388.0,87.7272,TRAIN
WH005,2019-12-01,West,59.4187,21.0,2124.0,85.9237,TRAIN
WH005,2019-12-01,West,77.5851,22.0,179.0,85.409,TRAIN
WH005,2019-12-01,South,87.772,33.0,234.0,92.0306,TRAIN
WH006,2019-12-01,West,81.0605,11.0,1268.0,88.7923,TRAIN
WH006,2019-12-01,North,60.3541,31.0,480.0,92.8655,TRAIN
WH006,2019-12-01,East,80.5049,10.0,,98.0302,TRAIN
WH007,2019-12-01,West,49.0752,9.0,145.0,86.9199,TRAIN
WH007,2019-12-01,Central,77.2975,11.0,1666.0,87.2407,TRAIN
WH007,2019-12-01,South,51.9414,18.0,589.0,94.8715,TRAIN
WH008,2019-12-01,West,56.0664,29.0,1301.0,92.1275,TRAIN
WH008,2019-12-01,South,65.9429,35.0,1332.0,94.2137,TRAIN
WH008,2019-12-01,Central,40.9441,44.0,2170.0,93.872,TRAIN
WH009,2019-12-01,North,86.7923,39.0,,95.9069,TRAIN
WH009,2019-12-01,South,66.9952,31.0,1039.0,98.9394,TRAIN
WH009,2019-12-01,Central,82.6633,22.0,2065.0,89.334,TRAIN
WH010,2019-12-01,Central,95.9489,36.0,2280.0,98.2907,TRAIN
WH010,2019-12-01,South,76.0629,5.0,175.0,92.546,TRAIN
WH010,2019-12-01,Central,52.5797,18.0,833.0,88.2847,TRAIN
WH011,2019-12-01,Central,63.3701,20.0,510.0,93.4312,TRAIN
WH011,2019-12-01,Central,79.3474,19.0,271.0,87.4576,TRAIN
WH011,2019-12-01,East,67.8287,28.0,730.0,85.243,TRAIN
WH012,2019-12-01,West,95.116,28.0,1687.0,95.8213,TRAIN
WH012,2019-12-01,Central,57.1205,11.0,2050.0,90.4745,TRAIN
WH012,2019-12-01,West,72.8941,39.0,2307.0,94.0007,TRAIN
WH013,2019-12-01,Central,95.0903,16.0,332.0,92.5357,TRAIN
WH013,2019-12-01,Central,72.7217,23.0,1456.0,88.7846,TRAIN
WH013,2019-12-01,West,44.1704,25.0,1555.0,96.3932,TRAIN
WH014,2019-12-01,North,60.6116,15.0,574.0,95.4466,TRAIN
WH014,2019-12-01,West,64.4217,,1854.0,96.7262,TRAIN
WH014,2019-12-01,East,85.7188,15.0,1781.0,86.0155,TRAIN
WH015,2019-12-01,North,41.948,18.0,760.0,91.4646,TRAIN
WH015,2019-12-01,West,80.4455,37.0,914.0,90.7606,TRAIN
WH015,2019-12-01,South,61.7353,31.0,1179.0,88.6463,TRAIN
WH016,2019-12-01,South,87.9899,25.0,1038.0,91.3593,TRAIN
WH016,2019-12-01,Central,82.2739,41.0,1378.0,95.4754,TRAIN
WH016,2019-12-01,East,52.2294,39.0,2187.0,92.8493,TRAIN
WH017,2019-12-01,Central,47.4817,27.0,1623.0,95.4835,TRAIN
WH017,2019-12-01,West,50.0329,18.0,2118.0,93.2173,TRAIN
WH017,2019-12-01,North,92.3182,29.0,557.0,90.1077,TRAIN
WH018,2019-12-01,North,46.581,25.0,922.0,95.2423,TRAIN
WH018,2019-12-01,West,56.764,6.0,2433.0,93.3147,TRAIN
WH018,2019-12-01,South,47.7457,42.0,1075.0,90.0049,TRAIN
WH019,2019-12-01,South,,7.0,826.0,95.3149,TRAIN
WH019,2019-12-01,West,81.42,15.0,2260.0,98.3912,TRAIN
WH019,2019-12-01,North,90.6323,35.0,2284.0,,TRAIN
WH020,2019-12-01,South,74.2897,28.0,984.0,98.2561,TRAIN
WH020,2019-12-01,Central,70.7458,16.0,2416.0,88.875,TRAIN
WH020,2019-12-01,East,44.4345,39.0,1510.0,88.691,TRAIN
WH021,2019-12-01,West,41.8823,9.0,1697.0,96.6161,TRAIN
WH021,2019-12-01,Central,76.6957,12.0,236.0,95.9659,TRAIN
WH021,2019-12-01,East,,,1120.0,91.1569,TRAIN
WH022,2019-12-01,East,77.4373,40.0,1501.0,90.8702,TRAIN
WH022,2019-12-01,West,75.7754,21.0,1408.0,90.831,TRAIN
WH022,2019-12-01,West,63.9886,28.0,1454.0,89.6193,TRAIN
WH023,2019-12-01,North,97.9662,34.0,430.0,95.7026,TRAIN
WH023,2019-12-01,Central,88.9206,22.0,1506.0,92.5283,TRAIN
WH023,2019-12-01,East,95.0356,,1751.0,86.0806,TRAIN
WH024,2019-12-01,North,65.9144,16.0,1848.0,91.9806,TRAIN
WH024,2019-12-01,West,50.6339,25.0,103.0,95.4928,TRAIN
WH024,2019-12-01,West,66.9509,28.0,2377.0,90.2755,TRAIN
WH025,2019-12-01,West,65.2316,26.0,2343.0,90.0633,TRAIN
WH025,2019-12-01,South,48.8366,39.0,867.0,89.2654,TRAIN
WH025,2019-12-01,East,42.963,40.0,2427.0,,TRAIN
WH026,2019-12-01,South,65.1061,12.0,1296.0,92.8647,TRAIN
WH026,2019-12-01,South,47.3311,21.0,275.0,88.6322,TRAIN
WH026,2019-12-01,South,75.4799,39.0,1173.0,88.0919,TRAIN
WH027,2019-12-01,North,84.632,11.0,2335.0,92.8545,TRAIN
WH027,2019-12-01,West,94.4935,5.0,1859.0,93.0948,TRAIN
WH027,2019-12-01,North,92.3572,40.0,590.0,92.7626,TRAIN
WH028,2019-12-01,North,68.5818,43.0,1892.0,91.3775,TRAIN
WH028,2019-12-01,West,60.787,41.0,1856.0,97.0194,TRAIN
WH028,2019-12-01,North,60.7364,15.0,1476.0,85.1785,TRAIN
WH029,2019-12-01,Central,50.5748,41.0,1869.0,90.4126,TRAIN
WH029,2019-12-01,East,56.9971,5.0,,97.7248,TRAIN
WH029,2019-12-01,South,93.4839,43.0,601.0,92.9179,TRAIN
WH030,2019-12-01,Central,88.1077,29.0,244.0,96.2133,TRAIN
WH030,2019-12-01,Central,56.7711,5.0,1875.0,86.6695,TRAIN
WH030,2019-12-01,East,84.0513,21.0,650.0,,TRAIN
WH031,2019-12-01,West,58.6767,42.0,2482.0,88.8156,TRAIN
WH031,2019-12-01,West,71.4961,5.0,1087.0,87.4484,TRAIN
WH031,2019-12-01,West,59.1685,5.0,1664.0,97.1163,TRAIN
WH032,2019-12-01,North,81.048,25.0,407.0,89.624,TRAIN
WH032,2019-12-01,South,80.292,28.0,2399.0,89.8852,TRAIN
WH032,2019-12-01,Central,45.105,8.0,2302.0,88.0827,TRAIN
WH033,2019-12-01,Central,97.7594,35.0,911.0,94.3107,TRAIN
WH033,2019-12-01,Central,52.0865,30.0,2003.0,91.1457,TRAIN
WH033,2019-12-01,North,93.1787,23.0,2199.0,85.6041,TRAIN
WH034,2019-12-01,South,57.1679,17.0,2232.0,90.6888,TRAIN
WH034,2019-12-01,South,65.1045,43.0,1850.0,90.178,TRAIN
WH034,2019-12-01,South,51.3931,29.0,1059.0,87.1105,TRAIN
WH035,2019-12-01,Central,54.1056,10.0,1119.0,91.1463,TRAIN
WH035,2019-12-01,West,57.0441,20.0,620.0,90.4153,TRAIN
WH035,2019-12-01,West,,21.0,994.0,88.2579,TRAIN
WH036,2019-12-01,North,44.2352,14.0,488.0,91.584,TRAIN
WH036,2019-12-01,East,64.8938,14.0,345.0,88.1991,TRAIN
WH036,2019-12-01,East,95.1807,17.0,2089.0,91.1849,TRAIN
WH037,2019-12-01,East,88.0819,38.0,1705.0,96.1532,TRAIN
WH037,2019-12-01,South,54.2659,,1729.0,91.5031,TRAIN
WH037,2019-12-01,North,41.2669,29.0,1475.0,95.2149,TRAIN
WH038,2019-12-01,East,96.8457,43.0,1083.0,91.7365,TRAIN
WH038,2019-12-01,West,90.2752,37.0,613.0,,TRAIN
WH038,2019-12-01,North,75.6883,15.0,1276.0,98.4012,TRAIN
WH039,2019-12-01,West,79.4792,44.0,1696.0,90.5693,TRAIN
WH039,2019-12-01,Central,88.1902,10.0,1008.0,92.2398,TRAIN
WH039,2019-12-01,Central,90.2913,11.0,1170.0,85.0289,TRAIN
WH040,2019-12-01,South,73.5509,12.0,2117.0,98.972,TRAIN
WH040,2019-12-01,South,86.868,,1256.0,91.3127,TRAIN
WH040,2019-12-01,South,83.6414,29.0,1212.0,,TRAIN
WH041,2019-12-01,West,59.2195,5.0,242.0,98.6919,TRAIN
WH041,2019-12-01,North,53.0995,44.0,2323.0,94.1459,TRAIN
WH041,2019-12-01,North,43.208,25.0,2390.0,94.8671,TRAIN
WH042,2019-12-01,East,70.9045,33.0,2185.0,97.5626,TRAIN
WH042,2019-12-01,East,47.9272,12.0,136.0,97.3301,TRAIN
WH042,2019-12-01,North,60.1517,27.0,880.0,89.4631,TRAIN
WH043,2019-12-01,West,77.9327,29.0,1287.0,,TRAIN
WH043,2019-12-01,West,66.8731,39.0,1143.0,90.1488,TRAIN
WH043,2019-12-01,West,54.7685,35.0,126.0,96.7863,TRAIN
WH044,2019-12-01,East,40.4225,10.0,422.0,85.6862,TRAIN
WH044,2019-12-01,East,73.3631,36.0,1531.0,90.7644,TRAIN
WH044,2019-12-01,South,50.5107,25.0,1349.0,86.2504,TRAIN
WH045,2019-12-01,West,83.1014,11.0,204.0,93.1653,TRAIN
WH045,2019-12-01,North,97.802,36.0,1989.0,96.7279,TRAIN
WH045,2019-12-01,Central,,21.0,1555.0,90.5727,TRAIN
WH046,2019-12-01,East,86.8578,36.0,2219.0,93.6442,TRAIN
WH046,2019-12-01,North,50.9378,27.0,1062.0,90.9266,TRAIN
WH046,2019-12-01,South,73.3578,25.0,510.0,95.8199,TRAIN
WH047,2019-12-01,North,74.6317,40.0,2192.0,95.0766,TRAIN
WH047,2019-12-01,South,41.3974,11.0,991.0,86.176,TRAIN
WH047,2019-12-01,West,84.1116,19.0,903.0,90.1359,TRAIN
WH048,2019-12-01,East,86.8857,38.0,676.0,95.6859,TRAIN
WH048,2019-12-01,South,50.9329,35.0,2010.0,93.9747,TRAIN
WH048,2019-12-01,North,56.1038,9.0,2471.0,85.1914,TRAIN
WH049,2019-12-01,South,45.2369,11.0,1013.0,98.6102,TRAIN
WH049,2019-12-01,Central,62.2602,24.0,1014.0,89.8822,TRAIN
WH049,2019-12-01,East,86.4952,17.0,1559.0,96.902,TRAIN
WH050,2019-12-01,South,96.5187,40.0,284.0,91.968,TRAIN
WH050,2019-12-01,East,45.6421,23.0,1496.0,91.3379,TRAIN
WH050,2019-12-01,North,64.8328,33.0,305.0,95.0188,TRAIN
WH001,2020-01-01,East,58.1196,25.0,2018.0,88.5377,TRAIN
WH001,2020-01-01,Central,53.1809,29.0,1953.0,91.9856,TRAIN
WH001,2020-01-01,Central,62.0164,43.0,549.0,93.2207,TRAIN
WH002,2020-01-01,West,73.8698,5.0,1567.0,94.9606,TRAIN
WH002,2020-01-01,East,63.6686,9.0,1343.0,87.8749,TRAIN
WH002,2020-01-01,South,92.7275,20.0,1985.0,92.3114,TRAIN
WH003,2020-01-01,West,88.8908,31.0,984.0,93.442,TRAIN
WH003,2020-01-01,West,42.381,28.0,2488.0,93.1291,TRAIN
WH003,2020-01-01,Central,68.4529,21.0,1741.0,93.4778,TRAIN
WH004,2020-01-01,North,44.4148,19.0,1307.0,88.5369,TRAIN
WH004,2020-01-01,North,43.7909,16.0,1444.0,92.1535,TRAIN
WH004,2020-01-01,South,86.7166,38.0,1423.0,85.6257,TRAIN
WH005,2020-01-01,Central,90.8734,30.0,522.0,90.7507,TRAIN
WH005,2020-01-01,West,96.7559,29.0,272.0,89.4915,TRAIN
WH005,2020-01-01,East,70.8192,36.0,710.0,91.5395,TRAIN
WH006,2020-01-01,West,73.9161,28.0,702.0,94.4525,TRAIN
WH006,2020-01-01,Central,69.4306,8.0,191.0,98.3497,TRAIN
WH006,2020-01-01,East,81.7825,41.0,1824.0,98.5242,TRAIN
WH007,2020-01-01,South,83.7552,7.0,1713.0,86.4631,TRAIN
WH007,2020-01-01,North,74.5941,28.0,863.0,85.1833,TRAIN
WH007,2020-01-01,East,,26.0,767.0,96.1031,TRAIN
WH008,2020-01-01,South,96.708,8.0,410.0,92.2182,TRAIN
WH008,2020-01-01,South,71.5133,31.0,,86.3631,TRAIN
WH008,2020-01-01,North,45.9466,24.0,2072.0,95.2089,TRAIN
WH009,2020-01-01,Central,57.8961,12.0,,94.8114,TRAIN
WH009,2020-01-01,North,41.2668,35.0,1591.0,95.9273,TRAIN
WH009,2020-01-01,West,70.3108,43.0,2407.0,98.8567,TRAIN
WH010,2020-01-01,North,87.6351,16.0,709.0,92.4294,TRAIN
WH010,2020-01-01,South,48.6848,18.0,2233.0,97.3119,TRAIN
WH010,2020-01-01,West,92.158,20.0,2047.0,97.8326,TRAIN
WH011,2020-01-01,Central,95.0212,17.0,654.0,89.1014,TRAIN
WH011,2020-01-01,South,53.7892,15.0,1925.0,85.9207,TRAIN
WH011,2020-01-01,West,59.7134,26.0,341.0,98.584,TRAIN
WH012,2020-01-01,West,62.4644,15.0,1923.0,95.3103,TRAIN
WH012,2020-01-01,West,77.2902,22.0,1739.0,90.3615,TRAIN
WH012,2020-01-01,Central,58.9298,11.0,710.0,85.9973,TRAIN
WH013,2020-01-01,North,82.4819,15.0,1555.0,95.6173,TRAIN
WH013,2020-01-01,West,,21.0,2341.0,94.3422,TRAIN
WH013,2020-01-01,West,41.8169,13.0,2061.0,95.6443,TRAIN
WH014,2020-01-01,North,97.3102,28.0,738.0,96.7132,TRAIN
WH014,2020-01-01,North,56.7305,6.0,1293.0,92.8428,TRAIN
WH014,2020-01-01,North,41.1152,12.0,687.0,91.4956,TRAIN
WH015,2020-01-01,North,69.1183,17.0,1743.0,94.8589,TRAIN
WH015,2020-01-01,North,52.6068,12.0,587.0,87.9865,TRAIN
WH015,2020-01-01,South,91.7951,30.0,1326.0,95.0625,TRAIN
WH016,2020-01-01,North,50.5029,41.0,1209.0,85.4903,TRAIN
WH016,2020-01-01,South,44.9388,29.0,2126.0,93.0396,TRAIN
WH016,2020-01-01,East,60.1458,44.0,1757.0,87.3632,TRAIN
WH017,2020-01-01,East,97.7517,21.0,2464.0,85.1134,TRAIN
WH017,2020-01-01,West,89.1495,7.0,899.0,96.4728,TRAIN
WH017,2020-01-01,East,42.3868,30.0,1767.0,92.7661,TRAIN
WH018,2020-01-01,North,57.1112,5.0,1595.0,91.5149,TRAIN
WH018,2020-01-01,North,40.747,12.0,1159.0,93.6044,TRAIN
WH018,2020-01-01,East,54.0534,9.0,1184.0,91.4757,TRAIN
WH019,2020-01-01,West,40.9428,15.0,1893.0,92.8034,TRAIN
WH019,2020-01-01,North,70.4094,41.0,527.0,97.5878,TRAIN
WH019,2020-01-01,West,58.621,31.0,2273.0,98.5648,TRAIN
WH020,2020-01-01,Central,76.1052,41.0,1136.0,86.3882,TRAIN
WH020,2020-01-01,North,67.8499,5.0,484.0,97.1495,TRAIN
WH020,2020-01-01,South,71.8117,37.0,332.0,88.5496,TRAIN
WH021,2020-01-01,South,86.8419,26.0,2265.0,95.6356,TRAIN
WH021,2020-01-01,North,60.3894,8.0,272.0,94.4632,TRAIN
WH021,2020-01-01,North,97.6855,32.0,1318.0,93.1652,TRAIN
WH022,2020-01-01,North,58.4508,24.0,2149.0,91.6569,TRAIN
WH022,2020-01-01,South,,40.0,709.0,94.2633,TRAIN
WH022,2020-01-01,West,53.6281,29.0,2334.0,88.2884,TRAIN
WH023,2020-01-01,Central,95.3484,21.0,1385.0,89.7526,TRAIN
WH023,2020-01-01,East,53.5989,34.0,1226.0,87.0129,TRAIN
WH023,2020-01-01,North,92.8195,7.0,299.0,95.5143,TRAIN
WH024,2020-01-01,Central,75.1054,12.0,1199.0,92.981,TRAIN
WH024,2020-01-01,West,93.9405,5.0,1583.0,,TRAIN
WH024,2020-01-01,South,70.07,38.0,2433.0,95.6262,TRAIN
WH025,2020-01-01,South,72.5723,18.0,173.0,91.5614,TRAIN
WH025,2020-01-01,East,50.9979,34.0,1360.0,98.077,TRAIN
WH025,2020-01-01,East,49.5257,19.0,1524.0,93.4289,TRAIN
WH026,2020-01-01,West,97.9002,37.0,189.0,87.7817,TRAIN
WH026,2020-01-01,South,96.085,22.0,1464.0,85.8324,TRAIN
WH026,2020-01-01,Central,70.2083,34.0,1188.0,92.7832,TRAIN
WH027,2020-01-01,North,58.4037,42.0,275.0,97.0997,TRAIN
WH027,2020-01-01,West,76.567,,1739.0,96.4127,TRAIN
WH027,2020-01-01,North,74.6151,14.0,262.0,92.6555,TRAIN
WH028,2020-01-01,South,69.0319,18.0,2074.0,98.446,TRAIN
WH028,2020-01-01,South,51.6396,7.0,844.0,87.783,TRAIN
WH028,2020-01-01,East,66.5185,19.0,1669.0,87.1796,TRAIN
WH029,2020-01-01,West,65.6473,29.0,704.0,88.5656,TRAIN
WH029,2020-01-01,Central,68.2753,32.0,,92.3641,TRAIN
WH029,2020-01-01,South,73.3146,20.0,1832.0,94.9323,TRAIN
WH030,2020-01-01,Central,89.8474,10.0,2128.0,87.794,TRAIN
WH030,2020-01-01,West,42.7597,10.0,2245.0,93.3331,TRAIN
WH030,2020-01-01,North,64.4204,35.0,639.0,92.1654,TRAIN
WH031,2020-01-01,East,50.2977,26.0,1034.0,91.6408,TRAIN
WH031,2020-01-01,South,43.25,17.0,2356.0,88.61,TRAIN
WH031,2020-01-01,East,94.3159,13.0,243.0,96.9183,TRAIN
WH032,2020-01-01,South,44.3721,14.0,1548.0,97.5444,TRAIN
WH032,2020-01-01,West,73.3065,21.0,609.0,86.5426,TRAIN
WH032,2020-01-01,East,52.2499,7.0,562.0,88.1821,TRAIN
WH033,2020-01-01,West,67.5228,41.0,1336.0,89.7403,TRAIN
WH033,2020-01-01,Central,44.9042,13.0,800.0,92.3586,TRAIN
WH033,2020-01-01,South,58.3299,7.0,1019.0,94.5636,TRAIN
WH034,2020-01-01,East,65.3405,26.0,873.0,,TRAIN
WH034,2020-01-01,South,60.8922,30.0,1360.0,86.2454,TRAIN
WH034,2020-01-01,Central,,17.0,2118.0,92.5586,TRAIN
WH035,2020-01-01,Central,68.0343,5.0,1173.0,97.0809,TRAIN
WH035,2020-01-01,South,62.122,27.0,603.0,93.5523,TRAIN
WH035,2020-01-01,West,87.0788,17.0,540.0,88.6937,TRAIN
WH036,2020-01-01,West,43.8029,10.0,2415.0,97.3888,TRAIN
WH036,2020-01-01,North,69.9242,42.0,1801.0,91.5068,TRAIN
WH036,2020-01-01,West,91.1278,8.0,2053.0,,TRAIN
WH037,2020-01-01,West,97.5652,13.0,1556.0,92.9345,TRAIN
WH037,2020-01-01,West,77.9061,24.0,271.0,90.4231,TRAIN
WH037,2020-01-01,Central,60.0821,43.0,1661.0,89.0476,TRAIN
WH038,2020-01-01,West,74.826,33.0,,98.0405,TRAIN
WH038,2020-01-01,West,69.5085,21.0,785.0,89.0643,TRAIN
WH038,2020-01-01,East,82.6725,34.0,1236.0,91.102,TRAIN
WH039,2020-01-01,Central,72.5443,38.0,760.0,93.6431,TRAIN
WH039,2020-01-01,East,55.1683,33.0,1008.0,97.4755,TRAIN
WH039,2020-01-01,North,88.7186,18.0,1100.0,98.8118,TRAIN
WH040,2020-01-01,North,81.6052,16.0,1992.0,90.7045,TRAIN
WH040,2020-01-01,South,80.017,25.0,654.0,95.8991,TRAIN
WH040,2020-01-01,East,45.9193,15.0,828.0,92.639,TRAIN
WH041,2020-01-01,Central,52.0017,18.0,1335.0,96.6792,TRAIN
WH041,2020-01-01,East,87.4833,14.0,2223.0,92.7005,TRAIN
WH041,2020-01-01,North,62.5257,11.0,916.0,88.0839,TRAIN
WH042,2020-01-01,North,89.6101,21.0,644.0,95.0684,TRAIN
WH042,2020-01-01,East,75.4623,16.0,2031.0,94.215,TRAIN
WH042,2020-01-01,North,78.2129,5.0,985.0,91.4711,TRAIN
WH043,2020-01-01,East,53.2719,44.0,2190.0,91.4862,TRAIN
WH043,2020-01-01,East,67.521,25.0,2485.0,90.872,TRAIN
WH043,2020-01-01,South,63.3644,30.0,349.0,91.0051,TRAIN
WH044,2020-01-01,West,47.1544,28.0,795.0,85.642,TRAIN
WH044,2020-01-01,East,81.3861,42.0,178.0,98.1079,TRAIN
WH044,2020-01-01,East,47.4397,42.0,2057.0,88.8436,TRAIN
WH045,2020-01-01,West,56.3245,14.0,1372.0,89.3102,TRAIN
WH045,2020-01-01,East,62.098,38.0,1233.0,96.6127,TRAIN
WH045,2020-01-01,East,62.5719,9.0,1623.0,98.3859,TRAIN
WH046,2020-01-01,East,68.231,7.0,992.0,98.2415,TRAIN
WH046,2020-01-01,Central,77.7761,26.0,626.0,97.3923,TRAIN
WH046,2020-01-01,North,56.5935,36.0,2480.0,88.1,TRAIN
WH047,2020-01-01,West,65.8428,44.0,1042.0,85.9553,TRAIN
WH047,2020-01-01,Central,53.2738,31.0,681.0,89.8307,TRAIN
WH047,2020-01-01,West,63.6129,29.0,692.0,96.2314,TRAIN
WH048,2020-01-01,East,82.1627,8.0,116.0,91.9393,TRAIN
WH048,2020-01-01,West,64.8163,40.0,724.0,88.8333,TRAIN
WH048,2020-01-01,North,67.0033,25.0,466.0,94.431,TRAIN
WH049,2020-01-01,North,58.2807,16.0,2274.0,86.8005,TRAIN
WH049,2020-01-01,North,78.1258,18.0,148.0,88.8252,TRAIN
WH049,2020-01-01,West,47.0504,21.0,713.0,95.9099,TRAIN
WH050,2020-01-01,South,46.5034,19.0,1153.0,97.9021,TRAIN
WH050,2020-01-01,East,49.6948,15.0,1858.0,96.1383,TRAIN
WH050,2020-01-01,North,44.8949,41.0,2105.0,95.2482,TRAIN
WH001,2020-02-01,North,89.2957,34.0,1229.0,91.9825,TRAIN
WH001,2020-02-01,North,86.5716,25.0,1423.0,91.9474,TRAIN
WH001,2020-02-01,South,89.5611,38.0,1457.0,91.7763,TRAIN
WH002,2020-02-01,South,92.0457,33.0,2467.0,,TRAIN
WH002,2020-02-01,East,89.0583,10.0,1954.0,96.2027,TRAIN
WH002,2020-02-01,South,92.2729,16.0,1923.0,97.948,TRAIN
WH003,2020-02-01,North,86.9951,7.0,1212.0,97.848,TRAIN
WH003,2020-02-01,East,87.3537,19.0,1427.0,86.538,TRAIN
WH003,2020-02-01,North,91.0277,7.0,1283.0,85.4038,TRAIN
WH004,2020-02-01,Central,89.7715,40.0,781.0,90.7855,TRAIN
WH004,2020-02-01,North,92.8822,5.0,311.0,93.5157,TRAIN
WH004,2020-02-01,Central,86.0005,31.0,1995.0,87.9774,TRAIN
WH005,2020-02-01,West,87.1035,17.0,1431.0,90.8414,TRAIN
WH005,2020-02-01,East,94.1348,21.0,293.0,96.803,TRAIN
WH005,2020-02-01,East,93.7827,5.0,565.0,85.3264,TRAIN
WH006,2020-02-01,Central,86.9628,40.0,1154.0,96.8394,TRAIN
WH006,2020-02-01,South,88.4476,6.0,375.0,95.0754,TRAIN
WH006,2020-02-01,West,93.1549,9.0,920.0,90.6144,TRAIN
WH007,2020-02-01,North,87.8888,30.0,1809.0,89.3635,TRAIN
WH007,2020-02-01,West,93.1059,11.0,695.0,85.7875,TRAIN
WH007,2020-02-01,South,89.0828,30.0,230.0,89.6515,TRAIN
WH008,2020-02-01,East,88.5263,17.0,2112.0,89.7444,TRAIN
WH008,2020-02-01,Central,88.5209,29.0,2124.0,98.4854,TRAIN
WH008,2020-02-01,Central,88.932,12.0,2403.0,86.064,TRAIN
WH009,2020-02-01,East,89.6549,31.0,1500.0,96.7737,TRAIN
WH009,2020-02-01,South,89.0524,13.0,917.0,91.3694,TRAIN
WH009,2020-02-01,South,87.4927,39.0,1889.0,96.5526,TRAIN
WH010,2020-02-01,Central,88.5188,15.0,1869.0,,TRAIN
WH010,2020-02-01,Central,90.1484,7.0,1439.0,98.7036,TRAIN
WH010,2020-02-01,Central,94.1919,21.0,2214.0,92.9542,TRAIN
WH011,2020-02-01,East,86.9114,8.0,516.0,93.6671,TRAIN
WH011,2020-02-01,West,93.0368,35.0,666.0,88.5635,TRAIN
WH011,2020-02-01,Central,90.0129,22.0,155.0,92.7952,TRAIN
WH012,2020-02-01,East,,22.0,835.0,85.8704,TRAIN
WH012,2020-02-01,South,89.1859,11.0,1343.0,91.7956,TRAIN
WH012,2020-02-01,East,90.5259,22.0,2442.0,95.0705,TRAIN
WH013,2020-02-01,West,91.7435,19.0,642.0,,TRAIN
WH013,2020-02-01,North,89.2134,7.0,759.0,97.9039,TRAIN
WH013,2020-02-01,North,87.6985,39.0,2396.0,96.8612,TRAIN
WH014,2020-02-01,East,88.7634,11.0,,94.6453,TRAIN
WH014,2020-02-01,Central,90.9443,42.0,2462.0,92.3374,TRAIN
WH014,2020-02-01,West,92.8321,38.0,396.0,92.9363,TRAIN
WH015,2020-02-01,North,85.7629,29.0,283.0,92.1563,TRAIN
WH015,2020-02-01,South,90.0929,31.0,644.0,92.9597,TRAIN
WH015,2020-02-01,East,94.4337,40.0,1840.0,87.7755,TRAIN
WH016,2020-02-01,Central,94.2329,12.0,1341.0,95.3923,TRAIN
WH016,2020-02-01,West,88.8138,10.0,2287.0,96.7735,TRAIN
WH016,2020-02-01,West,86.8085,42.0,481.0,88.852,TRAIN
WH017,2020-02-01,East,94.1402,32.0,886.0,90.6714,TRAIN
WH017,2020-02-01,West,88.9898,20.0,1609.0,93.7381,TRAIN
WH017,2020-02-01,North,93.0375,6.0,242.0,86.4616,TRAIN
WH018,2020-02-01,East,89.6999,32.0,1469.0,98.9506,TRAIN
WH018,2020-02-01,North,87.8695,7.0,1885.0,91.2113,TRAIN
WH018,2020-02-01,Central,,44.0,571.0,95.7081,TRAIN
WH019,2020-02-01,Central,87.1752,28.0,938.0,91.9516,TRAIN
WH019,2020-02-01,North,90.2017,27.0,883.0,98.342,TRAIN
WH019,2020-02-01,Central,90.4547,7.0,2403.0,91.239,TRAIN
WH020,2020-02-01,North,90.7175,35.0,2305.0,86.4102,TRAIN
WH020,2020-02-01,Central,,29.0,2214.0,85.73,TRAIN
WH020,2020-02-01,West,92.8963,28.0,1591.0,87.2287,TRAIN
WH021,2020-02-01,North,93.8921,29.0,575.0,94.726,TRAIN
WH021,2020-02-01,South,86.2189,8.0,646.0,85.2052,TRAIN
WH021,2020-02-01,South,89.178,13.0,,91.5515,TRAIN
WH022,2020-02-01,West,87.1918,37.0,193.0,89.6423,TRAIN
WH022,2020-02-01,North,93.991,32.0,1471.0,94.899,TRAIN
WH022,2020-02-01,East,90.4385,6.0,1927.0,89.1312,TRAIN
WH023,2020-02-01,South,86.8212,22.0,100.0,88.8833,TRAIN
WH023,2020-02-01,West,92.0261,32.0,,94.57,TRAIN
WH023,2020-02-01,North,88.977,38.0,1673.0,87.9814,TRAIN
WH024,2020-02-01,East,89.4909,10.0,174.0,90.5796,TRAIN
WH024,2020-02-01,East,90.9314,32.0,2428.0,96.206,TRAIN
WH024,2020-02-01,South,91.8892,16.0,1406.0,91.2749,TRAIN
WH025,2020-02-01,West,91.6722,32.0,497.0,91.7999,TRAIN
WH025,2020-02-01,South,88.7529,18.0,2488.0,95.872,TRAIN
WH025,2020-02-01,West,94.7819,44.0,552.0,90.1495,TRAIN
WH026,2020-02-01,Central,91.7348,11.0,1948.0,98.0841,TRAIN
WH026,2020-02-01,Central,86.28,37.0,1526.0,89.9555,TRAIN
WH026,2020-02-01,East,91.323,35.0,2087.0,97.7658,TRAIN
WH027,2020-02-01,North,94.0223,18.0,1567.0,98.1935,TRAIN
WH027,2020-02-01,East,87.0078,38.0,440.0,93.3404,TRAIN
WH027,2020-02-01,East,89.0011,40.0,1623.0,96.2533,TRAIN
WH028,2020-02-01,Central,85.2758,24.0,2156.0,85.0003,TRAIN
WH028,2020-02-01,North,86.5363,20.0,1001.0,95.1224,TRAIN
WH028,2020-02-01,West,92.8239,,1074.0,95.6021,TRAIN
WH029,2020-02-01,Central,91.0454,38.0,1051.0,94.27,TRAIN
WH029,2020-02-01,South,88.062,25.0,2282.0,85.7476,TRAIN
WH029,2020-02-01,South,90.7547,25.0,410.0,95.1289,TRAIN
WH030,2020-02-01,Central,85.4897,38.0,1942.0,85.3043,TRAIN
WH030,2020-02-01,South,88.4276,42.0,883.0,92.9684,TRAIN
WH030,2020-02-01,South,86.7687,43.0,265.0,85.2498,TRAIN
WH031,2020-02-01,South,87.2272,23.0,889.0,93.5221,TRAIN
WH031,2020-02-01,South,90.3042,19.0,651.0,93.8363,TRAIN
WH031,2020-02-01,Central,92.1087,13.0,2009.0,95.3043,TRAIN
WH032,2020-02-01,South,85.81,16.0,2290.0,88.9332,TRAIN
WH032,2020-02-01,Central,91.4894,35.0,1710.0,95.9426,TRAIN
WH032,2020-02-01,North,90.0019,24.0,1371.0,97.7046,TRAIN
WH033,2020-02-01,South,87.6097,30.0,2370.0,88.2985,TRAIN
WH033,2020-02-01,North,,20.0,1898.0,90.891,TRAIN
WH033,2020-02-01,North,93.9701,36.0,1832.0,97.0476,TRAIN
WH034,2020-02-01,East,88.6996,8.0,657.0,88.3977,TRAIN
WH034,2020-02-01,South,94.695,9.0,2232.0,89.6986,TRAIN
WH034,2020-02-01,East,91.1857,41.0,1554.0,92.4007,TRAIN
WH035,2020-02-01,North,91.0791,12.0,1105.0,91.7128,TRAIN
WH035,2020-02-01,Central,94.1565,37.0,1006.0,92.24,TRAIN
WH035,2020-02-01,West,94.9526,33.0,1236.0,96.1235,TRAIN
WH036,2020-02-01,North,86.6291,6.0,1879.0,85.9833,TRAIN
WH036,2020-02-01,East,91.0124,30.0,1606.0,94.5186,TRAIN
WH036,2020-02-01,West,,19.0,1066.0,86.0291,TRAIN
WH037,2020-02-01,East,93.6456,28.0,1871.0,92.5033,TRAIN
WH037,2020-02-01,South,85.5565,6.0,957.0,98.6838,TRAIN
WH037,2020-02-01,West,93.0335,22.0,1424.0,97.4013,TRAIN
WH038,2020-02-01,North,94.8877,6.0,976.0,93.1979,TRAIN
WH038,2020-02-01,Central,94.4115,41.0,1912.0,96.2424,TRAIN
WH038,2020-02-01,North,91.0142,30.0,1544.0,85.5359,TRAIN
WH039,2020-02-01,Central,87.7831,20.0,293.0,90.2771,TRAIN
WH039,2020-02-01,South,89.3151,40.0,491.0,91.2178,TRAIN
WH039,2020-02-01,North,94.6394,16.0,1141.0,95.1268,TRAIN
WH040,2020-02-01,Central,89.351,31.0,,95.921,TRAIN
WH040,2020-02-01,South,93.9651,23.0,422.0,94.7433,TRAIN
WH040,2020-02-01,South,90.7274,44.0,2033.0,87.6591,TRAIN
WH041,2020-02-01,West,91.1003,20.0,931.0,90.2666,TRAIN
WH041,2020-02-01,North,85.9041,6.0,1581.0,89.9382,TRAIN
WH041,2020-02-01,Central,85.0399,19.0,762.0,89.6752,TRAIN
WH042,2020-02-01,North,92.2412,36.0,2485.0,88.3438,TRAIN
WH042,2020-02-01,East,92.9933,41.0,2051.0,86.418,TRAIN
WH042,2020-02-01,Central,87.7348,18.0,,90.2377,TRAIN
WH043,2020-02-01,East,93.6319,25.0,1660.0,85.9336,TRAIN
WH043,2020-02-01,East,89.2285,40.0,2268.0,92.5585,TRAIN
WH043,2020-02-01,North,87.7792,44.0,2485.0,98.8874,TRAIN
WH044,2020-02-01,Central,85.9113,24.0,2207.0,88.2965,TRAIN
WH044,2020-02-01,West,90.179,32.0,1010.0,97.9986,TRAIN
WH044,2020-02-01,Central,85.8652,6.0,115.0,91.4727,TRAIN
WH045,2020-02-01,South,85.3742,44.0,266.0,96.3563,TRAIN
WH045,2020-02-01,South,88.9486,,1658.0,96.1626,TRAIN
WH045,2020-02-01,Central,89.3089,18.0,892.0,97.687,TRAIN
WH046,2020-02-01,East,94.3086,35.0,741.0,87.1347,TRAIN
WH046,2020-02-01,East,,28.0,2040.0,,TRAIN
WH046,2020-02-01,East,85.8524,36.0,2478.0,90.7861,TRAIN
WH047,2020-02-01,Central,92.2672,42.0,1279.0,90.6191,TRAIN
WH047,2020-02-01,Central,88.1119,36.0,1207.0,98.4654,TRAIN
WH047,2020-02-01,East,86.9841,31.0,1034.0,95.396,TRAIN
WH048,2020-02-01,West,88.2057,32.0,150.0,91.2078,TRAIN
WH048,2020-02-01,West,93.5005,18.0,360.0,86.9386,TRAIN
WH048,2020-02-01,North,90.409,24.0,2045.0,91.0952,TRAIN
WH049,2020-02-01,North,87.0212,15.0,2488.0,90.1579,TRAIN
WH049,2020-02-01,North,90.9676,44.0,2096.0,95.045,TRAIN
WH049,2020-02-01,East,89.4414,19.0,302.0,88.8803,TRAIN
WH050,2020-02-01,Central,86.868,19.0,2234.0,86.5538,TRAIN
WH050,2020-02-01,Central,92.411,36.0,721.0,86.7625,TRAIN
WH050,2020-02-01,East,86.7993,13.0,1646.0,96.2336,TRAIN
WH001,2020-03-01,East,88.3731,36.0,1287.0,85.5711,TRAIN
WH001,2020-03-01,North,93.3667,9.0,339.0,86.4703,TRAIN
WH001,2020-03-01,South,92.2244,35.0,1124.0,87.7668,TRAIN
WH002,2020-03-01,South,86.74,13.0,1619.0,93.9945,TRAIN
WH002,2020-03-01,West,90.915,7.0,1658.0,93.4687,TRAIN
WH002,2020-03-01,West,88.0863,10.0,242.0,85.4075,TRAIN
WH003,2020-03-01,West,93.7489,8.0,2208.0,92.8703,TRAIN
WH003,2020-03-01,Central,92.3486,25.0,288.0,88.981,TRAIN
WH003,2020-03-01,East,92.8933,26.0,334.0,90.2439,TRAIN
WH004,2020-03-01,East,87.1325,20.0,758.0,,TRAIN
WH004,2020-03-01,South,89.9844,35.0,1169.0,97.1449,TRAIN
WH004,2020-03-01,Central,89.9462,44.0,2020.0,88.9238,TRAIN
WH005,2020-03-01,West,94.6164,7.0,2050.0,96.2671,TRAIN
WH005,2020-03-01,North,88.5128,31.0,670.0,91.1579,TRAIN
WH005,2020-03-01,East,90.8047,,273.0,90.364,TRAIN
WH006,2020-03-01,West,94.7941,25.0,1036.0,98.246,TRAIN
WH006,2020-03-01,Central,94.5788,16.0,417.0,96.2686,TRAIN
WH006,2020-03-01,East,86.0629,39.0,581.0,85.563,TRAIN
WH007,2020-03-01,West,90.4854,44.0,746.0,86.8614,TRAIN
WH007,2020-03-01,West,85.8193,5.0,1482.0,98.6797,TRAIN
WH007,2020-03-01,North,86.307,23.0,429.0,96.9481,TRAIN
WH008,2020-03-01,South,90.7101,35.0,2098.0,91.9284,TRAIN
WH008,2020-03-01,East,94.7988,6.0,2452.0,97.7936,TRAIN
WH008,2020-03-01,South,91.7861,41.0,616.0,90.5323,TRAIN
WH009,2020-03-01,West,88.8525,21.0,1807.0,87.8916,TRAIN
WH009,2020-03-01,South,88.0339,7.0,2181.0,89.3152,TRAIN
WH009,2020-03-01,West,85.4062,6.0,2372.0,90.1015,TRAIN
WH010,2020-03-01,Central,85.2603,29.0,1728.0,88.4339,TRAIN
WH010,2020-03-01,Central,93.0068,8.0,960.0,88.4641,TRAIN
WH010,2020-03-01,North,92.2368,10.0,1993.0,87.887,TRAIN
WH011,2020-03-01,West,86.1225,41.0,889.0,88.1612,TRAIN
WH011,2020-03-01,East,87.1924,36.0,602.0,85.2701,TRAIN
WH011,2020-03-01,South,90.6291,40.0,711.0,96.906,TRAIN
WH012,2020-03-01,West,93.5388,34.0,1198.0,96.3859,TRAIN
WH012,2020-03-01,South,91.7688,18.0,736.0,96.7698,TRAIN
WH012,2020-03-01,East,,21.0,398.0,92.7793,TRAIN
WH013,2020-03-01,West,87.2876,40.0,2383.0,91.9256,TRAIN
WH013,2020-03-01,North,90.8056,8.0,1727.0,91.1949,TRAIN
WH013,2020-03-01,East,89.3924,33.0,303.0,85.3033,TRAIN
WH014,2020-03-01,East,94.3307,7.0,1065.0,92.8549,TRAIN
WH014,2020-03-01,South,92.1724,18.0,1887.0,90.7973,TRAIN
WH014,2020-03-01,South,92.9223,9.0,498.0,87.0497,TRAIN
WH015,2020-03-01,North,86.0828,19.0,1260.0,93.9951,TRAIN
WH015,2020-03-01,West,90.9437,24.0,2012.0,86.5633,TRAIN
WH015,2020-03-01,West,93.5933,27.0,2070.0,89.3047,TRAIN
WH016,2020-03-01,West,85.0762,26.0,2067.0,90.6402,TRAIN
WH016,2020-03-01,West,86.4384,19.0,2488.0,91.9205,TRAIN
WH016,2020-03-01,North,88.9505,8.0,338.0,90.3116,TRAIN
WH017,2020-03-01,South,90.0377,12.0,685.0,90.924,TRAIN
WH017,2020-03-01,West,88.511,30.0,910.0,85.266,TRAIN
WH017,2020-03-01,North,90.7381,14.0,906.0,87.4255,TRAIN
WH018,2020-03-01,Central,87.8582,40.0,2418.0,,TRAIN
WH018,2020-03-01,South,92.2541,25.0,669.0,90.6262,TRAIN
WH018,2020-03-01,North,,44.0,1468.0,85.9049,TRAIN
WH019,2020-03-01,West,93.9335,10.0,2101.0,96.9204,TRAIN
WH019,2020-03-01,East,89.9832,26.0,1611.0,87.3992,TRAIN
WH019,2020-03-01,North,94.28,5.0,2154.0,93.0894,TRAIN
WH020,2020-03-01,North,90.9576,8.0,1448.0,98.2481,TRAIN
WH020,2020-03-01,North,87.7579,40.0,1342.0,94.8975,TRAIN
WH020,2020-03-01,South,89.8276,17.0,961.0,86.8913,TRAIN
WH021,2020-03-01,South,92.4074,5.0,1539.0,85.1074,TRAIN
WH021,2020-03-01,West,87.1755,17.0,147.0,91.5675,TRAIN
WH021,2020-03-01,East,88.2813,34.0,1031.0,96.9021,TRAIN
WH022,2020-03-01,South,89.0339,39.0,1799.0,87.3408,TRAIN
WH022,2020-03-01,North,89.1795,30.0,1190.0,86.2517,TRAIN
WH022,2020-03-01,South,87.3523,30.0,2282.0,96.4919,TRAIN
WH023,2020-03-01,North,87.3055,24.0,2176.0,93.2228,TRAIN
WH023,2020-03-01,West,86.866,14.0,176.0,98.545,TRAIN
WH023,2020-03-01,East,85.6087,5.0,,93.7682,TRAIN
WH024,2020-03-01,Central,93.7094,24.0,157.0,95.3567,TRAIN
WH024,2020-03-01,West,86.6391,39.0,161.0,89.8341,TRAIN
WH024,2020-03-01,West,86.8629,24.0,2414.0,,TRAIN
WH025,2020-03-01,West,89.9121,30.0,643.0,98.9747,TRAIN
WH025,2020-03-01,South,86.3648,44.0,1424.0,93.8132,TRAIN
WH025,2020-03-01,North,90.0216,27.0,288.0,88.7473,TRAIN
WH026,2020-03-01,South,91.6719,16.0,2335.0,86.5329,TRAIN
WH026,2020-03-01,North,91.2207,19.0,655.0,95.6567,TRAIN
WH026,2020-03-01,West,87.6516,7.0,1810.0,85.3079,TRAIN
WH027,2020-03-01,Central,85.1839,7.0,440.0,93.9947,TRAIN
WH027,2020-03-01,South,94.1295,32.0,1598.0,94.4774,TRAIN
WH027,2020-03-01,West,87.9379,16.0,1178.0,94.1178,TRAIN
WH028,2020-03-01,West,89.8629,12.0,919.0,92.4468,TRAIN
WH028,2020-03-01,East,92.6226,44.0,1891.0,85.9654,TRAIN
WH028,2020-03-01,North,94.7201,37.0,836.0,96.0949,TRAIN
WH029,2020-03-01,South,94.8896,16.0,978.0,92.6047,TRAIN
WH029,2020-03-01,North,92.6777,28.0,2384.0,90.9755,TRAIN
WH029,2020-03-01,West,92.3513,43.0,2170.0,85.0873,TRAIN
WH030,2020-03-01,West,93.6063,14.0,1834.0,92.6958,TRAIN
WH030,2020-03-01,Central,89.0502,36.0,1487.0,98.5285,TRAIN
WH030,2020-03-01,East,85.3537,39.0,276.0,95.4633,TRAIN
WH031,2020-03-01,North,92.6297,35.0,2126.0,88.0465,TRAIN
WH031,2020-03-01,South,94.3849,27.0,1813.0,92.3512,TRAIN
WH031,2020-03-01,South,88.9784,23.0,1217.0,87.2663,TRAIN
WH032,2020-03-01,North,91.7598,35.0,1437.0,95.0333,TRAIN
WH032,2020-03-01,Central,94.5109,20.0,2403.0,96.8222,TRAIN
WH032,2020-03-01,North,93.1193,5.0,1847.0,96.3629,TRAIN
WH033,2020-03-01,Central,90.9345,10.0,691.0,86.6405,TRAIN
WH033,2020-03-01,Central,91.086,,1440.0,93.3426,TRAIN
WH033,2020-03-01,North,89.6398,6.0,545.0,85.7446,TRAIN
WH034,2020-03-01,Central,85.7287,,1855.0,94.7464,TRAIN
WH034,2020-03-01,West,86.4527,8.0,604.0,92.4239,TRAIN
WH034,2020-03-01,West,90.2222,16.0,223.0,85.2665,TRAIN
WH035,2020-03-01,Central,86.6263,26.0,191.0,98.3394,TRAIN
WH035,2020-03-01,Central,93.2051,27.0,136.0,92.5551,TRAIN
WH035,2020-03-01,Central,86.7756,19.0,2292.0,86.6496,TRAIN
WH036,2020-03-01,South,92.0678,30.0,1983.0,87.9286,TRAIN
WH036,2020-03-01,South,85.2488,43.0,2412.0,85.1741,TRAIN
WH036,2020-03-01,East,90.6734,23.0,1560.0,90.9912,TRAIN
WH037,2020-03-01,West,91.5329,30.0,922.0,97.9839,TRAIN
WH037,2020-03-01,West,87.2445,34.0,373.0,86.1198,TRAIN
WH037,2020-03-01,South,93.9666,11.0,2332.0,86.8714,TRAIN
WH038,2020-03-01,North,89.5604,33.0,2093.0,96.9161,TRAIN
WH038,2020-03-01,Central,93.3106,6.0,974.0,85.8286,TRAIN
WH038,2020-03-01,West,87.6517,8.0,696.0,97.9738,TRAIN
WH039,2020-03-01,West,91.3552,29.0,574.0,94.6871,TRAIN
WH039,2020-03-01,East,94.9362,32.0,546.0,86.2907,TRAIN
WH039,2020-03-01,East,85.647,38.0,1086.0,98.6098,TRAIN
WH040,2020-03-01,South,94.1388,11.0,1872.0,90.8955,TRAIN
WH040,2020-03-01,South,93.0198,41.0,1442.0,95.8253,TRAIN
WH040,2020-03-01,South,88.337,17.0,2090.0,90.5396,TRAIN
WH041,2020-03-01,North,87.1762,31.0,2402.0,96.3927,TRAIN
WH041,2020-03-01,Central,91.2363,21.0,252.0,85.1626,TRAIN
WH041,2020-03-01,East,90.0736,36.0,878.0,,TRAIN
WH042,2020-03-01,North,92.9762,19.0,904.0,87.6403,TRAIN
WH042,2020-03-01,South,94.4409,16.0,1885.0,92.633,TRAIN
WH042,2020-03-01,Central,94.8113,34.0,1688.0,97.4549,TRAIN
WH043,2020-03-01,North,87.5649,9.0,1198.0,95.3411,TRAIN
WH043,2020-03-01,West,89.1251,38.0,606.0,97.628,TRAIN
WH043,2020-03-01,West,85.485,25.0,899.0,93.1279,TRAIN
WH044,2020-03-01,Central,89.0705,42.0,812.0,89.8847,TRAIN
WH044,2020-03-01,South,86.8213,43.0,1743.0,98.5019,TRAIN
WH044,2020-03-01,West,85.4254,7.0,2126.0,94.048,TRAIN
WH045,2020-03-01,South,86.3148,13.0,1983.0,95.3843,TRAIN
WH045,2020-03-01,West,86.2327,30.0,1183.0,93.9953,TRAIN
WH045,2020-03-01,East,87.7811,,1827.0,90.4632,TRAIN
WH046,2020-03-01,East,87.4428,43.0,653.0,96.975,TRAIN
WH046,2020-03-01,East,88.8056,14.0,1994.0,85.5572,TRAIN
WH046,2020-03-01,West,90.6032,23.0,279.0,85.0095,TRAIN
WH047,2020-03-01,North,90.1434,32.0,1343.0,90.0614,TRAIN
WH047,2020-03-01,West,90.102,11.0,691.0,93.6511,TRAIN
WH047,2020-03-01,East,94.7495,9.0,407.0,86.7857,TRAIN
WH048,2020-03-01,South,91.9854,10.0,977.0,95.8025,TRAIN
WH048,2020-03-01,North,91.7635,15.0,1615.0,95.9511,TRAIN
WH048,2020-03-01,Central,92.4701,34.0,1304.0,89.4677,TRAIN
WH049,2020-03-01,North,88.9282,15.0,132.0,97.7228,TRAIN
WH049,2020-03-01,East,,10.0,614.0,92.269,TRAIN
WH049,2020-03-01,West,94.1562,27.0,1684.0,90.8475,TRAIN
WH050,2020-03-01,North,88.4366,34.0,938.0,90.9195,TRAIN
WH050,2020-03-01,East,93.9543,10.0,2203.0,89.3235,TRAIN
WH050,2020-03-01,South,94.971,34.0,132.0,91.3687,TRAIN
WH001,2020-04-01,South,91.6837,27.0,1160.0,96.9193,TRAIN
WH001,2020-04-01,South,47.1319,19.0,797.0,94.8062,TRAIN
WH001,2020-04-01,East,42.7945,8.0,2127.0,94.6841,TRAIN
WH002,2020-04-01,North,57.0222,7.0,389.0,88.0511,TRAIN
WH002,2020-04-01,West,42.4831,44.0,898.0,92.3804,TRAIN
WH002,2020-04-01,East,97.0005,44.0,2066.0,92.0805,TRAIN
WH003,2020-04-01,Central,83.3571,39.0,690.0,89.8052,TRAIN
WH003,2020-04-01,North,89.5646,32.0,852.0,87.7548,TRAIN
WH003,2020-04-01,North,58.1788,6.0,499.0,89.773,TRAIN
WH004,2020-04-01,West,43.1214,17.0,983.0,96.3425,TRAIN
WH004,2020-04-01,Central,43.5586,26.0,1898.0,87.1079,TRAIN
WH004,2020-04-01,West,42.2847,42.0,855.0,98.7214,TRAIN
WH005,2020-04-01,West,66.4657,,1338.0,87.4744,TRAIN
WH005,2020-04-01,North,46.604,39.0,1872.0,94.0411,TRAIN
WH005,2020-04-01,East,58.1485,34.0,627.0,92.4325,TRAIN
WH006,2020-04-01,East,95.2658,20.0,2003.0,87.7498,TRAIN
WH006,2020-04-01,East,97.563,16.0,1150.0,91.654,TRAIN
WH006,2020-04-01,North,78.9785,17.0,1237.0,96.4244,TRAIN
WH007,2020-04-01,North,44.9688,24.0,984.0,87.2363,TRAIN
WH007,2020-04-01,North,46.5421,25.0,519.0,87.9623,TRAIN
WH007,2020-04-01,Central,84.136,34.0,2225.0,98.4185,TRAIN
WH008,2020-04-01,North,89.189,9.0,951.0,90.8201,TRAIN
WH008,2020-04-01,East,73.4978,35.0,1606.0,92.5981,TRAIN
WH008,2020-04-01,East,46.0123,29.0,1027.0,86.1467,TRAIN
WH009,2020-04-01,North,44.7207,5.0,2148.0,90.6911,TRAIN
WH009,2020-04-01,Central,60.8361,34.0,2064.0,91.358,TRAIN
WH009,2020-04-01,South,80.281,8.0,968.0,91.4167,TRAIN
WH010,2020-04-01,Central,54.943,24.0,1865.0,95.9847,TRAIN
WH010,2020-04-01,South,58.9191,19.0,621.0,98.9604,TRAIN
WH010,2020-04-01,West,94.6979,44.0,777.0,85.7606,TRAIN
WH011,2020-04-01,South,45.2971,37.0,2297.0,85.2862,TRAIN
WH011,2020-04-01,South,74.0642,34.0,524.0,96.8006,TRAIN
WH011,2020-04-01,South,,14.0,2284.0,92.8685,TRAIN
WH012,2020-04-01,North,73.7158,5.0,2164.0,98.1263,TRAIN
WH012,2020-04-01,Central,51.9713,32.0,1125.0,90.206,TRAIN
WH012,2020-04-01,South,50.8233,9.0,2148.0,89.865,TRAIN
WH013,2020-04-01,East,97.8651,41.0,1962.0,92.1821,TRAIN
WH013,2020-04-01,South,45.1846,28.0,1782.0,98.4784,TRAIN
WH013,2020-04-01,West,68.1299,13.0,2118.0,93.8325,TRAIN
WH014,2020-04-01,East,52.8755,,2241.0,90.8246,TRAIN
WH014,2020-04-01,North,56.1184,18.0,1947.0,96.5866,TRAIN
WH014,2020-04-01,Central,73.608,11.0,236.0,91.1037,TRAIN
WH015,2020-04-01,Central,57.8512,27.0,2297.0,85.199,TRAIN
WH015,2020-04-01,North,94.8326,31.0,2331.0,86.7237,TRAIN
WH015,2020-04-01,East,42.4447,23.0,1399.0,97.4166,TRAIN
WH016,2020-04-01,East,83.0731,18.0,1144.0,89.5672,TRAIN
WH016,2020-04-01,North,78.5777,40.0,2150.0,85.8028,TRAIN
WH016,2020-04-01,East,41.2674,40.0,2104.0,86.6137,TRAIN
WH017,2020-04-01,East,80.6325,33.0,593.0,94.8073,TRAIN
WH017,2020-04-01,West,69.3133,28.0,784.0,97.184,TRAIN
WH017,2020-04-01,West,96.136,13.0,932.0,86.739,TRAIN
WH018,2020-04-01,East,90.1495,7.0,1565.0,91.3037,TRAIN
WH018,2020-04-01,Central,46.2006,7.0,105.0,91.9075,TRAIN
WH018,2020-04-01,Central,92.1922,25.0,320.0,97.2545,TRAIN
WH019,2020-04-01,West,97.6099,21.0,827.0,86.416,TRAIN
WH019,2020-04-01,North,54.9128,6.0,649.0,88.7559,TRAIN
WH019,2020-04-01,West,55.4698,32.0,154.0,87.1716,TRAIN
WH020,2020-04-01,Central,76.9398,26.0,2378.0,92.5192,TRAIN
WH020,2020-04-01,South,73.2251,37.0,2410.0,,TRAIN
WH020,2020-04-01,South,59.7631,38.0,762.0,96.0401,TRAIN
WH021,2020-04-01,Central,41.833,24.0,1185.0,95.6548,TRAIN
WH021,2020-04-01,North,43.9857,35.0,462.0,98.4163,TRAIN
WH021,2020-04-01,South,,16.0,1428.0,95.6348,TRAIN
WH022,2020-04-01,South,79.125,30.0,1138.0,89.5335,TRAIN
WH022,2020-04-01,Central,93.1052,34.0,1122.0,93.7661,TRAIN
WH022,2020-04-01,South,84.4161,35.0,1742.0,89.2483,TRAIN
WH023,2020-04-01,West,57.1145,7.0,,92.7256,TRAIN
WH023,2020-04-01,North,48.5423,8.0,940.0,91.884,TRAIN
WH023,2020-04-01,South,82.7621,14.0,568.0,98.23,TRAIN
WH024,2020-04-01,Central,52.8642,34.0,2201.0,,TRAIN
WH024,2020-04-01,Central,96.0306,6.0,2376.0,96.9604,TRAIN
WH024,2020-04-01,North,40.1615,13.0,2466.0,87.8934,TRAIN
WH025,2020-04-01,West,54.8087,12.0,1392.0,93.5344,TRAIN
WH025,2020-04-01,Central,86.486,42.0,2153.0,87.8966,TRAIN
WH025,2020-04-01,North,55.1041,22.0,591.0,88.7439,TRAIN
WH026,2020-04-01,Central,66.7244,38.0,590.0,87.1635,TRAIN
WH026,2020-04-01,West,50.3919,26.0,692.0,86.4474,TRAIN
WH026,2020-04-01,South,78.6877,43.0,1713.0,89.8563,TRAIN
WH027,2020-04-01,East,72.0617,22.0,849.0,97.5736,TRAIN
WH027,2020-04-01,West,71.6387,5.0,638.0,87.0788,TRAIN
WH027,2020-04-01,East,93.2308,30.0,1153.0,96.9344,TRAIN
WH028,2020-04-01,East,56.7435,11.0,,89.066,TRAIN
WH028,2020-04-01,Central,76.1451,17.0,744.0,86.1463,TRAIN
WH028,2020-04-01,North,84.2042,10.0,173.0,90.9201,TRAIN
WH029,2020-04-01,South,81.5715,12.0,574.0,86.4141,TRAIN
WH029,2020-04-01,South,58.28,35.0,467.0,85.667,TRAIN
WH029,2020-04-01,North,75.6838,39.0,1863.0,98.2405,TRAIN
WH030,2020-04-01,South,52.7421,6.0,1009.0,89.9761,TRAIN
WH030,2020-04-01,South,65.6367,41.0,2494.0,86.2175,TRAIN
WH030,2020-04-01,Central,81.5987,34.0,1109.0,98.1341,TRAIN
WH031,2020-04-01,West,74.8544,25.0,2172.0,85.5827,TRAIN
WH031,2020-04-01,West,69.3619,39.0,354.0,92.8406,TRAIN
WH031,2020-04-01,North,68.0109,21.0,2004.0,89.8934,TRAIN
WH032,2020-04-01,East,44.3961,19.0,1813.0,92.5205,TRAIN
WH032,2020-04-01,North,53.2409,29.0,1409.0,85.7914,TRAIN
WH032,2020-04-01,Central,,21.0,335.0,85.2049,TRAIN
WH033,2020-04-01,South,93.1556,5.0,2281.0,96.9337,TRAIN
WH033,2020-04-01,South,69.0848,6.0,733.0,87.7521,TRAIN
WH033,2020-04-01,Central,70.5791,10.0,1515.0,96.646,TRAIN
WH034,2020-04-01,Central,57.0243,7.0,2262.0,89.6763,TRAIN
WH034,2020-04-01,South,63.3838,42.0,2417.0,90.4057,TRAIN
WH034,2020-04-01,Central,50.1966,44.0,1654.0,92.7364,TRAIN
WH035,2020-04-01,East,84.4902,29.0,809.0,95.6576,TRAIN
WH035,2020-04-01,South,49.261,32.0,1507.0,97.5958,TRAIN
WH035,2020-04-01,East,45.2897,25.0,823.0,85.7704,TRAIN
WH036,2020-04-01,East,82.0637,11.0,887.0,88.2324,TRAIN
WH036,2020-04-01,Central,41.3214,27.0,2092.0,93.4492,TRAIN
WH036,2020-04-01,East,85.5977,23.0,2398.0,87.7939,TRAIN
WH037,2020-04-01,Central,71.2108,40.0,1986.0,92.5982,TRAIN
WH037,2020-04-01,West,92.6183,16.0,1355.0,97.7453,TRAIN
WH037,2020-04-01,West,68.4623,20.0,958.0,85.9347,TRAIN
WH038,2020-04-01,Central,52.8428,25.0,471.0,87.7142,TRAIN
WH038,2020-04-01,North,71.7088,24.0,2213.0,86.1045,TRAIN
WH038,2020-04-01,West,97.6755,23.0,1117.0,98.9004,TRAIN
WH039,2020-04-01,East,73.27,24.0,295.0,94.9537,TRAIN
WH039,2020-04-01,West,66.7307,18.0,2461.0,94.1468,TRAIN
WH039,2020-04-01,Central,88.6258,24.0,,97.2776,TRAIN
WH040,2020-04-01,South,77.1592,,2095.0,98.5214,TRAIN
WH040,2020-04-01,Central,89.4393,39.0,491.0,92.4681,TRAIN
WH040,2020-04-01,Central,65.6109,32.0,217.0,93.8583,TRAIN
WH041,2020-04-01,South,63.9294,29.0,2387.0,92.2418,TRAIN
WH041,2020-04-01,North,97.1896,13.0,1380.0,85.2759,TRAIN
WH041,2020-04-01,South,48.9784,30.0,1837.0,98.5629,TRAIN
WH042,2020-04-01,South,84.9448,20.0,767.0,96.0649,TRAIN
WH042,2020-04-01,East,95.8664,24.0,444.0,93.3117,TRAIN
WH042,2020-04-01,North,81.3679,31.0,207.0,86.4443,TRAIN
WH043,2020-04-01,West,94.562,34.0,2004.0,87.5558,TRAIN
WH043,2020-04-01,South,64.7588,20.0,2245.0,98.0251,TRAIN
WH043,2020-04-01,West,52.2132,33.0,662.0,93.7135,TRAIN
WH044,2020-04-01,North,42.2284,7.0,135.0,98.3292,TRAIN
WH044,2020-04-01,Central,,35.0,250.0,90.7021,TRAIN
WH044,2020-04-01,East,79.6302,39.0,2101.0,86.0389,TRAIN
WH045,2020-04-01,North,64.7709,31.0,2130.0,94.6754,TRAIN
WH045,2020-04-01,North,53.4791,42.0,640.0,90.9149,TRAIN
WH045,2020-04-01,South,72.5782,30.0,2243.0,85.8225,TRAIN
WH046,2020-04-01,West,59.6665,31.0,2201.0,,TRAIN
WH046,2020-04-01,Central,89.2957,17.0,1201.0,92.6514,TRAIN
WH046,2020-04-01,South,41.9617,43.0,1588.0,85.7393,TRAIN
WH047,2020-04-01,East,41.1153,44.0,585.0,97.5134,TRAIN
WH047,2020-04-01,West,55.8156,44.0,490.0,86.0842,TRAIN
WH047,2020-04-01,West,86.0487,19.0,1227.0,92.701,TRAIN
WH048,2020-04-01,North,51.3457,,768.0,88.613,TRAIN
WH048,2020-04-01,Central,76.1175,21.0,312.0,91.414,TRAIN
WH048,2020-04-01,South,73.9043,7.0,726.0,88.1349,TRAIN
WH049,2020-04-01,West,60.2234,15.0,2383.0,91.2479,TRAIN
WH049,2020-04-01,West,73.258,10.0,,95.4792,TRAIN
WH049,2020-04-01,West,85.9815,13.0,1102.0,88.0866,TRAIN
WH050,2020-04-01,Central,87.4635,30.0,771.0,92.4331,TRAIN
WH050,2020-04-01,Central,97.8406,14.0,,95.336,TRAIN
WH050,2020-04-01,West,46.7622,11.0,2223.0,93.9313,TRAIN
WH001,2020-05-01,West,57.8696,21.0,2323.0,86.1424,TRAIN
WH001,2020-05-01,North,71.3985,18.0,367.0,90.2352,TRAIN
WH001,2020-05-01,North,67.0941,18.0,2334.0,86.552,TRAIN
WH002,2020-05-01,West,67.6433,19.0,1935.0,89.9763,TRAIN
WH002,2020-05-01,West,46.8207,18.0,289.0,98.3893,TRAIN
WH002,2020-05-01,East,76.8128,9.0,218.0,,TRAIN
WH003,2020-05-01,East,94.1265,16.0,1307.0,88.0814,TRAIN
WH003,2020-05-01,West,62.9498,6.0,846.0,86.3798,TRAIN
WH003,2020-05-01,South,83.7558,16.0,983.0,90.3462,TRAIN
WH004,2020-05-01,Central,78.8833,43.0,2068.0,93.2979,TRAIN
WH004,2020-05-01,Central,79.727,32.0,1012.0,86.3287,TRAIN
WH004,2020-05-01,East,53.0425,26.0,2264.0,95.0741,TRAIN
WH005,2020-05-01,South,53.5421,6.0,2031.0,97.1838,TRAIN
WH005,2020-05-01,East,63.8748,21.0,200.0,98.8791,TRAIN
WH005,2020-05-01,South,63.9264,5.0,1385.0,91.2651,TRAIN
WH006,2020-05-01,Central,45.1558,39.0,198.0,86.9312,TRAIN
WH006,2020-05-01,West,72.7371,38.0,2125.0,,TRAIN
WH006,2020-05-01,Central,89.704,5.0,331.0,97.7913,TRAIN
WH007,2020-05-01,East,85.9565,24.0,478.0,,TRAIN
WH007,2020-05-01,Central,59.7827,15.0,,93.5484,TRAIN
WH007,2020-05-01,North,61.7409,12.0,237.0,,TRAIN
WH008,2020-05-01,North,48.8294,,1834.0,94.5587,TRAIN
WH008,2020-05-01,South,40.3346,33.0,958.0,96.2291,TRAIN
WH008,2020-05-01,Central,96.8349,30.0,2070.0,,TRAIN
WH009,2020-05-01,West,91.6479,26.0,1079.0,87.7887,TRAIN
WH009,2020-05-01,Central,62.7972,6.0,249.0,93.6049,TRAIN
WH009,2020-05-01,East,64.7252,25.0,865.0,92.2952,TRAIN
WH010,2020-05-01,Central,94.1065,39.0,529.0,97.4092,TRAIN
WH010,2020-05-01,North,92.2811,9.0,2073.0,87.0854,TRAIN
WH010,2020-05-01,East,63.3071,41.0,2066.0,93.4109,TRAIN
WH011,2020-05-01,South,49.9386,36.0,2297.0,87.176,TRAIN
WH011,2020-05-01,East,71.5655,5.0,2049.0,96.6941,TRAIN
WH011,2020-05-01,North,55.5026,8.0,279.0,90.8343,TRAIN
WH012,2020-05-01,North,95.7899,40.0,1267.0,94.6692,TRAIN
WH012,2020-05-01,North,58.9347,16.0,2303.0,92.0343,TRAIN
WH012,2020-05-01,North,55.518,21.0,1977.0,93.9555,TRAIN
WH013,2020-05-01,East,80.508,17.0,1721.0,96.5109,TRAIN
WH013,2020-05-01,East,94.4232,40.0,2462.0,90.7863,TRAIN
WH013,2020-05-01,North,59.3347,30.0,376.0,88.4981,TRAIN
WH014,2020-05-01,Central,,26.0,1501.0,93.9563,TRAIN
WH014,2020-05-01,West,53.0835,13.0,573.0,93.3224,TRAIN
WH014,2020-05-01,Central,71.6207,21.0,2151.0,89.684,TRAIN
WH015,2020-05-01,East,85.5708,41.0,2430.0,92.1886,TRAIN
WH015,2020-05-01,West,78.2249,25.0,453.0,94.829,TRAIN
WH015,2020-05-01,East,69.3771,16.0,692.0,97.1351,TRAIN
WH016,2020-05-01,North,56.9842,5.0,,91.469,TRAIN
WH016,2020-05-01,East,94.3849,41.0,363.0,88.2753,TRAIN
WH016,2020-05-01,East,62.5995,37.0,1403.0,90.6387,TRAIN
WH017,2020-05-01,West,44.1083,26.0,,95.9652,TRAIN
WH017,2020-05-01,East,61.5822,6.0,1989.0,92.3795,TRAIN
WH017,2020-05-01,South,91.3522,42.0,1335.0,94.9066,TRAIN
WH018,2020-05-01,West,67.2254,37.0,420.0,91.5219,TRAIN
WH018,2020-05-01,South,76.2383,35.0,2298.0,98.9512,TRAIN
WH018,2020-05-01,West,77.122,8.0,499.0,94.7742,TRAIN
WH019,2020-05-01,North,88.0748,11.0,2045.0,94.5285,TRAIN
WH019,2020-05-01,North,42.2113,37.0,2236.0,95.9402,TRAIN
WH019,2020-05-01,South,47.5556,31.0,2197.0,87.5798,TRAIN
WH020,2020-05-01,East,55.0961,42.0,447.0,88.8962,TRAIN
WH020,2020-05-01,East,57.8231,14.0,,95.0182,TRAIN
WH020,2020-05-01,West,91.2573,14.0,216.0,85.2983,TRAIN
WH021,2020-05-01,West,83.6038,23.0,2330.0,87.0851,TRAIN
WH021,2020-05-01,North,49.5928,23.0,317.0,86.0203,TRAIN
WH021,2020-05-01,Central,58.1946,6.0,2194.0,91.2098,TRAIN
WH022,2020-05-01,North,52.4309,24.0,142.0,90.4803,TRAIN
WH022,2020-05-01,West,64.9304,42.0,278.0,86.0049,TRAIN
WH022,2020-05-01,South,58.3455,28.0,1793.0,86.3286,TRAIN
WH023,2020-05-01,East,,16.0,2128.0,92.092,TRAIN
WH023,2020-05-01,Central,88.3907,12.0,1950.0,92.5278,TRAIN
WH023,2020-05-01,East,77.2546,43.0,1519.0,90.692,TRAIN
WH024,2020-05-01,East,71.3997,37.0,1799.0,89.5935,TRAIN
WH024,2020-05-01,West,43.9293,39.0,1300.0,87.5622,TRAIN
WH024,2020-05-01,South,59.5492,31.0,293.0,85.2567,TRAIN
WH025,2020-05-01,West,50.5537,39.0,2127.0,96.3207,TRAIN
WH025,2020-05-01,South,87.0944,15.0,1704.0,94.6098,TRAIN
WH025,2020-05-01,South,72.5081,24.0,1666.0,95.3204,TRAIN
WH026,2020-05-01,Central,44.3475,22.0,673.0,98.3149,TRAIN
WH026,2020-05-01,North,78.7875,28.0,1529.0,94.9025,TRAIN
WH026,2020-05-01,Central,91.5172,8.0,,92.6068,TRAIN
WH027,2020-05-01,West,82.8633,5.0,769.0,88.8729,TRAIN
WH027,2020-05-01,West,83.1255,22.0,2321.0,96.0607,TRAIN
WH027,2020-05-01,West,89.4689,7.0,813.0,94.4027,TRAIN
WH028,2020-05-01,South,86.9387,42.0,1299.0,92.4728,TRAIN
WH028,2020-05-01,West,88.382,39.0,1207.0,94.8268,TRAIN
WH028,2020-05-01,West,92.1236,,2255.0,94.8708,TRAIN
WH029,2020-05-01,West,75.1643,21.0,1127.0,87.2888,TRAIN
WH029,2020-05-01,West,92.3002,8.0,2363.0,90.8301,TRAIN
WH029,2020-05-01,South,73.2774,6.0,654.0,90.9882,TRAIN
WH030,2020-05-01,West,57.4787,40.0,112.0,93.55,TRAIN
WH030,2020-05-01,East,50.7733,13.0,1344.0,93.701,TRAIN
WH030,2020-05-01,West,51.6365,44.0,1385.0,89.4967,TRAIN
WH031,2020-05-01,Central,87.3533,5.0,404.0,93.2502,TRAIN
WH031,2020-05-01,Central,82.4748,,187.0,,TRAIN
WH031,2020-05-01,South,80.7499,7.0,1879.0,91.5741,TRAIN
WH032,2020-05-01,East,54.3902,28.0,1410.0,90.0018,TRAIN
WH032,2020-05-01,North,43.0434,37.0,1493.0,97.7956,TRAIN
WH032,2020-05-01,East,91.9792,44.0,490.0,90.6313,TRAIN
WH033,2020-05-01,East,55.8489,26.0,1245.0,85.0918,TRAIN
WH033,2020-05-01,Central,71.2228,32.0,1604.0,87.5523,TRAIN
WH033,2020-05-01,North,97.7049,11.0,1743.0,88.7891,TRAIN
WH034,2020-05-01,West,94.8709,41.0,1323.0,92.0826,TRAIN
WH034,2020-05-01,North,82.5447,37.0,280.0,96.5842,TRAIN
WH034,2020-05-01,West,,22.0,472.0,90.7922,TRAIN
WH035,2020-05-01,West,90.4661,40.0,887.0,90.0858,TRAIN
WH035,2020-05-01,Central,72.9611,,,94.4002,TRAIN
WH035,2020-05-01,West,85.182,19.0,1968.0,92.5953,TRAIN
WH036,2020-05-01,North,45.3452,,1854.0,85.4827,TRAIN
WH036,2020-05-01,East,72.7844,33.0,992.0,98.876,TRAIN
WH036,2020-05-01,North,78.6975,36.0,1340.0,96.2376,TRAIN
WH037,2020-05-01,South,80.0191,26.0,1890.0,94.3226,TRAIN
WH037,2020-05-01,South,64.5679,33.0,1487.0,87.1528,TRAIN
WH037,2020-05-01,Central,57.6374,12.0,518.0,87.6997,TRAIN
WH038,2020-05-01,North,95.8203,9.0,1581.0,98.0589,TRAIN
WH038,2020-05-01,Central,79.0866,19.0,1906.0,98.808,TRAIN
WH038,2020-05-01,North,67.4493,11.0,1121.0,91.495,TRAIN
WH039,2020-05-01,North,93.9526,9.0,2347.0,86.3136,TRAIN
WH039,2020-05-01,East,75.628,30.0,1810.0,87.1875,TRAIN
WH039,2020-05-01,Central,83.104,9.0,1061.0,95.1039,TRAIN
WH040,2020-05-01,East,83.8314,43.0,143.0,92.0892,TRAIN
WH040,2020-05-01,South,41.569,22.0,630.0,,TRAIN
WH040,2020-05-01,East,74.7662,25.0,860.0,97.7723,TRAIN
WH041,2020-05-01,South,76.4562,13.0,154.0,,TRAIN
WH041,2020-05-01,South,64.9462,30.0,616.0,86.0332,TRAIN
WH041,2020-05-01,West,85.0114,22.0,2417.0,,TRAIN
WH042,2020-05-01,West,,21.0,1475.0,88.5985,TRAIN
WH042,2020-05-01,South,73.694,40.0,1956.0,89.0916,TRAIN
WH042,2020-05-01,South,52.0341,25.0,,89.9544,TRAIN
WH043,2020-05-01,East,70.112,26.0,1240.0,93.9162,TRAIN
WH043,2020-05-01,Central,83.4716,37.0,698.0,92.788,TRAIN
WH043,2020-05-01,North,59.6676,12.0,1592.0,91.4813,TRAIN
WH044,2020-05-01,South,54.5808,20.0,2067.0,92.7422,TRAIN
WH044,2020-05-01,South,73.8415,8.0,116.0,95.3303,TRAIN
WH044,2020-05-01,Central,73.1786,18.0,843.0,86.5847,TRAIN
WH045,2020-05-01,South,62.3026,27.0,2033.0,96.6293,TRAIN
WH045,2020-05-01,Central,45.9888,22.0,2081.0,85.1696,TRAIN
WH045,2020-05-01,West,,35.0,1491.0,86.7364,TRAIN
WH046,2020-05-01,East,47.6545,26.0,409.0,91.7976,TRAIN
WH046,2020-05-01,North,90.7129,26.0,1736.0,90.0756,TRAIN
WH046,2020-05-01,Central,70.3573,15.0,139.0,88.5626,TRAIN
WH047,2020-05-01,Central,65.3345,40.0,2377.0,92.6307,TRAIN
WH047,2020-05-01,Central,77.0686,32.0,989.0,91.1748,TRAIN
WH047,2020-05-01,South,66.264,23.0,2301.0,88.7575,TRAIN
WH048,2020-05-01,East,57.2134,20.0,897.0,92.203,TRAIN
WH048,2020-05-01,South,44.0036,14.0,462.0,89.0703,TRAIN
WH048,2020-05-01,Central,94.4384,10.0,1143.0,86.326,TRAIN
WH049,2020-05-01,West,96.6785,27.0,1611.0,88.746,TRAIN
WH049,2020-05-01,East,56.9793,18.0,814.0,86.0501,TRAIN
WH049,2020-05-01,Central,74.8816,12.0,1237.0,,TRAIN
WH050,2020-05-01,West,93.9993,33.0,437.0,88.5093,TRAIN
WH050,2020-05-01,South,54.9879,10.0,1901.0,91.956,TRAIN
WH050,2020-05-01,North,80.4361,27.0,606.0,95.0373,TRAIN
WH001,2020-06-01,North,42.0467,13.0,2449.0,94.603,TRAIN
WH001,2020-06-01,North,56.1041,12.0,651.0,95.2226,TRAIN
WH001,2020-06-01,North,54.2316,39.0,147.0,97.8904,TRAIN
WH002,2020-06-01,Central,51.0522,34.0,2326.0,93.4839,TRAIN
WH002,2020-06-01,East,83.7322,,1495.0,94.1307,TRAIN
WH002,2020-06-01,East,43.4855,5.0,2419.0,92.9581,TRAIN
WH003,2020-06-01,North,73.7811,32.0,397.0,95.666,TRAIN
WH003,2020-06-01,South,95.6933,15.0,695.0,95.4168,TRAIN
WH003,2020-06-01,West,51.5737,35.0,1294.0,94.1358,TRAIN
WH004,2020-06-01,Central,44.073,17.0,985.0,96.3355,TRAIN
WH004,2020-06-01,West,51.4303,23.0,2057.0,,TRAIN
WH004,2020-06-01,West,79.2892,24.0,1056.0,92.5678,TRAIN
WH005,2020-06-01,East,79.2398,11.0,2085.0,88.8862,TRAIN
WH005,2020-06-01,South,44.562,34.0,480.0,92.8049,TRAIN
WH005,2020-06-01,East,77.5463,15.0,2133.0,98.9628,TRAIN
WH006,2020-06-01,North,67.6526,41.0,1636.0,86.3092,TRAIN
WH006,2020-06-01,West,66.6727,9.0,1439.0,93.145,TRAIN
WH006,2020-06-01,Central,59.9114,32.0,1572.0,97.9144,TRAIN
WH007,2020-06-01,East,54.462,5.0,1002.0,85.4387,TRAIN
WH007,2020-06-01,West,87.9245,21.0,343.0,,TRAIN
WH007,2020-06-01,West,48.7874,8.0,875.0,95.6187,TRAIN
WH008,2020-06-01,North,59.4018,33.0,796.0,87.4417,TRAIN
WH008,2020-06-01,West,40.4914,38.0,1909.0,96.0396,TRAIN
WH008,2020-06-01,East,43.284,21.0,1670.0,97.9659,TRAIN
WH009,2020-06-01,Central,62.2453,28.0,1583.0,85.3315,TRAIN
WH009,2020-06-01,Central,59.2099,31.0,,87.0959,TRAIN
WH009,2020-06-01,North,42.7974,26.0,285.0,88.3077,TRAIN
WH010,2020-06-01,West,46.6801,16.0,2329.0,85.2582,TRAIN
WH010,2020-06-01,Central,85.8676,24.0,407.0,96.715,TRAIN
WH010,2020-06-01,Central,,32.0,553.0,97.9175,TRAIN
WH011,2020-06-01,North,53.4287,37.0,2130.0,93.6459,TRAIN
WH011,2020-06-01,East,63.5291,33.0,509.0,92.8329,TRAIN
WH011,2020-06-01,North,80.0764,21.0,2287.0,95.2059,TRAIN
WH012,2020-06-01,Central,72.2443,38.0,2276.0,96.3593,TRAIN
WH012,2020-06-01,North,67.27,23.0,406.0,95.4012,TRAIN
WH012,2020-06-01,South,61.1691,20.0,1355.0,90.9821,TRAIN
WH013,2020-06-01,North,88.8404,43.0,193.0,93.7484,TRAIN
WH013,2020-06-01,South,83.347,9.0,,87.505,TRAIN
WH013,2020-06-01,North,83.9036,28.0,572.0,94.6832,TRAIN
WH014,2020-06-01,West,43.7825,13.0,2030.0,96.7535,TRAIN
WH014,2020-06-01,Central,90.6041,9.0,2117.0,90.6688,TRAIN
WH014,2020-06-01,East,62.2614,7.0,2385.0,92.8841,TRAIN
WH015,2020-06-01,East,56.8945,41.0,1765.0,90.6646,TRAIN
WH015,2020-06-01,Central,96.3967,18.0,183.0,90.8082,TRAIN
WH015,2020-06-01,West,93.4165,42.0,1763.0,92.1163,TRAIN
WH016,2020-06-01,North,64.95,17.0,660.0,98.052,TRAIN
WH016,2020-06-01,Central,40.4179,30.0,2279.0,86.5295,TRAIN
WH016,2020-06-01,West,70.017,35.0,2329.0,98.6746,TRAIN
WH017,2020-06-01,East,71.5788,18.0,1778.0,98.4672,TRAIN
WH017,2020-06-01,Central,67.257,35.0,1805.0,91.9739,TRAIN
WH017,2020-06-01,South,82.1997,33.0,267.0,98.8776,TRAIN
WH018,2020-06-01,East,89.4359,31.0,1238.0,98.7153,TRAIN
WH018,2020-06-01,West,95.0323,28.0,1474.0,85.3128,TRAIN
WH018,2020-06-01,East,58.4701,33.0,1373.0,91.4547,TRAIN
WH019,2020-06-01,South,90.1348,41.0,1299.0,97.593,TRAIN
WH019,2020-06-01,West,72.1225,41.0,1422.0,95.7885,TRAIN
WH019,2020-06-01,West,64.0591,12.0,1887.0,97.1538,TRAIN
WH020,2020-06-01,South,64.1016,10.0,,86.895,TRAIN
WH020,2020-06-01,South,58.2898,26.0,1816.0,90.8983,TRAIN
WH020,2020-06-01,East,80.2965,10.0,2001.0,92.3136,TRAIN
WH021,2020-06-01,South,70.1993,12.0,513.0,97.4497,TRAIN
WH021,2020-06-01,West,91.1258,12.0,310.0,91.6108,TRAIN
WH021,2020-06-01,South,91.1891,29.0,1441.0,98.3833,TRAIN
WH022,2020-06-01,North,84.9514,17.0,1154.0,93.0328,TRAIN
WH022,2020-06-01,South,,21.0,375.0,97.8817,TRAIN
WH022,2020-06-01,North,54.2075,14.0,746.0,85.2587,TRAIN
WH023,2020-06-01,South,44.6623,22.0,1869.0,89.6218,TRAIN
WH023,2020-06-01,North,45.1198,31.0,1980.0,98.5046,TRAIN
WH023,2020-06-01,West,45.2017,6.0,240.0,95.2488,TRAIN
WH024,2020-06-01,West,58.9468,41.0,193.0,97.3313,TRAIN
WH024,2020-06-01,West,80.0726,42.0,113.0,97.3749,TRAIN
WH024,2020-06-01,West,84.3383,20.0,112.0,93.9824,TRAIN
WH025,2020-06-01,North,85.7039,11.0,2053.0,95.5607,TRAIN
WH025,2020-06-01,South,65.7484,22.0,1091.0,88.2905,TRAIN
WH025,2020-06-01,East,60.4404,13.0,188.0,86.0628,TRAIN
WH026,2020-06-01,North,41.9835,38.0,2365.0,91.4507,TRAIN
WH026,2020-06-01,Central,55.9879,26.0,1891.0,90.325,TRAIN
WH026,2020-06-01,South,68.6967,24.0,934.0,92.2384,TRAIN
WH027,2020-06-01,North,55.54,29.0,101.0,85.7125,TRAIN
WH027,2020-06-01,East,48.9243,24.0,1114.0,93.7743,TRAIN
WH027,2020-06-01,Central,83.5153,32.0,303.0,90.7698,TRAIN
WH028,2020-06-01,West,51.744,34.0,278.0,96.1332,TRAIN
WH028,2020-06-01,South,68.5973,13.0,2378.0,,TRAIN
WH028,2020-06-01,Central,97.194,26.0,1263.0,90.267,TRAIN
WH029,2020-06-01,North,89.2143,27.0,1018.0,88.553,TRAIN
WH029,2020-06-01,Central,53.3343,7.0,487.0,91.8179,TRAIN
WH029,2020-06-01,Central,91.367,28.0,844.0,86.1083,TRAIN
WH030,2020-06-01,Central,72.3862,22.0,1317.0,92.1389,TRAIN
WH030,2020-06-01,South,80.8098,6.0,860.0,98.1427,TRAIN
WH030,2020-06-01,North,75.9979,44.0,1050.0,87.1538,TRAIN
WH031,2020-06-01,West,68.3574,38.0,,95.5833,TRAIN
WH031,2020-06-01,South,48.4105,10.0,2306.0,89.3651,TRAIN
WH031,2020-06-01,West,83.9994,15.0,343.0,90.6772,TRAIN
WH032,2020-06-01,West,87.3778,37.0,150.0,92.3625,TRAIN
WH032,2020-06-01,East,50.4347,19.0,1927.0,89.5316,TRAIN
WH032,2020-06-01,North,63.5003,31.0,375.0,86.815,TRAIN
WH033,2020-06-01,South,71.2888,43.0,1029.0,88.7942,TRAIN
WH033,2020-06-01,North,71.5591,17.0,1054.0,86.9554,TRAIN
WH033,2020-06-01,North,55.1404,16.0,522.0,95.3011,TRAIN
WH034,2020-06-01,South,70.3276,11.0,571.0,88.6608,TRAIN
WH034,2020-06-01,South,44.4781,27.0,2376.0,88.5165,TRAIN
WH034,2020-06-01,North,51.1268,7.0,119.0,97.639,TRAIN
WH035,2020-06-01,Central,47.1903,25.0,2225.0,91.2801,TRAIN
WH035,2020-06-01,East,77.892,43.0,195.0,85.9938,TRAIN
WH035,2020-06-01,West,89.4905,41.0,566.0,89.4977,TRAIN
WH036,2020-06-01,North,78.4138,32.0,2487.0,95.072,TRAIN
WH036,2020-06-01,South,46.7557,13.0,449.0,93.9621,TRAIN
WH036,2020-06-01,South,74.1177,23.0,2192.0,85.2069,TRAIN
WH037,2020-06-01,West,86.3319,15.0,1618.0,91.6585,TRAIN
WH037,2020-06-01,East,61.3417,36.0,1321.0,93.7512,TRAIN
WH037,2020-06-01,East,74.3242,37.0,586.0,89.89,TRAIN
WH038,2020-06-01,Central,57.9682,30.0,1696.0,85.2694,TRAIN
WH038,2020-06-01,North,43.0614,23.0,876.0,96.7016,TRAIN
WH038,2020-06-01,West,46.2199,27.0,1228.0,86.666,TRAIN
WH039,2020-06-01,East,65.0963,,2237.0,85.2586,TRAIN
WH039,2020-06-01,Central,90.6929,5.0,211.0,88.9267,TRAIN
WH039,2020-06-01,East,96.4391,44.0,2031.0,85.7177,TRAIN
WH040,2020-06-01,Central,45.5881,34.0,828.0,89.6269,TRAIN
WH040,2020-06-01,East,69.9883,43.0,182.0,98.8579,TRAIN
WH040,2020-06-01,North,85.5923,10.0,1471.0,94.3967,TRAIN
WH041,2020-06-01,South,79.3778,15.0,413.0,89.2348,TRAIN
WH041,2020-06-01,North,75.0302,39.0,260.0,95.2191,TRAIN
WH041,2020-06-01,East,95.7621,23.0,598.0,93.7867,TRAIN
WH042,2020-06-01,South,67.0591,33.0,284.0,93.5197,TRAIN
WH042,2020-06-01,East,90.5917,32.0,250.0,92.2207,TRAIN
WH042,2020-06-01,Central,41.5178,39.0,1052.0,86.9442,TRAIN
WH043,2020-06-01,South,90.6723,39.0,2103.0,86.4266,TRAIN
WH043,2020-06-01,East,91.0591,29.0,1353.0,92.6695,TRAIN
WH043,2020-06-01,West,76.4361,31.0,1932.0,85.83,TRAIN
WH044,2020-06-01,West,96.5419,25.0,613.0,95.1636,TRAIN
WH044,2020-06-01,South,,20.0,1525.0,86.3849,TRAIN
WH044,2020-06-01,South,43.2293,26.0,1523.0,90.0692,TRAIN
WH045,2020-06-01,East,67.0791,25.0,1878.0,92.6818,TRAIN
WH045,2020-06-01,West,55.9471,,559.0,89.6947,TRAIN
WH045,2020-06-01,Central,82.4875,29.0,1574.0,87.6679,TRAIN
WH046,2020-06-01,East,55.4424,32.0,271.0,93.934,TRAIN
WH046,2020-06-01,South,70.4018,35.0,562.0,90.9076,TRAIN
WH046,2020-06-01,Central,43.7931,22.0,2438.0,88.297,TRAIN
WH047,2020-06-01,Central,65.4933,29.0,140.0,98.2628,TRAIN
WH047,2020-06-01,North,79.7781,20.0,,90.2244,TRAIN
WH047,2020-06-01,North,68.0368,20.0,2043.0,93.9934,TRAIN
WH048,2020-06-01,East,46.8414,42.0,539.0,85.8741,TRAIN
WH048,2020-06-01,East,72.6198,22.0,466.0,93.5865,TRAIN
WH048,2020-06-01,West,52.7811,31.0,2210.0,93.9358,TRAIN
WH049,2020-06-01,North,97.8918,12.0,1815.0,91.6033,TRAIN
WH049,2020-06-01,Central,55.0674,9.0,1823.0,88.9098,TRAIN
WH049,2020-06-01,West,81.4424,18.0,221.0,95.2548,TRAIN
WH050,2020-06-01,West,60.434,13.0,1325.0,93.6,TRAIN
WH050,2020-06-01,East,,6.0,2273.0,87.3593,TRAIN
WH050,2020-06-01,West,59.3483,38.0,739.0,85.5943,TRAIN
WH001,2020-07-01,South,79.3893,6.0,1005.0,93.7068,TRAIN
WH001,2020-07-01,West,96.3074,27.0,1725.0,88.2385,TRAIN
WH001,2020-07-01,North,94.2916,28.0,328.0,97.9103,TRAIN
WH002,2020-07-01,West,64.044,27.0,299.0,87.821,TRAIN
WH002,2020-07-01,North,88.4709,5.0,468.0,98.8161,TRAIN
WH002,2020-07-01,West,72.4775,12.0,1078.0,98.8355,TRAIN
WH003,2020-07-01,South,44.6188,6.0,837.0,92.7434,TRAIN
WH003,2020-07-01,West,50.9554,42.0,1827.0,86.7202,TRAIN
WH003,2020-07-01,Central,79.2381,6.0,1690.0,98.834,TRAIN
WH004,2020-07-01,East,75.0353,28.0,624.0,95.4671,TRAIN
WH004,2020-07-01,East,84.7802,20.0,2020.0,95.2372,TRAIN
WH004,2020-07-01,East,,23.0,320.0,85.652,TRAIN
WH005,2020-07-01,East,73.4923,34.0,1632.0,90.6561,TRAIN
WH005,2020-07-01,Central,40.4083,5.0,1259.0,94.5869,TRAIN
WH005,2020-07-01,South,49.7314,21.0,2070.0,86.6747,TRAIN
WH006,2020-07-01,South,96.84,27.0,542.0,86.5642,TRAIN
WH006,2020-07-01,West,84.5574,21.0,1558.0,88.0538,TRAIN
WH006,2020-07-01,North,44.9963,10.0,1150.0,96.7898,TRAIN
WH007,2020-07-01,West,76.4036,29.0,1207.0,87.3279,TRAIN
WH007,2020-07-01,North,91.4142,18.0,1235.0,85.3745,TRAIN
WH007,2020-07-01,West,62.403,21.0,610.0,96.4744,TRAIN
WH008,2020-07-01,East,88.5967,35.0,1646.0,94.6854,TRAIN
WH008,2020-07-01,East,40.328,39.0,615.0,87.6145,TRAIN
WH008,2020-07-01,North,53.2104,27.0,1309.0,96.1805,TRAIN
WH009,2020-07-01,South,65.0605,37.0,710.0,90.7604,TRAIN
WH009,2020-07-01,East,90.5063,11.0,716.0,92.06,TRAIN
WH009,2020-07-01,West,74.5574,37.0,326.0,89.9016,TRAIN
WH010,2020-07-01,North,83.4308,,2240.0,,TRAIN
WH010,2020-07-01,South,43.3908,6.0,2060.0,,TRAIN
WH010,2020-07-01,South,52.4093,18.0,1485.0,85.8921,TRAIN
WH011,2020-07-01,West,82.8818,18.0,1491.0,94.8016,TRAIN
WH011,2020-07-01,South,47.8748,16.0,1830.0,96.4166,TRAIN
WH011,2020-07-01,South,76.4231,44.0,641.0,86.3079,TRAIN
WH012,2020-07-01,West,87.829,31.0,1320.0,98.1031,TRAIN
WH012,2020-07-01,North,47.5549,10.0,1187.0,98.2667,TRAIN
WH012,2020-07-01,Central,95.3222,37.0,2480.0,98.4211,TRAIN
WH013,2020-07-01,East,,28.0,1761.0,95.3111,TRAIN
WH013,2020-07-01,South,48.0209,37.0,2030.0,92.9188,TRAIN
WH013,2020-07-01,West,47.1326,28.0,1821.0,94.4223,TRAIN
WH014,2020-07-01,North,85.6334,8.0,2067.0,87.6459,TRAIN
WH014,2020-07-01,East,65.0014,11.0,552.0,89.6332,TRAIN
WH014,2020-07-01,South,89.3521,,1353.0,95.8244,TRAIN
WH015,2020-07-01,North,57.508,,796.0,94.2488,TRAIN
WH015,2020-07-01,East,41.1894,26.0,739.0,86.4111,TRAIN
WH015,2020-07-01,East,,13.0,920.0,88.3873,TRAIN
WH016,2020-07-01,Central,61.9977,7.0,590.0,92.24,TRAIN
WH016,2020-07-01,East,83.1051,31.0,636.0,86.8454,TRAIN
WH016,2020-07-01,North,49.1323,5.0,217.0,91.5774,TRAIN
WH017,2020-07-01,North,79.0841,32.0,517.0,92.2861,TRAIN
WH017,2020-07-01,North,89.9693,40.0,1203.0,89.4815,TRAIN
WH017,2020-07-01,Central,66.9042,42.0,1622.0,85.9296,TRAIN
WH018,2020-07-01,East,54.0894,31.0,168.0,94.1354,TRAIN
WH018,2020-07-01,North,63.6416,28.0,1100.0,94.2082,TRAIN
WH018,2020-07-01,East,84.3652,15.0,159.0,93.3943,TRAIN
WH019,2020-07-01,West,80.5168,19.0,1976.0,87.4835,TRAIN
WH019,2020-07-01,Central,52.4007,35.0,1893.0,96.9446,TRAIN
WH019,2020-07-01,Central,44.1019,33.0,1458.0,92.0169,TRAIN
WH020,2020-07-01,West,91.4749,30.0,2181.0,89.148,TRAIN
WH020,2020-07-01,East,63.8788,11.0,1182.0,85.8936,TRAIN
WH020,2020-07-01,West,71.1511,19.0,1099.0,95.5827,TRAIN
WH021,2020-07-01,West,47.8355,12.0,2351.0,86.1036,TRAIN
WH021,2020-07-01,South,78.1059,33.0,601.0,85.0878,TRAIN
WH021,2020-07-01,Central,58.7656,35.0,1904.0,89.7452,TRAIN
WH022,2020-07-01,East,64.4875,16.0,201.0,96.8477,TRAIN
WH022,2020-07-01,North,68.129,28.0,1225.0,88.5641,TRAIN
WH022,2020-07-01,North,90.1621,28.0,183.0,97.8678,TRAIN
WH023,2020-07-01,North,52.5438,30.0,1319.0,94.7343,TRAIN
WH023,2020-07-01,Central,86.2089,15.0,,88.2258,TRAIN
WH023,2020-07-01,Central,50.2373,42.0,650.0,85.7951,TRAIN
WH024,2020-07-01,South,80.8848,27.0,336.0,95.4845,TRAIN
WH024,2020-07-01,North,66.5252,21.0,1892.0,93.2218,TRAIN
WH024,2020-07-01,West,46.9236,34.0,2378.0,85.1024,TRAIN
WH025,2020-07-01,North,52.9925,12.0,1221.0,85.0688,TRAIN
WH025,2020-07-01,East,78.4963,23.0,960.0,87.3504,TRAIN
WH025,2020-07-01,North,67.8837,,683.0,96.2417,TRAIN
WH026,2020-07-01,West,97.4968,13.0,2314.0,91.393,TRAIN
WH026,2020-07-01,South,96.1282,25.0,2112.0,86.9471,TRAIN
WH026,2020-07-01,North,45.9276,40.0,902.0,88.7686,TRAIN
WH027,2020-07-01,North,95.3677,35.0,2386.0,87.8695,TRAIN
WH027,2020-07-01,Central,65.6221,12.0,858.0,88.2856,TRAIN
WH027,2020-07-01,East,44.3536,12.0,1870.0,89.4545,TRAIN
WH028,2020-07-01,North,97.5459,17.0,135.0,97.7228,TRAIN
WH028,2020-07-01,Central,,7.0,1020.0,95.0523,TRAIN
WH028,2020-07-01,West,89.5124,37.0,641.0,95.3633,TRAIN
WH029,2020-07-01,West,,8.0,1658.0,92.9116,TRAIN
WH029,2020-07-01,West,73.7142,42.0,1164.0,97.6362,TRAIN
WH029,2020-07-01,East,41.6821,11.0,994.0,91.5019,TRAIN
WH030,2020-07-01,West,74.0153,27.0,962.0,97.2753,TRAIN
WH030,2020-07-01,East,54.2036,41.0,1629.0,97.3261,TRAIN
WH030,2020-07-01,South,64.1647,39.0,1332.0,93.3909,TRAIN
WH031,2020-07-01,South,74.3207,7.0,984.0,94.1219,TRAIN
WH031,2020-07-01,Central,65.9956,13.0,1169.0,98.6177,TRAIN
WH031,2020-07-01,West,64.7599,22.0,1959.0,91.2831,TRAIN
WH032,2020-07-01,Central,46.6997,34.0,649.0,85.0322,TRAIN
WH032,2020-07-01,South,83.5509,6.0,2165.0,90.0195,TRAIN
WH032,2020-07-01,South,,39.0,1797.0,91.2298,TRAIN
WH033,2020-07-01,East,87.352,40.0,626.0,93.01,TRAIN
WH033,2020-07-01,South,43.9465,17.0,1617.0,97.7811,TRAIN
WH033,2020-07-01,East,75.2442,44.0,1396.0,88.3271,TRAIN
WH034,2020-07-01,South,84.1606,13.0,1273.0,97.1006,TRAIN
WH034,2020-07-01,Central,47.6467,41.0,1981.0,93.4255,TRAIN
WH034,2020-07-01,South,49.1543,25.0,886.0,97.6465,TRAIN
WH035,2020-07-01,West,89.5746,22.0,1219.0,98.1668,TRAIN
WH035,2020-07-01,Central,66.2257,44.0,477.0,90.1436,TRAIN
WH035,2020-07-01,North,95.1799,28.0,989.0,86.1927,TRAIN
WH036,2020-07-01,North,96.2461,40.0,1041.0,98.8496,TRAIN
WH036,2020-07-01,East,86.4275,20.0,308.0,95.5445,TRAIN
WH036,2020-07-01,North,,,1835.0,,TRAIN
WH037,2020-07-01,West,68.6604,14.0,124.0,88.2073,TRAIN
WH037,2020-07-01,Central,59.6076,20.0,410.0,91.0387,TRAIN
WH037,2020-07-01,West,41.5943,15.0,193.0,94.6615,TRAIN
WH038,2020-07-01,North,95.3343,44.0,1399.0,92.6439,TRAIN
WH038,2020-07-01,Central,50.1644,13.0,560.0,90.2135,TRAIN
WH038,2020-07-01,East,97.2783,36.0,142.0,93.0668,TRAIN
WH039,2020-07-01,East,55.7499,41.0,786.0,88.0101,TRAIN
WH039,2020-07-01,West,60.2681,6.0,888.0,86.5066,TRAIN
WH039,2020-07-01,East,56.0349,21.0,1507.0,86.891,TRAIN
WH040,2020-07-01,South,51.1888,36.0,2421.0,91.0608,TRAIN
WH040,2020-07-01,South,55.1114,20.0,726.0,89.6258,TRAIN
WH040,2020-07-01,South,,16.0,1930.0,87.5725,TRAIN
WH041,2020-07-01,West,86.9111,23.0,1022.0,89.7722,TRAIN
WH041,2020-07-01,East,45.8841,27.0,1233.0,87.5183,TRAIN
WH041,2020-07-01,West,42.4643,6.0,218.0,93.8427,TRAIN
WH042,2020-07-01,Central,63.6633,22.0,1216.0,92.049,TRAIN
WH042,2020-07-01,West,62.6457,7.0,,87.8016,TRAIN
WH042,2020-07-01,South,47.5214,11.0,2322.0,88.9557,TRAIN
WH043,2020-07-01,South,84.5553,35.0,1845.0,93.0273,TRAIN
WH043,2020-07-01,East,92.1339,33.0,1952.0,92.5584,TRAIN
WH043,2020-07-01,East,82.0702,29.0,2370.0,85.7743,TRAIN
WH044,2020-07-01,North,92.9857,7.0,1690.0,85.8636,TRAIN
WH044,2020-07-01,West,80.4103,28.0,1431.0,88.3768,TRAIN
WH044,2020-07-01,West,76.6839,9.0,245.0,98.1593,TRAIN
WH045,2020-07-01,South,40.4529,26.0,729.0,90.8145,TRAIN
WH045,2020-07-01,North,80.6502,12.0,1251.0,98.5323,TRAIN
WH045,2020-07-01,West,93.2651,34.0,1856.0,94.3945,TRAIN
WH046,2020-07-01,North,54.4639,38.0,1883.0,93.8891,TRAIN
WH046,2020-07-01,West,60.9442,40.0,1080.0,95.92,TRAIN
WH046,2020-07-01,South,41.8514,28.0,820.0,85.8899,TRAIN
WH047,2020-07-01,West,80.7344,15.0,1691.0,86.9655,TRAIN
WH047,2020-07-01,South,97.8554,22.0,1488.0,90.853,TRAIN
WH047,2020-07-01,West,87.8697,23.0,1012.0,98.2987,TRAIN
WH048,2020-07-01,West,69.4284,43.0,2302.0,94.434,TRAIN
WH048,2020-07-01,West,59.215,18.0,2223.0,97.3428,TRAIN
WH048,2020-07-01,North,58.024,39.0,2266.0,96.2909,TRAIN
WH049,2020-07-01,Central,80.8511,25.0,2148.0,98.7456,TRAIN
WH049,2020-07-01,Central,64.7569,40.0,289.0,92.4527,TRAIN
WH049,2020-07-01,East,97.6298,14.0,1900.0,91.595,TRAIN
WH050,2020-07-01,South,97.9583,7.0,2438.0,90.5423,TRAIN
WH050,2020-07-01,North,75.0227,27.0,1005.0,98.3934,TRAIN
WH050,2020-07-01,Central,72.6166,5.0,539.0,86.8841,TRAIN
WH001,2020-08-01,East,46.1146,29.0,1413.0,97.2375,TRAIN
WH001,2020-08-01,Central,56.5071,37.0,820.0,93.3219,TRAIN
WH001,2020-08-01,West,50.2201,17.0,891.0,89.1683,TRAIN
WH002,2020-08-01,South,48.6795,36.0,1834.0,88.1789,TRAIN
WH002,2020-08-01,Central,45.9583,17.0,235.0,94.0472,TRAIN
WH002,2020-08-01,West,53.8875,28.0,1983.0,87.8586,TRAIN
WH003,2020-08-01,East,,38.0,1866.0,89.8485,TRAIN
WH003,2020-08-01,North,45.3879,31.0,1446.0,98.0004,TRAIN
WH003,2020-08-01,East,46.1948,33.0,989.0,91.4542,TRAIN
WH004,2020-08-01,North,58.5444,42.0,1437.0,92.206,TRAIN
WH004,2020-08-01,East,49.7071,25.0,923.0,91.0233,TRAIN
WH004,2020-08-01,North,54.2842,17.0,612.0,94.5564,TRAIN
WH005,2020-08-01,West,52.1145,38.0,341.0,97.9049,TRAIN
WH005,2020-08-01,Central,59.1597,11.0,,98.5139,TRAIN
WH005,2020-08-01,North,50.6619,43.0,1576.0,96.8488,TRAIN
WH006,2020-08-01,Central,50.0033,42.0,216.0,85.1828,TRAIN
WH006,2020-08-01,North,45.8164,11.0,,87.9748,TRAIN
WH006,2020-08-01,West,46.0645,37.0,2106.0,89.1886,TRAIN
WH007,2020-08-01,South,49.5618,7.0,1540.0,98.1912,TRAIN
WH007,2020-08-01,North,49.9894,18.0,1836.0,97.8462,TRAIN
WH007,2020-08-01,Central,55.4681,,1404.0,92.5089,TRAIN
WH008,2020-08-01,West,50.2424,26.0,1909.0,85.8076,TRAIN
WH008,2020-08-01,Central,57.5949,41.0,,88.4886,TRAIN
WH008,2020-08-01,East,49.151,35.0,449.0,92.2176,TRAIN
WH009,2020-08-01,West,,37.0,1595.0,93.7587,TRAIN
WH009,2020-08-01,South,50.4368,39.0,693.0,88.3188,TRAIN
WH009,2020-08-01,West,56.6479,21.0,2160.0,87.9491,TRAIN
WH010,2020-08-01,South,57.3763,7.0,1586.0,95.1094,TRAIN
WH010,2020-08-01,North,53.652,12.0,2429.0,90.5729,TRAIN
WH010,2020-08-01,Central,57.3509,18.0,978.0,89.0848,TRAIN
WH011,2020-08-01,North,47.5297,33.0,366.0,91.5043,TRAIN
WH011,2020-08-01,Central,51.5254,31.0,2038.0,91.7423,TRAIN
WH011,2020-08-01,East,47.5656,43.0,,,TRAIN
WH012,2020-08-01,South,57.8727,34.0,286.0,89.3672,TRAIN
WH012,2020-08-01,South,49.8131,20.0,2463.0,98.4509,TRAIN
WH012,2020-08-01,West,46.9139,38.0,1495.0,96.0468,TRAIN
WH013,2020-08-01,South,59.1989,39.0,1787.0,87.8035,TRAIN
WH013,2020-08-01,South,55.8221,5.0,2165.0,91.0435,TRAIN
WH013,2020-08-01,North,51.0435,18.0,760.0,93.2592,TRAIN
WH014,2020-08-01,East,50.9815,42.0,401.0,91.0436,TRAIN
WH014,2020-08-01,South,55.6984,35.0,1228.0,96.0491,TRAIN
WH014,2020-08-01,South,54.9585,12.0,1545.0,91.586,TRAIN
WH015,2020-08-01,Central,57.3012,17.0,2331.0,87.3274,TRAIN
WH015,2020-08-01,West,51.2864,31.0,1638.0,95.3552,TRAIN
WH015,2020-08-01,South,55.2912,37.0,2489.0,91.6897,TRAIN
WH016,2020-08-01,East,51.8197,16.0,1359.0,92.7075,TRAIN
WH016,2020-08-01,West,55.6978,8.0,454.0,95.9812,TRAIN
WH016,2020-08-01,South,58.1293,26.0,2363.0,90.3069,TRAIN
WH017,2020-08-01,West,45.9284,22.0,1082.0,94.064,TRAIN
WH017,2020-08-01,East,47.9852,34.0,2019.0,97.4918,TRAIN
WH017,2020-08-01,West,51.9861,8.0,1882.0,86.0578,TRAIN
WH018,2020-08-01,West,47.6451,30.0,301.0,94.2103,TRAIN
WH018,2020-08-01,East,51.2397,39.0,1881.0,85.5304,TRAIN
WH018,2020-08-01,West,46.26,42.0,2060.0,98.6245,TRAIN
WH019,2020-08-01,Central,57.4435,29.0,1283.0,85.0113,TRAIN
WH019,2020-08-01,West,53.8441,16.0,2214.0,93.2545,TRAIN
WH019,2020-08-01,South,49.6584,29.0,2124.0,93.789,TRAIN
WH020,2020-08-01,South,50.1118,8.0,2200.0,96.5943,TRAIN
WH020,2020-08-01,West,51.306,7.0,729.0,98.1704,TRAIN
WH020,2020-08-01,West,48.512,20.0,489.0,95.5712,TRAIN
WH021,2020-08-01,South,49.2498,35.0,2009.0,85.6439,TRAIN
WH021,2020-08-01,East,45.9338,23.0,1514.0,86.2935,TRAIN
WH021,2020-08-01,West,50.2698,43.0,,85.3727,TRAIN
WH022,2020-08-01,North,56.94,,338.0,96.5468,TRAIN
WH022,2020-08-01,Central,56.2862,35.0,2354.0,89.5498,TRAIN
WH022,2020-08-01,East,53.8919,29.0,588.0,94.3902,TRAIN
WH023,2020-08-01,East,47.9489,8.0,433.0,91.3058,TRAIN
WH023,2020-08-01,East,,22.0,1742.0,93.0997,TRAIN
WH023,2020-08-01,East,56.1595,16.0,,98.6118,TRAIN
WH024,2020-08-01,West,51.4846,14.0,973.0,86.6723,TRAIN
WH024,2020-08-01,Central,58.8993,19.0,1112.0,86.9631,TRAIN
WH024,2020-08-01,North,46.4998,16.0,644.0,92.5076,TRAIN
WH025,2020-08-01,North,45.3194,29.0,2468.0,87.6708,TRAIN
WH025,2020-08-01,East,46.0118,37.0,384.0,91.6683,TRAIN
WH025,2020-08-01,Central,50.3071,20.0,2285.0,95.1973,TRAIN
WH026,2020-08-01,Central,53.0398,9.0,1812.0,86.1936,TRAIN
WH026,2020-08-01,South,45.2881,31.0,1533.0,97.0054,TRAIN
WH026,2020-08-01,Central,54.6196,35.0,240.0,95.0723,TRAIN
WH027,2020-08-01,East,52.6887,28.0,874.0,91.1377,TRAIN
WH027,2020-08-01,Central,46.5242,17.0,1313.0,98.1577,TRAIN
WH027,2020-08-01,North,51.8011,,375.0,,TRAIN
WH028,2020-08-01,Central,48.1466,19.0,2276.0,89.6924,TRAIN
WH028,2020-08-01,North,50.3942,30.0,799.0,96.7951,TRAIN
WH028,2020-08-01,East,55.9006,27.0,836.0,94.686,TRAIN
WH029,2020-08-01,North,58.8855,6.0,1171.0,85.9504,TRAIN
WH029,2020-08-01,West,50.0529,18.0,,94.4474,TRAIN
WH029,2020-08-01,North,56.5721,24.0,1650.0,85.4592,TRAIN
WH030,2020-08-01,North,46.8372,36.0,495.0,97.3143,TRAIN
WH030,2020-08-01,South,49.9746,,1459.0,97.284,TRAIN
WH030,2020-08-01,West,55.7632,5.0,173.0,96.0113,TRAIN
WH031,2020-08-01,South,55.4853,22.0,1732.0,90.1434,TRAIN
WH031,2020-08-01,North,57.9887,10.0,2406.0,93.7088,TRAIN
WH031,2020-08-01,South,57.7112,,,88.8224,TRAIN
WH032,2020-08-01,North,51.6917,19.0,2198.0,88.5783,TRAIN
WH032,2020-08-01,East,54.4041,37.0,1294.0,95.2748,TRAIN
WH032,2020-08-01,South,57.3771,22.0,2219.0,98.3264,TRAIN
WH033,2020-08-01,East,50.1099,31.0,638.0,91.1886,TRAIN
WH033,2020-08-01,West,56.7984,20.0,1259.0,90.2893,TRAIN
WH033,2020-08-01,Central,50.1553,35.0,1106.0,,TRAIN
WH034,2020-08-01,East,54.1905,7.0,2170.0,97.5825,TRAIN
WH034,2020-08-01,South,59.4359,29.0,1209.0,92.6718,TRAIN
WH034,2020-08-01,North,47.8135,30.0,1978.0,87.1025,TRAIN
WH035,2020-08-01,North,51.1967,11.0,332.0,94.0174,TRAIN
WH035,2020-08-01,Central,57.7546,9.0,1248.0,98.3036,TRAIN
WH035,2020-08-01,East,56.0523,32.0,578.0,89.6131,TRAIN
WH036,2020-08-01,East,45.9657,15.0,2468.0,97.2485,TRAIN
WH036,2020-08-01,Central,54.6281,15.0,1714.0,98.4962,TRAIN
WH036,2020-08-01,North,,9.0,1937.0,98.7884,TRAIN
WH037,2020-08-01,West,,30.0,860.0,98.4299,TRAIN
WH037,2020-08-01,South,52.3091,35.0,930.0,90.5394,TRAIN
WH037,2020-08-01,West,48.7266,5.0,744.0,96.4317,TRAIN
WH038,2020-08-01,East,46.155,15.0,1910.0,93.1033,TRAIN
WH038,2020-08-01,West,47.6998,34.0,100.0,86.588,TRAIN
WH038,2020-08-01,West,51.066,28.0,2280.0,91.1643,TRAIN
WH039,2020-08-01,South,45.0715,14.0,604.0,91.4064,TRAIN
WH039,2020-08-01,West,53.936,35.0,1615.0,86.7217,TRAIN
WH039,2020-08-01,West,51.2704,22.0,161.0,90.7007,TRAIN
WH040,2020-08-01,West,56.1591,44.0,2276.0,89.0863,TRAIN
WH040,2020-08-01,Central,54.0797,18.0,1112.0,86.0323,TRAIN
WH040,2020-08-01,East,47.6095,30.0,2356.0,98.8667,TRAIN
WH041,2020-08-01,North,47.8907,26.0,2206.0,94.9895,TRAIN
WH041,2020-08-01,South,48.0217,22.0,470.0,96.0095,TRAIN
WH041,2020-08-01,North,53.9952,14.0,2436.0,87.9347,TRAIN
WH042,2020-08-01,Central,56.4351,23.0,1563.0,90.5828,TRAIN
WH042,2020-08-01,Central,53.971,26.0,706.0,86.6466,TRAIN
WH042,2020-08-01,Central,51.5785,43.0,1504.0,95.8342,TRAIN
WH043,2020-08-01,South,45.3473,26.0,1835.0,88.1473,TRAIN
WH043,2020-08-01,West,46.2938,20.0,545.0,98.2457,TRAIN
WH043,2020-08-01,West,45.1556,6.0,1812.0,90.7364,TRAIN
WH044,2020-08-01,East,53.8619,10.0,2303.0,85.9821,TRAIN
WH044,2020-08-01,South,46.1794,43.0,2421.0,89.1531,TRAIN
WH044,2020-08-01,North,45.0365,28.0,2136.0,96.4332,TRAIN
WH045,2020-08-01,Central,47.1581,7.0,510.0,88.5031,TRAIN
WH045,2020-08-01,East,55.2945,41.0,1942.0,86.4888,TRAIN
WH045,2020-08-01,East,46.3227,32.0,2118.0,93.1347,TRAIN
WH046,2020-08-01,East,54.1888,24.0,2199.0,97.917,TRAIN
WH046,2020-08-01,East,46.6116,26.0,220.0,90.3241,TRAIN
WH046,2020-08-01,West,50.9321,19.0,306.0,95.2683,TRAIN
WH047,2020-08-01,North,50.0944,8.0,1207.0,85.3051,TRAIN
WH047,2020-08-01,East,59.0039,38.0,1662.0,86.9172,TRAIN
WH047,2020-08-01,Central,45.0097,38.0,127.0,98.3455,TRAIN
WH048,2020-08-01,North,45.457,23.0,890.0,88.3798,TRAIN
WH048,2020-08-01,West,59.1356,13.0,1745.0,94.0781,TRAIN
WH048,2020-08-01,Central,,26.0,787.0,95.2115,TRAIN
WH049,2020-08-01,North,59.7315,31.0,1531.0,90.9022,TRAIN
WH049,2020-08-01,South,52.6341,44.0,2291.0,92.0821,TRAIN
WH049,2020-08-01,South,59.6649,25.0,2385.0,86.3172,TRAIN
WH050,2020-08-01,North,46.7724,26.0,2039.0,89.6615,TRAIN
WH050,2020-08-01,East,51.1745,32.0,529.0,92.2801,TRAIN
WH050,2020-08-01,West,52.5122,31.0,1787.0,86.2546,TRAIN
WH001,2020-09-01,West,47.238,7.0,705.0,90.3347,TRAIN
WH001,2020-09-01,North,52.2223,17.0,351.0,89.8414,TRAIN
WH001,2020-09-01,East,56.8932,34.0,1662.0,88.6615,TRAIN
WH002,2020-09-01,East,59.4227,36.0,903.0,98.2801,TRAIN
WH002,2020-09-01,Central,46.1086,26.0,294.0,93.5038,TRAIN
WH002,2020-09-01,West,56.8982,14.0,422.0,85.4773,TRAIN
WH003,2020-09-01,North,49.4396,40.0,2134.0,88.7041,TRAIN
WH003,2020-09-01,South,56.1929,27.0,2017.0,93.9277,TRAIN
WH003,2020-09-01,Central,49.0307,30.0,2002.0,92.8743,TRAIN
WH004,2020-09-01,North,54.5198,33.0,1307.0,86.0879,TRAIN
WH004,2020-09-01,East,45.0865,38.0,1633.0,97.6568,TRAIN
WH004,2020-09-01,Central,,19.0,527.0,91.9984,TRAIN
WH005,2020-09-01,South,59.9789,40.0,1249.0,95.1321,TRAIN
WH005,2020-09-01,Central,47.4113,31.0,705.0,87.7299,TRAIN
WH005,2020-09-01,West,47.7306,5.0,1678.0,86.4958,TRAIN
WH006,2020-09-01,South,55.8487,40.0,859.0,90.1187,TRAIN
WH006,2020-09-01,North,59.4672,24.0,1059.0,90.9784,TRAIN
WH006,2020-09-01,Central,47.9785,43.0,1332.0,89.0327,TRAIN
WH007,2020-09-01,East,49.4915,9.0,1430.0,88.8835,TRAIN
WH007,2020-09-01,South,51.2189,11.0,2190.0,95.3856,TRAIN
WH007,2020-09-01,Central,57.4305,25.0,1481.0,97.9064,TRAIN
WH008,2020-09-01,West,49.074,40.0,1498.0,94.3315,TRAIN
WH008,2020-09-01,South,59.5247,38.0,1017.0,90.4348,TRAIN
WH008,2020-09-01,East,58.6251,43.0,1469.0,95.1763,TRAIN
WH009,2020-09-01,Central,,44.0,1917.0,95.264,TRAIN
WH009,2020-09-01,North,58.9372,10.0,1809.0,94.2681,TRAIN
WH009,2020-09-01,Central,59.876,15.0,546.0,87.3938,TRAIN
WH010,2020-09-01,West,46.3711,10.0,1636.0,98.6556,TRAIN
WH010,2020-09-01,West,49.6843,12.0,2305.0,91.3606,TRAIN
WH010,2020-09-01,East,49.9613,23.0,591.0,88.1077,TRAIN
WH011,2020-09-01,North,45.7844,39.0,2236.0,92.5206,TRAIN
WH011,2020-09-01,North,50.2468,31.0,510.0,88.0246,TRAIN
WH011,2020-09-01,South,59.3727,27.0,1206.0,95.1541,TRAIN
WH012,2020-09-01,West,53.1241,33.0,2308.0,90.6747,TRAIN
WH012,2020-09-01,North,57.2397,39.0,1984.0,91.3085,TRAIN
WH012,2020-09-01,Central,54.8139,10.0,2311.0,93.8569,TRAIN
WH013,2020-09-01,Central,47.9933,22.0,2162.0,87.2469,TRAIN
WH013,2020-09-01,North,46.685,13.0,1750.0,89.6354,TRAIN
WH013,2020-09-01,West,47.3755,13.0,700.0,92.2818,TRAIN
WH014,2020-09-01,North,54.6601,44.0,1762.0,90.2437,TRAIN
WH014,2020-09-01,North,51.5328,41.0,881.0,93.5637,TRAIN
WH014,2020-09-01,West,53.8818,33.0,,91.8044,TRAIN
WH015,2020-09-01,West,46.1952,11.0,2159.0,96.2479,TRAIN
WH015,2020-09-01,Central,53.9283,5.0,1304.0,,TRAIN
WH015,2020-09-01,Central,55.8307,24.0,542.0,93.6246,TRAIN
WH016,2020-09-01,West,50.8955,19.0,1490.0,86.0608,TRAIN
WH016,2020-09-01,North,54.1055,23.0,361.0,95.5768,TRAIN
WH016,2020-09-01,West,57.92,24.0,917.0,87.1716,TRAIN
WH017,2020-09-01,South,55.0527,12.0,1200.0,86.1182,TRAIN
WH017,2020-09-01,East,55.6013,22.0,2006.0,91.1223,TRAIN
WH017,2020-09-01,South,52.1109,42.0,1593.0,98.3931,TRAIN
WH018,2020-09-01,South,50.3054,9.0,144.0,90.7426,TRAIN
WH018,2020-09-01,North,50.365,37.0,2064.0,92.172,TRAIN
WH018,2020-09-01,West,53.2492,9.0,583.0,95.6039,TRAIN
WH019,2020-09-01,West,49.1672,11.0,1636.0,86.6882,TRAIN
WH019,2020-09-01,North,58.6608,16.0,1049.0,98.2821,TRAIN
WH019,2020-09-01,North,46.6378,8.0,1747.0,92.5407,TRAIN
WH020,2020-09-01,East,46.4054,40.0,693.0,93.3082,TRAIN
WH020,2020-09-01,Central,45.4809,10.0,442.0,87.3019,TRAIN
WH020,2020-09-01,East,47.3154,32.0,1134.0,98.0949,TRAIN
WH021,2020-09-01,Central,56.8126,,1085.0,89.2781,TRAIN
WH021,2020-09-01,Central,55.3812,11.0,,85.9881,TRAIN
WH021,2020-09-01,East,45.159,33.0,2394.0,90.6455,TRAIN
WH022,2020-09-01,South,58.8396,41.0,1235.0,89.5367,TRAIN
WH022,2020-09-01,Central,49.838,15.0,1202.0,96.995,TRAIN
WH022,2020-09-01,North,51.4315,19.0,2020.0,90.1471,TRAIN
WH023,2020-09-01,South,56.0155,5.0,998.0,94.3061,TRAIN
WH023,2020-09-01,East,55.2591,23.0,2062.0,93.4343,TRAIN
WH023,2020-09-01,North,46.6414,20.0,921.0,87.6192,TRAIN
WH024,2020-09-01,North,55.0611,12.0,2149.0,93.7764,TRAIN
WH024,2020-09-01,South,49.0784,42.0,139.0,95.4578,TRAIN
WH024,2020-09-01,East,58.7503,17.0,2001.0,87.367,TRAIN
WH025,2020-09-01,South,48.1478,8.0,1003.0,94.3963,TRAIN
WH025,2020-09-01,East,51.4636,18.0,529.0,89.8765,TRAIN
WH025,2020-09-01,East,56.7881,40.0,662.0,95.8839,TRAIN
WH026,2020-09-01,East,46.8578,5.0,536.0,87.6276,TRAIN
WH026,2020-09-01,East,46.8721,17.0,1044.0,87.0392,TRAIN
WH026,2020-09-01,East,49.0794,25.0,1480.0,91.5266,TRAIN
WH027,2020-09-01,North,59.0448,27.0,1745.0,89.0283,TRAIN
WH027,2020-09-01,North,51.594,10.0,115.0,91.6853,TRAIN
WH027,2020-09-01,East,45.9334,42.0,1421.0,90.8265,TRAIN
WH028,2020-09-01,North,,44.0,698.0,97.5926,TRAIN
WH028,2020-09-01,North,56.0817,39.0,1840.0,88.6646,TRAIN
WH028,2020-09-01,West,58.6502,9.0,2051.0,93.8676,TRAIN
WH029,2020-09-01,East,57.0842,7.0,1540.0,95.6243,TRAIN
WH029,2020-09-01,Central,58.3861,15.0,616.0,85.9006,TRAIN
WH029,2020-09-01,West,48.1329,18.0,1165.0,95.8294,TRAIN
WH030,2020-09-01,East,45.7158,35.0,2008.0,92.3448,TRAIN
WH030,2020-09-01,East,58.6699,32.0,1133.0,85.3678,TRAIN
WH030,2020-09-01,Central,53.7454,22.0,2441.0,90.2333,TRAIN
WH031,2020-09-01,West,58.7337,44.0,1604.0,,TRAIN
WH031,2020-09-01,East,51.5443,32.0,1883.0,98.9103,TRAIN
WH031,2020-09-01,East,56.047,6.0,676.0,92.36,TRAIN
WH032,2020-09-01,South,52.7192,22.0,1303.0,92.1737,TRAIN
WH032,2020-09-01,North,55.1187,12.0,1357.0,85.7961,TRAIN
WH032,2020-09-01,East,49.023,14.0,214.0,94.4232,TRAIN
WH033,2020-09-01,West,47.8273,31.0,2447.0,92.4568,TRAIN
WH033,2020-09-01,East,54.1915,28.0,845.0,95.573,TRAIN
WH033,2020-09-01,South,59.1229,8.0,,93.2635,TRAIN
WH034,2020-09-01,East,50.1136,21.0,2072.0,,TRAIN
WH034,2020-09-01,East,48.0127,39.0,2152.0,95.6661,TRAIN
WH034,2020-09-01,Central,55.1225,16.0,,95.8004,TRAIN
WH035,2020-09-01,South,49.2452,9.0,1449.0,86.7659,TRAIN
WH035,2020-09-01,East,54.4259,36.0,1384.0,87.1138,TRAIN
WH035,2020-09-01,North,53.6748,17.0,242.0,94.5488,TRAIN
WH036,2020-09-01,South,56.6679,14.0,2127.0,88.127,TRAIN
WH036,2020-09-01,West,57.4153,7.0,1385.0,,TRAIN
WH036,2020-09-01,Central,45.6256,,941.0,85.2466,TRAIN
WH037,2020-09-01,East,48.0057,26.0,282.0,94.5149,TRAIN
WH037,2020-09-01,East,54.8924,33.0,1358.0,97.2669,TRAIN
WH037,2020-09-01,East,56.8051,18.0,2328.0,95.8014,TRAIN
WH038,2020-09-01,North,55.1188,25.0,2240.0,88.5357,TRAIN
WH038,2020-09-01,Central,49.1763,10.0,601.0,96.3146,TRAIN
WH038,2020-09-01,West,47.4975,17.0,,91.6793,TRAIN
WH039,2020-09-01,West,51.0762,38.0,878.0,89.5834,TRAIN
WH039,2020-09-01,Central,49.7559,11.0,1308.0,87.0981,TRAIN
WH039,2020-09-01,Central,48.8104,30.0,1120.0,97.5564,TRAIN
WH040,2020-09-01,West,54.4682,20.0,589.0,95.6024,TRAIN
WH040,2020-09-01,Central,59.8024,26.0,1741.0,97.0197,TRAIN
WH040,2020-09-01,East,50.6073,39.0,2311.0,93.8036,TRAIN
WH041,2020-09-01,Central,54.8636,26.0,183.0,88.6008,TRAIN
WH041,2020-09-01,Central,52.2824,19.0,749.0,86.6088,TRAIN
WH041,2020-09-01,East,50.5059,29.0,1700.0,87.0209,TRAIN
WH042,2020-09-01,Central,50.0933,36.0,1623.0,93.5125,TRAIN
WH042,2020-09-01,South,47.9088,24.0,1386.0,90.9628,TRAIN
WH042,2020-09-01,East,51.0421,30.0,1250.0,96.8051,TRAIN
WH043,2020-09-01,Central,49.6723,26.0,2491.0,93.2038,TRAIN
WH043,2020-09-01,East,53.5545,14.0,958.0,88.5716,TRAIN
WH043,2020-09-01,West,53.2286,11.0,544.0,,TRAIN
WH044,2020-09-01,North,58.2523,18.0,1295.0,88.1197,TRAIN
WH044,2020-09-01,South,59.8349,27.0,722.0,91.2222,TRAIN
WH044,2020-09-01,West,48.5117,13.0,324.0,98.7306,TRAIN
WH045,2020-09-01,North,50.5531,28.0,2054.0,88.7257,TRAIN
WH045,2020-09-01,Central,51.4984,17.0,1009.0,95.2277,TRAIN
WH045,2020-09-01,East,59.6678,43.0,2478.0,,TRAIN
WH046,2020-09-01,West,51.5717,36.0,805.0,89.357,TRAIN
WH046,2020-09-01,North,45.6725,9.0,,85.2048,TRAIN
WH046,2020-09-01,West,47.1542,40.0,1340.0,91.9542,TRAIN
WH047,2020-09-01,North,,9.0,563.0,87.6265,TRAIN
WH047,2020-09-01,West,47.9969,9.0,2128.0,98.8773,TRAIN
WH047,2020-09-01,East,57.9961,9.0,1370.0,88.0536,TRAIN
WH048,2020-09-01,East,52.8091,20.0,1854.0,98.1862,TRAIN
WH048,2020-09-01,East,57.8368,41.0,649.0,92.1358,TRAIN
WH048,2020-09-01,South,50.8483,18.0,2055.0,95.2472,TRAIN
WH049,2020-09-01,East,57.3295,11.0,2050.0,93.5156,TRAIN
WH049,2020-09-01,Central,50.6849,15.0,2227.0,94.8326,TRAIN
WH049,2020-09-01,South,56.1989,28.0,1493.0,86.2631,TRAIN
WH050,2020-09-01,North,45.571,40.0,2328.0,,TRAIN
WH050,2020-09-01,South,59.7679,11.0,1756.0,95.9243,TRAIN
WH050,2020-09-01,North,48.4361,29.0,1965.0,94.5034,TRAIN
WH001,2020-10-01,West,84.2928,44.0,2165.0,96.7329,TRAIN
WH001,2020-10-01,East,91.1419,44.0,263.0,89.3833,TRAIN
WH001,2020-10-01,South,72.6687,40.0,899.0,95.1854,TRAIN
WH002,2020-10-01,East,92.2773,44.0,477.0,97.3565,TRAIN
WH002,2020-10-01,South,54.5767,26.0,1658.0,92.3732,TRAIN
WH002,2020-10-01,East,76.3718,26.0,2173.0,85.3807,TRAIN
WH003,2020-10-01,North,75.9419,30.0,1857.0,93.2849,TRAIN
WH003,2020-10-01,South,76.8578,9.0,352.0,98.1806,TRAIN
WH003,2020-10-01,Central,86.1576,12.0,2012.0,93.1171,TRAIN
WH004,2020-10-01,South,51.544,23.0,2009.0,88.6787,TRAIN
WH004,2020-10-01,East,93.4728,21.0,474.0,91.9072,TRAIN
WH004,2020-10-01,South,53.4915,29.0,452.0,91.2085,TRAIN
WH005,2020-10-01,North,,43.0,1028.0,97.488,TRAIN
WH005,2020-10-01,North,44.6668,36.0,1320.0,,TRAIN
WH005,2020-10-01,North,72.8251,9.0,1354.0,,TRAIN
WH006,2020-10-01,West,94.1859,36.0,787.0,94.2567,TRAIN
WH006,2020-10-01,South,88.5068,18.0,176.0,86.1916,TRAIN
WH006,2020-10-01,West,60.4494,18.0,1235.0,90.6398,TRAIN
WH007,2020-10-01,South,70.0931,8.0,1376.0,94.653,TRAIN
WH007,2020-10-01,West,58.1672,35.0,2043.0,95.4212,TRAIN
WH007,2020-10-01,East,42.1858,22.0,1827.0,93.8356,TRAIN
WH008,2020-10-01,Central,63.2129,5.0,1781.0,94.0214,TRAIN
WH008,2020-10-01,Central,79.8272,13.0,1792.0,91.8294,TRAIN
WH008,2020-10-01,North,92.5038,12.0,1474.0,95.8771,TRAIN
WH009,2020-10-01,Central,78.0036,19.0,387.0,94.7205,TRAIN
WH009,2020-10-01,West,71.8131,31.0,318.0,86.3561,TRAIN
WH009,2020-10-01,South,88.1527,28.0,430.0,94.9017,TRAIN
WH010,2020-10-01,North,86.4114,28.0,552.0,89.1318,TRAIN
WH010,2020-10-01,North,53.916,18.0,1335.0,97.1724,TRAIN
WH010,2020-10-01,East,62.172,32.0,1589.0,97.2762,TRAIN
WH011,2020-10-01,West,72.5058,44.0,278.0,,TRAIN
WH011,2020-10-01,Central,95.5246,15.0,1394.0,95.004,TRAIN
WH011,2020-10-01,East,44.4419,22.0,,96.8583,TRAIN
WH012,2020-10-01,West,49.8732,35.0,287.0,85.3609,TRAIN
WH012,2020-10-01,South,97.3304,21.0,2087.0,98.9048,TRAIN
WH012,2020-10-01,South,49.3502,44.0,2404.0,90.5928,TRAIN
WH013,2020-10-01,Central,82.322,11.0,1843.0,97.8645,TRAIN
WH013,2020-10-01,West,57.2951,15.0,1517.0,93.6138,TRAIN
WH013,2020-10-01,West,70.9384,37.0,,98.4664,TRAIN
WH014,2020-10-01,West,87.8237,43.0,1521.0,92.1014,TRAIN
WH014,2020-10-01,East,76.273,7.0,,96.7381,TRAIN
WH014,2020-10-01,South,44.8522,23.0,854.0,97.3353,TRAIN
WH015,2020-10-01,Central,42.3633,6.0,825.0,90.1044,TRAIN
WH015,2020-10-01,East,69.3664,38.0,2225.0,98.9114,TRAIN
WH015,2020-10-01,South,72.027,31.0,1372.0,90.0949,TRAIN
WH016,2020-10-01,West,48.8061,10.0,527.0,97.6099,TRAIN
WH016,2020-10-01,West,73.9144,12.0,1607.0,88.9004,TRAIN
WH016,2020-10-01,North,63.5747,21.0,1201.0,97.6322,TRAIN
WH017,2020-10-01,North,61.5382,33.0,2124.0,86.585,TRAIN
WH017,2020-10-01,West,47.6977,5.0,2023.0,98.9213,TRAIN
WH017,2020-10-01,South,66.3229,9.0,649.0,87.2927,TRAIN
WH018,2020-10-01,North,75.6654,42.0,788.0,94.6841,TRAIN
WH018,2020-10-01,East,89.0632,32.0,2079.0,97.8111,TRAIN
WH018,2020-10-01,Central,65.2426,39.0,269.0,86.2323,TRAIN
WH019,2020-10-01,Central,96.1775,19.0,1563.0,92.8835,TRAIN
WH019,2020-10-01,Central,59.5217,18.0,1711.0,86.4347,TRAIN
WH019,2020-10-01,North,51.1766,37.0,761.0,98.7226,TRAIN
WH020,2020-10-01,Central,67.7055,21.0,2206.0,95.8438,TRAIN
WH020,2020-10-01,North,71.8242,5.0,198.0,93.628,TRAIN
WH020,2020-10-01,East,96.0196,9.0,135.0,95.0365,TRAIN
WH021,2020-10-01,Central,97.886,32.0,961.0,96.4273,TRAIN
WH021,2020-10-01,Central,70.1001,25.0,463.0,88.585,TRAIN
WH021,2020-10-01,East,71.774,31.0,576.0,92.6565,TRAIN
WH022,2020-10-01,West,,22.0,188.0,89.8355,TRAIN
WH022,2020-10-01,South,83.5949,25.0,1257.0,97.9463,TRAIN
WH022,2020-10-01,West,81.3871,28.0,1146.0,92.9656,TRAIN
WH023,2020-10-01,West,44.7683,33.0,1500.0,85.9596,TRAIN
WH023,2020-10-01,East,93.3022,6.0,1179.0,95.6924,TRAIN
WH023,2020-10-01,Central,68.7102,11.0,607.0,92.7242,TRAIN
WH024,2020-10-01,Central,81.6155,23.0,825.0,89.0137,TRAIN
WH024,2020-10-01,West,40.2559,39.0,1602.0,88.3626,TRAIN
WH024,2020-10-01,East,40.8241,20.0,2339.0,96.6212,TRAIN
WH025,2020-10-01,East,93.374,8.0,100.0,90.3367,TRAIN
WH025,2020-10-01,South,65.5556,34.0,1698.0,87.7714,TRAIN
WH025,2020-10-01,West,64.9144,23.0,156.0,96.1713,TRAIN
WH026,2020-10-01,East,77.6541,15.0,1030.0,94.2942,TRAIN
WH026,2020-10-01,North,47.9074,12.0,2370.0,88.1354,TRAIN
WH026,2020-10-01,West,49.1806,8.0,2465.0,90.6939,TRAIN
WH027,2020-10-01,West,88.3888,10.0,1278.0,88.6797,TRAIN
WH027,2020-10-01,West,95.3261,29.0,2115.0,92.1633,TRAIN
WH027,2020-10-01,South,69.0696,26.0,883.0,91.2697,TRAIN
WH028,2020-10-01,West,43.0459,32.0,644.0,93.8081,TRAIN
WH028,2020-10-01,Central,41.0237,9.0,,98.2077,TRAIN
WH028,2020-10-01,Central,52.0261,7.0,1288.0,85.0463,TRAIN
WH029,2020-10-01,North,51.4992,43.0,,96.608,TRAIN
WH029,2020-10-01,South,65.9981,24.0,521.0,92.0429,TRAIN
WH029,2020-10-01,South,95.858,7.0,2180.0,,TRAIN
WH030,2020-10-01,South,80.9754,42.0,306.0,85.1913,TRAIN
WH030,2020-10-01,South,88.9184,43.0,293.0,88.3705,TRAIN
WH030,2020-10-01,East,78.1834,39.0,2188.0,92.541,TRAIN
WH031,2020-10-01,South,79.1827,15.0,322.0,95.3267,TRAIN
WH031,2020-10-01,East,45.5531,18.0,627.0,97.6557,TRAIN
WH031,2020-10-01,North,74.2524,23.0,140.0,88.9842,TRAIN
WH032,2020-10-01,North,88.8962,9.0,2383.0,94.2057,TRAIN
WH032,2020-10-01,South,59.3351,42.0,699.0,96.9587,TRAIN
WH032,2020-10-01,East,88.819,31.0,1355.0,91.9773,TRAIN
WH033,2020-10-01,South,43.9454,26.0,2354.0,88.878,TRAIN
WH033,2020-10-01,West,87.3107,40.0,1606.0,89.6473,TRAIN
WH033,2020-10-01,West,51.6643,33.0,2273.0,86.9798,TRAIN
WH034,2020-10-01,East,56.3214,39.0,1262.0,93.2443,TRAIN
WH034,2020-10-01,North,46.6122,,1010.0,95.9356,TRAIN
WH034,2020-10-01,South,73.034,24.0,1544.0,89.887,TRAIN
WH035,2020-10-01,North,64.8636,30.0,506.0,85.9516,TRAIN
WH035,2020-10-01,Central,97.1985,12.0,1696.0,88.5742,TRAIN
WH035,2020-10-01,Central,84.7442,6.0,1798.0,97.4478,TRAIN
WH036,2020-10-01,South,66.4301,13.0,,95.196,TRAIN
WH036,2020-10-01,East,41.4156,7.0,,98.6567,TRAIN
WH036,2020-10-01,Central,92.8343,32.0,428.0,90.3389,TRAIN
WH037,2020-10-01,West,65.7743,20.0,494.0,90.1829,TRAIN
WH037,2020-10-01,South,44.1972,12.0,2134.0,98.1042,TRAIN
WH037,2020-10-01,South,41.2923,11.0,286.0,87.6059,TRAIN
WH038,2020-10-01,South,72.5795,33.0,702.0,92.2403,TRAIN
WH038,2020-10-01,North,86.7573,9.0,1282.0,88.6748,TRAIN
WH038,2020-10-01,West,84.5899,42.0,1117.0,94.843,TRAIN
WH039,2020-10-01,West,67.1769,35.0,1494.0,98.1156,TRAIN
WH039,2020-10-01,South,78.0972,30.0,530.0,87.8036,TRAIN
WH039,2020-10-01,East,82.4245,26.0,,86.3523,TRAIN
WH040,2020-10-01,North,92.6189,19.0,1867.0,89.2132,TRAIN
WH040,2020-10-01,East,94.0706,44.0,2116.0,86.8156,TRAIN
WH040,2020-10-01,West,58.0018,10.0,2099.0,95.4419,TRAIN
WH041,2020-10-01,South,80.8506,24.0,1947.0,86.0455,TRAIN
WH041,2020-10-01,South,74.8941,20.0,1483.0,90.3312,TRAIN
WH041,2020-10-01,South,80.2298,11.0,927.0,90.6355,TRAIN
WH042,2020-10-01,East,73.4269,30.0,378.0,87.946,TRAIN
WH042,2020-10-01,North,88.4759,43.0,417.0,92.0817,TRAIN
WH042,2020-10-01,West,84.2823,36.0,799.0,89.0277,TRAIN
WH043,2020-10-01,North,79.041,31.0,606.0,87.8589,TRAIN
WH043,2020-10-01,West,84.9023,17.0,1958.0,91.7203,TRAIN
WH043,2020-10-01,North,77.4847,,1455.0,91.5872,TRAIN
WH044,2020-10-01,Central,56.8391,26.0,1365.0,96.0542,TRAIN
WH044,2020-10-01,South,93.6965,18.0,2209.0,89.0095,TRAIN
WH044,2020-10-01,West,67.4014,28.0,2289.0,94.1729,TRAIN
WH045,2020-10-01,West,67.6319,12.0,2234.0,94.393,TRAIN
WH045,2020-10-01,North,94.0866,5.0,635.0,97.3056,TRAIN
WH045,2020-10-01,West,68.3364,26.0,1307.0,97.8931,TRAIN
WH046,2020-10-01,West,56.7034,35.0,247.0,87.9297,TRAIN
WH046,2020-10-01,South,76.661,6.0,254.0,85.1412,TRAIN
WH046,2020-10-01,North,58.7293,20.0,,96.8455,TRAIN
WH047,2020-10-01,South,41.5572,29.0,764.0,88.2016,TRAIN
WH047,2020-10-01,East,96.4697,13.0,2251.0,86.5383,TRAIN
WH047,2020-10-01,West,80.5874,38.0,636.0,89.2801,TRAIN
WH048,2020-10-01,East,52.3658,17.0,490.0,94.7128,TRAIN
WH048,2020-10-01,West,70.6971,11.0,2470.0,85.9414,TRAIN
WH048,2020-10-01,Central,63.3208,21.0,386.0,98.0353,TRAIN
WH049,2020-10-01,South,41.3976,13.0,2398.0,96.6814,TRAIN
WH049,2020-10-01,West,58.0557,15.0,1498.0,95.0892,TRAIN
WH049,2020-10-01,East,46.4843,33.0,2005.0,89.7495,TRAIN
WH050,2020-10-01,East,44.3267,24.0,927.0,96.344,TRAIN
WH050,2020-10-01,Central,81.1951,31.0,1449.0,86.5999,TRAIN
WH050,2020-10-01,East,63.0579,44.0,1899.0,85.046,TRAIN
WH001,2020-11-01,North,45.6734,38.0,2058.0,96.0483,TRAIN
WH001,2020-11-01,South,85.7874,18.0,2110.0,97.6123,TRAIN
WH001,2020-11-01,Central,91.7307,32.0,990.0,85.8381,TRAIN
WH002,2020-11-01,North,,33.0,1381.0,90.4247,TRAIN
WH002,2020-11-01,East,91.7366,29.0,1782.0,92.7337,TRAIN
WH002,2020-11-01,East,58.3726,18.0,1767.0,98.8582,TRAIN
WH003,2020-11-01,West,51.9237,32.0,2257.0,97.5388,TRAIN
WH003,2020-11-01,West,78.3644,40.0,1117.0,96.8092,TRAIN
WH003,2020-11-01,Central,91.0976,37.0,569.0,91.573,TRAIN
WH004,2020-11-01,Central,69.5887,10.0,2093.0,98.0829,TRAIN
WH004,2020-11-01,East,82.8906,41.0,375.0,97.4072,TRAIN
WH004,2020-11-01,West,88.3151,8.0,1883.0,89.0921,TRAIN
WH005,2020-11-01,East,73.252,39.0,2238.0,96.6696,TRAIN
WH005,2020-11-01,South,91.9916,38.0,1204.0,98.408,TRAIN
WH005,2020-11-01,West,64.4508,9.0,1859.0,98.3938,TRAIN
WH006,2020-11-01,West,49.5519,18.0,153.0,86.7226,TRAIN
WH006,2020-11-01,Central,,31.0,1731.0,90.3387,TRAIN
WH006,2020-11-01,North,50.3812,22.0,2138.0,97.218,TRAIN
WH007,2020-11-01,West,71.8807,43.0,488.0,91.2757,TRAIN
WH007,2020-11-01,North,59.5102,38.0,1085.0,87.4965,TRAIN
WH007,2020-11-01,North,49.2154,25.0,1704.0,86.6968,TRAIN
WH008,2020-11-01,East,60.2988,43.0,2442.0,96.6116,TRAIN
WH008,2020-11-01,North,52.5076,22.0,2470.0,92.2722,TRAIN
WH008,2020-11-01,North,55.8425,16.0,108.0,95.1465,TRAIN
WH009,2020-11-01,West,50.866,7.0,561.0,93.8144,TRAIN
WH009,2020-11-01,Central,42.2885,,2256.0,96.5602,TRAIN
WH009,2020-11-01,South,88.4013,5.0,497.0,89.8925,TRAIN
WH010,2020-11-01,South,95.3735,26.0,2120.0,91.2299,TRAIN
WH010,2020-11-01,South,70.6097,30.0,1577.0,90.9849,TRAIN
WH010,2020-11-01,Central,53.0405,42.0,2265.0,95.2164,TRAIN
WH011,2020-11-01,South,67.1185,43.0,1589.0,89.1129,TRAIN
WH011,2020-11-01,West,,28.0,1585.0,92.311,TRAIN
WH011,2020-11-01,Central,81.6702,31.0,1450.0,94.1504,TRAIN
WH012,2020-11-01,Central,49.0592,34.0,2258.0,98.5853,TRAIN
WH012,2020-11-01,West,85.1281,18.0,2309.0,86.4571,TRAIN
WH012,2020-11-01,West,,11.0,1002.0,85.9233,TRAIN
WH013,2020-11-01,South,52.7552,27.0,1532.0,88.6349,TRAIN
WH013,2020-11-01,West,57.1199,33.0,741.0,93.6217,TRAIN
WH013,2020-11-01,Central,40.886,42.0,1864.0,93.1319,TRAIN
WH014,2020-11-01,West,60.8192,39.0,1707.0,89.4104,TRAIN
WH014,2020-11-01,Central,91.9116,15.0,2128.0,93.7243,TRAIN
WH014,2020-11-01,South,82.482,20.0,807.0,94.6015,TRAIN
WH015,2020-11-01,North,,7.0,,85.2236,TRAIN
WH015,2020-11-01,South,55.4672,7.0,2390.0,85.6892,TRAIN
WH015,2020-11-01,East,45.8532,41.0,1513.0,93.2199,TRAIN
WH016,2020-11-01,West,40.509,28.0,1557.0,86.6358,TRAIN
WH016,2020-11-01,East,57.8968,44.0,1630.0,86.2175,TRAIN
WH016,2020-11-01,East,83.7574,24.0,1300.0,98.5077,TRAIN
WH017,2020-11-01,Central,72.5702,36.0,185.0,93.672,TRAIN
WH017,2020-11-01,North,92.6618,14.0,,97.5311,TRAIN
WH017,2020-11-01,Central,72.3384,41.0,1514.0,93.1925,TRAIN
WH018,2020-11-01,Central,46.1378,15.0,1544.0,87.4128,TRAIN
WH018,2020-11-01,East,64.2874,10.0,2078.0,96.8036,TRAIN
WH018,2020-11-01,Central,52.7152,17.0,1611.0,91.4145,TRAIN
WH019,2020-11-01,West,89.246,29.0,979.0,90.6342,TRAIN
WH019,2020-11-01,West,95.2422,9.0,658.0,96.6099,TRAIN
WH019,2020-11-01,East,62.7979,10.0,2417.0,85.1212,TRAIN
WH020,2020-11-01,West,94.345,19.0,190.0,95.7543,TRAIN
WH020,2020-11-01,West,62.1635,36.0,1938.0,90.5873,TRAIN
WH020,2020-11-01,West,42.9132,20.0,1921.0,88.4593,TRAIN
WH021,2020-11-01,North,74.319,11.0,1506.0,93.2526,TRAIN
WH021,2020-11-01,Central,83.304,39.0,364.0,90.7667,TRAIN
WH021,2020-11-01,South,73.6804,16.0,687.0,98.9902,TRAIN
WH022,2020-11-01,Central,63.4601,15.0,2362.0,88.4454,TRAIN
WH022,2020-11-01,Central,55.5098,25.0,1915.0,88.8959,TRAIN
WH022,2020-11-01,East,62.2584,23.0,1621.0,97.3484,TRAIN
WH023,2020-11-01,West,79.6044,22.0,788.0,94.48,TRAIN
WH023,2020-11-01,Central,54.1075,9.0,1143.0,93.0945,TRAIN
WH023,2020-11-01,South,74.3073,19.0,2261.0,93.5355,TRAIN
WH024,2020-11-01,South,56.9628,19.0,1266.0,92.5695,TRAIN
WH024,2020-11-01,East,62.6441,24.0,774.0,93.4894,TRAIN
WH024,2020-11-01,Central,78.9809,38.0,1106.0,97.6123,TRAIN
WH025,2020-11-01,East,69.417,29.0,1896.0,86.2058,TRAIN
WH025,2020-11-01,West,57.3578,42.0,2113.0,95.3361,TRAIN
WH025,2020-11-01,North,42.6273,42.0,1774.0,98.5293,TRAIN
WH026,2020-11-01,West,75.6635,8.0,1602.0,97.9882,TRAIN
WH026,2020-11-01,East,71.6386,33.0,957.0,,TRAIN
WH026,2020-11-01,West,52.0638,40.0,2149.0,93.3825,TRAIN
WH027,2020-11-01,North,42.0479,6.0,1283.0,97.8754,TRAIN
WH027,2020-11-01,South,95.4479,43.0,1683.0,88.5518,TRAIN
WH027,2020-11-01,Central,46.5026,37.0,1637.0,86.7445,TRAIN
WH028,2020-11-01,North,59.1208,9.0,594.0,93.1207,TRAIN
WH028,2020-11-01,Central,45.3095,28.0,1692.0,91.9331,TRAIN
WH028,2020-11-01,South,63.1319,18.0,1401.0,96.2978,TRAIN
WH029,2020-11-01,South,78.992,20.0,1433.0,89.1254,TRAIN
WH029,2020-11-01,West,85.2046,13.0,1874.0,98.2908,TRAIN
WH029,2020-11-01,North,60.4527,27.0,1764.0,91.7726,TRAIN
WH030,2020-11-01,West,67.1438,19.0,918.0,90.6023,TRAIN
WH030,2020-11-01,North,65.7408,35.0,896.0,91.2518,TRAIN
WH030,2020-11-01,Central,80.3174,37.0,2379.0,95.7276,TRAIN
WH031,2020-11-01,East,89.1022,41.0,2284.0,89.695,TRAIN
WH031,2020-11-01,Central,90.6777,24.0,2083.0,97.701,TRAIN
WH031,2020-11-01,West,81.2462,40.0,891.0,95.5654,TRAIN
WH032,2020-11-01,South,69.8374,30.0,2138.0,88.8224,TRAIN
WH032,2020-11-01,Central,81.331,23.0,1562.0,88.8612,TRAIN
WH032,2020-11-01,East,76.8098,26.0,1558.0,87.7595,TRAIN
WH033,2020-11-01,West,45.7738,27.0,460.0,88.5638,TRAIN
WH033,2020-11-01,West,51.5585,11.0,995.0,95.0302,TRAIN
WH033,2020-11-01,Central,54.75,7.0,1518.0,97.0233,TRAIN
WH034,2020-11-01,South,,30.0,365.0,92.5129,TRAIN
WH034,2020-11-01,Central,70.3341,44.0,728.0,92.5547,TRAIN
WH034,2020-11-01,East,87.9942,28.0,2275.0,97.3226,TRAIN
WH035,2020-11-01,North,79.6075,23.0,1048.0,85.3513,TRAIN
WH035,2020-11-01,North,97.2444,32.0,1884.0,92.852,TRAIN
WH035,2020-11-01,Central,63.6501,31.0,760.0,92.7922,TRAIN
WH036,2020-11-01,South,86.869,12.0,1517.0,,TRAIN
WH036,2020-11-01,South,92.9035,5.0,1377.0,85.8057,TRAIN
WH036,2020-11-01,North,45.0646,19.0,1891.0,90.5516,TRAIN
WH037,2020-11-01,East,85.2441,29.0,256.0,87.1921,TRAIN
WH037,2020-11-01,South,62.5694,24.0,790.0,96.3447,TRAIN
WH037,2020-11-01,North,78.1606,26.0,860.0,98.2814,TRAIN
WH038,2020-11-01,West,68.8508,44.0,1472.0,98.1816,TRAIN
WH038,2020-11-01,South,64.4066,9.0,2295.0,97.6483,TRAIN
WH038,2020-11-01,East,68.6351,41.0,1468.0,87.5536,TRAIN
WH039,2020-11-01,East,75.6523,33.0,1087.0,90.2402,TRAIN
WH039,2020-11-01,West,96.4873,15.0,2280.0,92.3607,TRAIN
WH039,2020-11-01,South,61.3789,40.0,2462.0,98.8755,TRAIN
WH040,2020-11-01,North,52.3474,33.0,451.0,96.9931,TRAIN
WH040,2020-11-01,Central,78.4069,43.0,1243.0,90.7498,TRAIN
WH040,2020-11-01,Central,73.1436,,616.0,96.6715,TRAIN
WH041,2020-11-01,South,50.4963,31.0,519.0,95.0408,TRAIN
WH041,2020-11-01,South,46.623,8.0,1115.0,90.6407,TRAIN
WH041,2020-11-01,South,61.6646,14.0,1782.0,93.1052,TRAIN
WH042,2020-11-01,North,70.7513,43.0,1889.0,95.8611,TRAIN
WH042,2020-11-01,East,56.7762,42.0,287.0,91.0274,TRAIN
WH042,2020-11-01,North,69.5161,17.0,1795.0,85.1676,TRAIN
WH043,2020-11-01,West,85.453,21.0,498.0,95.447,TRAIN
WH043,2020-11-01,North,63.3871,42.0,518.0,88.461,TRAIN
WH043,2020-11-01,East,49.1644,33.0,1275.0,,TRAIN
WH044,2020-11-01,Central,81.2712,21.0,731.0,87.8841,TRAIN
WH044,2020-11-01,East,62.9086,38.0,1531.0,89.3281,TRAIN
WH044,2020-11-01,East,68.6737,12.0,1875.0,90.8635,TRAIN
WH045,2020-11-01,South,79.7224,44.0,112.0,97.1362,TRAIN
WH045,2020-11-01,South,42.3648,28.0,1733.0,88.2181,TRAIN
WH045,2020-11-01,Central,54.02,29.0,679.0,85.5073,TRAIN
WH046,2020-11-01,South,41.1962,33.0,1691.0,94.163,TRAIN
WH046,2020-11-01,East,86.8426,27.0,992.0,91.2533,TRAIN
WH046,2020-11-01,South,49.2436,26.0,1019.0,88.6103,TRAIN
WH047,2020-11-01,West,43.575,17.0,1997.0,86.2779,TRAIN
WH047,2020-11-01,Central,68.1461,36.0,1187.0,93.1388,TRAIN
WH047,2020-11-01,Central,54.7886,42.0,1641.0,91.4756,TRAIN
WH048,2020-11-01,North,91.6562,9.0,2158.0,86.9091,TRAIN
WH048,2020-11-01,North,88.5253,12.0,509.0,93.538,TRAIN
WH048,2020-11-01,West,80.2674,11.0,361.0,86.1965,TRAIN
WH049,2020-11-01,Central,54.5884,23.0,1252.0,93.4623,TRAIN
WH049,2020-11-01,North,60.3382,5.0,889.0,94.0687,TRAIN
WH049,2020-11-01,North,85.6643,11.0,2468.0,85.0468,TRAIN
WH050,2020-11-01,East,81.6755,14.0,602.0,87.8501,TRAIN
WH050,2020-11-01,South,50.788,38.0,1934.0,87.5624,TRAIN
WH050,2020-11-01,South,51.5256,27.0,1745.0,98.9251,TRAIN
WH001,2020-12-01,South,49.2627,19.0,1400.0,91.4494,TRAIN
WH001,2020-12-01,West,95.8519,12.0,1112.0,90.504,TRAIN
WH001,2020-12-01,North,63.5816,11.0,1896.0,96.7876,TRAIN
WH002,2020-12-01,Central,88.6391,33.0,910.0,96.5664,TRAIN
WH002,2020-12-01,East,96.5459,24.0,1925.0,97.566,TRAIN
WH002,2020-12-01,East,91.7657,14.0,1576.0,98.2867,TRAIN
WH003,2020-12-01,South,85.5093,24.0,,94.7743,TRAIN
WH003,2020-12-01,North,80.4136,26.0,2049.0,87.0309,TRAIN
WH003,2020-12-01,North,55.9307,39.0,1707.0,85.0299,TRAIN
WH004,2020-12-01,North,44.5761,8.0,748.0,88.3375,TRAIN
WH004,2020-12-01,East,46.0516,25.0,1462.0,92.6479,TRAIN
WH004,2020-12-01,East,54.5737,21.0,1074.0,98.5451,TRAIN
WH005,2020-12-01,Central,87.1565,11.0,1155.0,86.6601,TRAIN
WH005,2020-12-01,West,96.6873,44.0,1847.0,96.0559,TRAIN
WH005,2020-12-01,West,62.8188,,128.0,95.8419,TRAIN
WH006,2020-12-01,North,78.996,17.0,686.0,91.8937,TRAIN
WH006,2020-12-01,Central,55.4829,19.0,318.0,87.2313,TRAIN
WH006,2020-12-01,Central,96.956,27.0,188.0,96.109,TRAIN
WH007,2020-12-01,Central,93.434,,687.0,94.6295,TRAIN
WH007,2020-12-01,South,68.6019,37.0,882.0,92.0792,TRAIN
WH007,2020-12-01,West,95.529,11.0,1367.0,88.9521,TRAIN
WH008,2020-12-01,East,90.121,21.0,2464.0,92.5069,TRAIN
WH008,2020-12-01,North,46.3691,21.0,1428.0,97.6224,TRAIN
WH008,2020-12-01,Central,72.6124,27.0,2215.0,95.0178,TRAIN
WH009,2020-12-01,Central,55.8651,23.0,224.0,91.333,TRAIN
WH009,2020-12-01,West,82.2761,39.0,798.0,95.2631,TRAIN
WH009,2020-12-01,West,67.4826,41.0,1337.0,96.5872,TRAIN
WH010,2020-12-01,Central,80.8646,44.0,281.0,,TRAIN
WH010,2020-12-01,North,,6.0,1408.0,94.3966,TRAIN
WH010,2020-12-01,Central,59.4017,11.0,1459.0,85.3312,TRAIN
WH011,2020-12-01,North,70.1896,27.0,1061.0,90.4408,TRAIN
WH011,2020-12-01,East,72.764,5.0,1578.0,88.5495,TRAIN
WH011,2020-12-01,East,67.1183,35.0,1654.0,94.5626,TRAIN
WH012,2020-12-01,South,76.7319,15.0,711.0,93.2167,TRAIN
WH012,2020-12-01,South,52.3881,24.0,1637.0,89.316,TRAIN
WH012,2020-12-01,Central,67.832,22.0,,98.8419,TRAIN
WH013,2020-12-01,Central,54.0566,43.0,449.0,87.3761,TRAIN
WH013,2020-12-01,West,,27.0,1866.0,98.6663,TRAIN
WH013,2020-12-01,North,96.6355,9.0,149.0,95.9255,TRAIN
WH014,2020-12-01,North,46.4956,24.0,1899.0,86.204,TRAIN
WH014,2020-12-01,Central,82.2339,28.0,1263.0,94.7306,TRAIN
WH014,2020-12-01,East,60.1692,31.0,470.0,95.0338,TRAIN
WH015,2020-12-01,Central,48.4159,44.0,166.0,92.966,TRAIN
WH015,2020-12-01,North,50.1863,11.0,2341.0,89.4916,TRAIN
WH015,2020-12-01,North,88.7786,35.0,2499.0,87.486,TRAIN
WH016,2020-12-01,Central,,6.0,2378.0,85.688,TRAIN
WH016,2020-12-01,South,60.7099,26.0,1873.0,91.2974,TRAIN
WH016,2020-12-01,East,81.84,8.0,842.0,85.0613,TRAIN
WH017,2020-12-01,South,84.7629,15.0,1170.0,90.8587,TRAIN
WH017,2020-12-01,North,91.562,42.0,2328.0,92.096,TRAIN
WH017,2020-12-01,West,61.7251,42.0,557.0,89.5436,TRAIN
WH018,2020-12-01,North,62.4481,12.0,1939.0,93.7413,TRAIN
WH018,2020-12-01,South,87.7918,27.0,715.0,91.169,TRAIN
WH018,2020-12-01,South,84.5221,33.0,195.0,88.2126,TRAIN
WH019,2020-12-01,East,85.3517,11.0,1318.0,85.4994,TRAIN
WH019,2020-12-01,South,55.233,7.0,968.0,,TRAIN
WH019,2020-12-01,South,49.1958,10.0,1534.0,91.2969,TRAIN
WH020,2020-12-01,North,60.6104,35.0,865.0,90.0222,TRAIN
WH020,2020-12-01,Central,86.0685,29.0,578.0,98.2115,TRAIN
WH020,2020-12-01,West,66.665,8.0,645.0,93.4933,TRAIN
WH021,2020-12-01,West,68.9026,36.0,1942.0,85.9224,TRAIN
WH021,2020-12-01,East,56.5696,23.0,124.0,95.5283,TRAIN
WH021,2020-12-01,West,44.183,27.0,330.0,95.3665,TRAIN
WH022,2020-12-01,East,44.2924,18.0,1029.0,96.6394,TRAIN
WH022,2020-12-01,North,84.9749,21.0,2300.0,98.7384,TRAIN
WH022,2020-12-01,West,79.1428,42.0,289.0,97.4337,TRAIN
WH023,2020-12-01,North,,43.0,949.0,91.9394,TRAIN
WH023,2020-12-01,West,87.0148,6.0,2156.0,91.7759,TRAIN
WH023,2020-12-01,West,50.1778,20.0,952.0,86.7982,TRAIN
WH024,2020-12-01,West,79.935,17.0,2143.0,88.5086,TRAIN
WH024,2020-12-01,East,94.2347,19.0,2157.0,98.719,TRAIN
WH024,2020-12-01,North,91.7211,25.0,,97.5505,TRAIN
WH025,2020-12-01,South,72.5122,22.0,1196.0,95.1199,TRAIN
WH025,2020-12-01,Central,57.5124,34.0,879.0,92.9576,TRAIN
WH025,2020-12-01,West,96.1631,43.0,407.0,90.4926,TRAIN
WH026,2020-12-01,Central,58.5012,16.0,619.0,97.3764,TRAIN
WH026,2020-12-01,North,68.6052,30.0,1958.0,96.3297,TRAIN
WH026,2020-12-01,West,53.8532,37.0,2350.0,96.6604,TRAIN
WH027,2020-12-01,South,87.2295,25.0,1375.0,92.6308,TRAIN
WH027,2020-12-01,East,48.5009,24.0,310.0,86.3967,TRAIN
WH027,2020-12-01,East,40.0333,41.0,1273.0,87.0604,TRAIN
WH028,2020-12-01,West,72.733,13.0,2401.0,86.6148,TRAIN
WH028,2020-12-01,West,93.4736,41.0,2048.0,88.8054,TRAIN
WH028,2020-12-01,East,97.8992,35.0,1885.0,94.0966,TRAIN
WH029,2020-12-01,South,77.1259,36.0,2145.0,96.9714,TRAIN
WH029,2020-12-01,South,94.0077,39.0,2476.0,96.9091,TRAIN
WH029,2020-12-01,East,55.0985,44.0,1779.0,,TRAIN
WH030,2020-12-01,Central,77.1327,35.0,2375.0,88.8238,TRAIN
WH030,2020-12-01,West,40.8943,18.0,1466.0,85.9057,TRAIN
WH030,2020-12-01,East,53.9028,11.0,1173.0,96.5308,TRAIN
WH031,2020-12-01,West,84.8437,33.0,1384.0,88.6417,TRAIN
WH031,2020-12-01,East,88.6256,5.0,,87.3806,TRAIN
WH031,2020-12-01,East,81.3596,39.0,2197.0,96.9032,TRAIN
WH032,2020-12-01,East,84.8218,18.0,358.0,92.5902,TRAIN
WH032,2020-12-01,South,66.383,32.0,1308.0,91.8747,TRAIN
WH032,2020-12-01,Central,79.1167,22.0,1465.0,97.2456,TRAIN
WH033,2020-12-01,North,60.6372,22.0,1273.0,89.2388,TRAIN
WH033,2020-12-01,East,,40.0,1345.0,92.9723,TRAIN
WH033,2020-12-01,North,46.9152,22.0,1094.0,94.8236,TRAIN
WH034,2020-12-01,South,92.0397,14.0,1956.0,97.3634,TRAIN
WH034,2020-12-01,East,68.81,41.0,1761.0,95.4908,TRAIN
WH034,2020-12-01,East,76.3597,25.0,,88.1422,TRAIN
WH035,2020-12-01,Central,41.5283,36.0,2459.0,93.4795,TRAIN
WH035,2020-12-01,West,61.3238,5.0,714.0,86.6691,TRAIN
WH035,2020-12-01,East,93.3722,39.0,2211.0,97.6298,TRAIN
WH036,2020-12-01,North,55.651,15.0,1589.0,92.7224,TRAIN
WH036,2020-12-01,East,92.0458,33.0,1124.0,88.0398,TRAIN
WH036,2020-12-01,West,97.7565,17.0,,86.2313,TRAIN
WH037,2020-12-01,West,45.3502,36.0,1614.0,93.981,TRAIN
WH037,2020-12-01,West,67.4943,33.0,1810.0,90.2829,TRAIN
WH037,2020-12-01,Central,43.173,10.0,489.0,92.1724,TRAIN
WH038,2020-12-01,Central,76.1223,39.0,2135.0,93.8383,TRAIN
WH038,2020-12-01,West,80.2023,10.0,1673.0,90.4986,TRAIN
WH038,2020-12-01,Central,42.7432,7.0,1580.0,98.3194,TRAIN
WH039,2020-12-01,North,75.0929,30.0,666.0,87.1138,TRAIN
WH039,2020-12-01,South,89.0165,39.0,2278.0,94.7712,TRAIN
WH039,2020-12-01,North,,39.0,1687.0,90.6478,TRAIN
WH040,2020-12-01,West,40.3763,33.0,1752.0,95.0802,TRAIN
WH040,2020-12-01,North,44.6577,38.0,1369.0,94.325,TRAIN
WH040,2020-12-01,Central,97.7234,42.0,1549.0,87.2671,TRAIN
WH041,2020-12-01,South,65.2218,11.0,467.0,97.9157,TRAIN
WH041,2020-12-01,Central,51.0085,22.0,1030.0,98.8522,TRAIN
WH041,2020-12-01,North,69.7578,21.0,120.0,97.9364,TRAIN
WH042,2020-12-01,North,59.3498,26.0,2344.0,85.8421,TRAIN
WH042,2020-12-01,South,57.4936,25.0,735.0,95.304,TRAIN
WH042,2020-12-01,North,59.3631,42.0,964.0,89.4158,TRAIN
WH043,2020-12-01,Central,69.0427,23.0,1312.0,86.1717,TRAIN
WH043,2020-12-01,East,75.4923,18.0,1111.0,98.2825,TRAIN
WH043,2020-12-01,South,47.9447,24.0,398.0,88.4155,TRAIN
WH044,2020-12-01,South,57.3929,23.0,2198.0,94.4643,TRAIN
WH044,2020-12-01,Central,79.1161,18.0,1568.0,89.4318,TRAIN
WH044,2020-12-01,East,72.5264,33.0,1257.0,89.5363,TRAIN
WH045,2020-12-01,East,83.5064,23.0,141.0,96.566,TRAIN
WH045,2020-12-01,West,61.284,8.0,1440.0,92.434,TRAIN
WH045,2020-12-01,West,91.0652,22.0,112.0,86.6111,TRAIN
WH046,2020-12-01,East,75.274,39.0,639.0,86.1645,TRAIN
WH046,2020-12-01,West,,7.0,979.0,85.5155,TRAIN
WH046,2020-12-01,Central,47.6841,36.0,276.0,86.1123,TRAIN
WH047,2020-12-01,West,68.1524,36.0,544.0,97.9139,TRAIN
WH047,2020-12-01,West,78.9119,34.0,782.0,98.6272,TRAIN
WH047,2020-12-01,West,46.9022,44.0,743.0,85.3564,TRAIN
WH048,2020-12-01,East,56.1361,32.0,2415.0,94.7331,TRAIN
WH048,2020-12-01,East,75.0014,6.0,1023.0,89.5106,TRAIN
WH048,2020-12-01,West,40.1336,7.0,2384.0,91.3809,TRAIN
WH049,2020-12-01,East,94.1486,30.0,277.0,90.0322,TRAIN
WH049,2020-12-01,Central,87.137,33.0,1035.0,87.9161,TRAIN
WH049,2020-12-01,North,43.1685,12.0,554.0,93.8548,TRAIN
WH050,2020-12-01,Central,86.4121,44.0,2325.0,93.5671,TRAIN
WH050,2020-12-01,West,56.8067,19.0,1782.0,95.1899,TRAIN
WH050,2020-12-01,West,80.2885,18.0,1107.0,89.6973,TRAIN
WH001,2021-01-01,South,84.3579,31.0,2280.0,92.1232,TRAIN
WH001,2021-01-01,East,60.3961,21.0,552.0,97.0148,TRAIN
WH001,2021-01-01,North,46.0909,22.0,1770.0,94.0963,TRAIN
WH002,2021-01-01,West,61.1498,44.0,2227.0,89.7904,TRAIN
WH002,2021-01-01,North,92.3766,31.0,118.0,86.3028,TRAIN
WH002,2021-01-01,West,68.6937,13.0,241.0,93.7754,TRAIN
WH003,2021-01-01,Central,76.6294,32.0,176.0,91.712,TRAIN
WH003,2021-01-01,South,77.0331,16.0,1509.0,90.067,TRAIN
WH003,2021-01-01,Central,91.8496,39.0,901.0,88.714,TRAIN
WH004,2021-01-01,South,53.5499,37.0,1221.0,93.299,TRAIN
WH004,2021-01-01,North,64.4807,15.0,914.0,93.4108,TRAIN
WH004,2021-01-01,East,63.8628,9.0,1056.0,92.2194,TRAIN
WH005,2021-01-01,South,67.3023,36.0,1389.0,96.1934,TRAIN
WH005,2021-01-01,North,67.8042,33.0,1286.0,89.2289,TRAIN
WH005,2021-01-01,South,80.4725,25.0,230.0,96.0652,TRAIN
WH006,2021-01-01,North,66.5326,29.0,395.0,94.6057,TRAIN
WH006,2021-01-01,North,43.9679,,1977.0,93.0708,TRAIN
WH006,2021-01-01,North,42.466,44.0,1870.0,96.0341,TRAIN
WH007,2021-01-01,South,95.7341,12.0,801.0,98.5199,TRAIN
WH007,2021-01-01,West,59.6711,26.0,1299.0,86.5396,TRAIN
WH007,2021-01-01,West,54.6388,41.0,670.0,89.7934,TRAIN
WH008,2021-01-01,Central,82.2337,31.0,302.0,89.4479,TRAIN
WH008,2021-01-01,North,96.3828,34.0,1077.0,91.7518,TRAIN
WH008,2021-01-01,South,79.7525,40.0,1375.0,88.2932,TRAIN
WH009,2021-01-01,Central,91.0171,28.0,1867.0,92.4223,TRAIN
WH009,2021-01-01,Central,67.3542,27.0,107.0,85.191,TRAIN
WH009,2021-01-01,South,57.8858,24.0,1273.0,89.8955,TRAIN
WH010,2021-01-01,North,84.252,37.0,833.0,97.0907,TRAIN
WH010,2021-01-01,South,79.1229,39.0,2365.0,96.4206,TRAIN
WH010,2021-01-01,Central,87.2696,37.0,2212.0,96.3987,TRAIN
WH011,2021-01-01,West,63.2292,18.0,614.0,,TRAIN
WH011,2021-01-01,North,73.3468,14.0,1915.0,96.1199,TRAIN
WH011,2021-01-01,West,74.762,43.0,902.0,97.9655,TRAIN
WH012,2021-01-01,North,83.5321,12.0,1870.0,86.2764,TRAIN
WH012,2021-01-01,South,74.2127,24.0,881.0,87.1922,TRAIN
WH012,2021-01-01,North,41.8951,,569.0,89.2384,TRAIN
WH013,2021-01-01,Central,58.5311,36.0,1443.0,,TRAIN
WH013,2021-01-01,Central,51.1725,36.0,2366.0,90.5116,TRAIN
WH013,2021-01-01,South,74.5778,15.0,1474.0,87.8707,TRAIN
WH014,2021-01-01,South,40.103,6.0,,92.5117,TRAIN
WH014,2021-01-01,East,83.5341,31.0,543.0,94.1212,TRAIN
WH014,2021-01-01,East,86.7844,18.0,1927.0,96.3041,TRAIN
WH015,2021-01-01,West,52.42,10.0,2329.0,88.9506,TRAIN
WH015,2021-01-01,Central,56.9608,8.0,2169.0,97.1119,TRAIN
WH015,2021-01-01,Central,40.1841,39.0,854.0,91.5183,TRAIN
WH016,2021-01-01,North,94.9944,35.0,725.0,97.2724,TRAIN
WH016,2021-01-01,North,67.6639,39.0,281.0,88.8205,TRAIN
WH016,2021-01-01,South,55.0351,,1094.0,98.5185,TRAIN
WH017,2021-01-01,West,64.3402,7.0,197.0,85.4318,TRAIN
WH017,2021-01-01,South,89.8775,,353.0,98.1378,TRAIN
WH017,2021-01-01,North,42.8707,5.0,201.0,96.3156,TRAIN
WH018,2021-01-01,East,66.1292,10.0,1350.0,93.6738,TRAIN
WH018,2021-01-01,North,67.4012,15.0,1298.0,93.5809,TRAIN
WH018,2021-01-01,Central,85.7084,34.0,1956.0,86.9699,TRAIN
WH019,2021-01-01,Central,51.2161,39.0,2123.0,91.5705,TRAIN
WH019,2021-01-01,North,42.5992,23.0,233.0,98.82,TRAIN
WH019,2021-01-01,East,67.5403,41.0,308.0,90.8369,TRAIN
WH020,2021-01-01,East,89.454,17.0,1474.0,88.3412,TRAIN
WH020,2021-01-01,Central,74.5359,18.0,1232.0,96.3981,TRAIN
WH020,2021-01-01,East,54.5807,44.0,1948.0,91.1744,TRAIN
WH021,2021-01-01,North,56.3148,30.0,906.0,94.3893,TRAIN
WH021,2021-01-01,West,91.2699,6.0,615.0,93.7822,TRAIN
WH021,2021-01-01,West,65.6575,8.0,842.0,89.8116,TRAIN
WH022,2021-01-01,Central,96.4546,13.0,1227.0,88.112,TRAIN
WH022,2021-01-01,Central,72.8317,37.0,2301.0,86.4545,TRAIN
WH022,2021-01-01,East,83.072,22.0,1981.0,95.1881,TRAIN
WH023,2021-01-01,East,56.4596,32.0,286.0,88.9801,TRAIN
WH023,2021-01-01,South,85.2221,40.0,791.0,94.2215,TRAIN
WH023,2021-01-01,North,73.2705,24.0,1706.0,87.9285,TRAIN
WH024,2021-01-01,North,69.7409,36.0,680.0,88.3299,TRAIN
WH024,2021-01-01,Central,57.8412,41.0,1244.0,98.0735,TRAIN
WH024,2021-01-01,South,52.5759,19.0,,90.3904,TRAIN
WH025,2021-01-01,West,97.1004,23.0,325.0,94.8378,TRAIN
WH025,2021-01-01,Central,47.378,37.0,1062.0,97.1972,TRAIN
WH025,2021-01-01,South,67.1921,20.0,721.0,93.1591,TRAIN
WH026,2021-01-01,Central,65.8596,40.0,1873.0,85.6927,TRAIN
WH026,2021-01-01,East,72.3044,9.0,2228.0,85.674,TRAIN
WH026,2021-01-01,West,40.6515,23.0,1844.0,98.2568,TRAIN
WH027,2021-01-01,West,65.7732,28.0,1013.0,90.0155,TRAIN
WH027,2021-01-01,Central,50.8907,43.0,1931.0,95.5028,TRAIN
WH027,2021-01-01,South,73.0129,36.0,,93.2626,TRAIN
WH028,2021-01-01,East,73.0731,28.0,1354.0,88.2679,TRAIN
WH028,2021-01-01,Central,58.1063,31.0,1738.0,87.6071,TRAIN
WH028,2021-01-01,East,,,780.0,88.4044,TRAIN
WH029,2021-01-01,North,59.2133,38.0,1952.0,91.9544,TRAIN
WH029,2021-01-01,West,89.4116,20.0,1537.0,91.8502,TRAIN
WH029,2021-01-01,North,79.216,30.0,218.0,93.0872,TRAIN
WH030,2021-01-01,South,51.437,18.0,911.0,94.4841,TRAIN
WH030,2021-01-01,North,,37.0,1102.0,92.655,TRAIN
WH030,2021-01-01,South,87.361,26.0,1827.0,87.6358,TRAIN
WH031,2021-01-01,Central,69.342,23.0,2185.0,91.0368,TRAIN
WH031,2021-01-01,South,78.0756,30.0,1783.0,88.962,TRAIN
WH031,2021-01-01,East,50.0758,20.0,557.0,91.4383,TRAIN
WH032,2021-01-01,South,41.3044,33.0,2110.0,,TRAIN
WH032,2021-01-01,East,51.612,25.0,1420.0,85.9125,TRAIN
WH032,2021-01-01,North,60.0746,21.0,276.0,85.1366,TRAIN
WH033,2021-01-01,North,,18.0,393.0,93.6898,TRAIN
WH033,2021-01-01,West,81.8897,21.0,1252.0,,TRAIN
WH033,2021-01-01,East,90.8306,12.0,2265.0,87.0661,TRAIN
WH034,2021-01-01,North,96.5815,30.0,1752.0,98.5579,TRAIN
WH034,2021-01-01,South,74.6837,42.0,,96.3385,TRAIN
WH034,2021-01-01,Central,89.6889,41.0,872.0,93.7841,TRAIN
WH035,2021-01-01,South,78.5651,17.0,2206.0,91.6184,TRAIN
WH035,2021-01-01,South,53.2304,11.0,1479.0,88.9785,TRAIN
WH035,2021-01-01,Central,84.9464,44.0,466.0,86.4536,TRAIN
WH036,2021-01-01,North,88.7924,33.0,1964.0,93.0557,TRAIN
WH036,2021-01-01,East,69.0506,19.0,528.0,91.7764,TRAIN
WH036,2021-01-01,South,68.6782,7.0,1250.0,97.308,TRAIN
WH037,2021-01-01,Central,58.8345,31.0,132.0,86.6725,TRAIN
WH037,2021-01-01,East,50.4706,11.0,1134.0,92.17,TRAIN
WH037,2021-01-01,South,59.8767,44.0,1797.0,88.4862,TRAIN
WH038,2021-01-01,West,40.2894,22.0,1877.0,95.994,TRAIN
WH038,2021-01-01,Central,72.5954,9.0,964.0,97.6146,TRAIN
WH038,2021-01-01,North,76.3635,43.0,2096.0,91.9306,TRAIN
WH039,2021-01-01,West,63.7905,24.0,1682.0,90.2813,TRAIN
WH039,2021-01-01,South,,5.0,1093.0,96.9938,TRAIN
WH039,2021-01-01,North,40.5043,6.0,218.0,97.7827,TRAIN
WH040,2021-01-01,South,46.5269,34.0,552.0,85.1141,TRAIN
WH040,2021-01-01,East,86.2197,21.0,2195.0,90.1186,TRAIN
WH040,2021-01-01,South,54.5192,14.0,2190.0,93.5648,TRAIN
WH041,2021-01-01,West,69.7151,31.0,1784.0,98.3769,TRAIN
WH041,2021-01-01,North,,15.0,1622.0,91.4783,TRAIN
WH041,2021-01-01,North,57.4897,39.0,362.0,90.1963,TRAIN
WH042,2021-01-01,East,60.5694,31.0,1437.0,92.1888,TRAIN
WH042,2021-01-01,South,,9.0,1184.0,94.2498,TRAIN
WH042,2021-01-01,West,,38.0,983.0,92.888,TRAIN
WH043,2021-01-01,North,93.4587,27.0,440.0,98.906,TRAIN
WH043,2021-01-01,South,76.2158,42.0,1643.0,85.7213,TRAIN
WH043,2021-01-01,East,91.9575,27.0,,96.2362,TRAIN
WH044,2021-01-01,West,89.2132,32.0,1982.0,94.7204,TRAIN
WH044,2021-01-01,Central,64.8282,41.0,957.0,90.7227,TRAIN
WH044,2021-01-01,East,87.1229,29.0,813.0,86.865,TRAIN
WH045,2021-01-01,West,97.9711,17.0,793.0,86.3618,TRAIN
WH045,2021-01-01,North,82.6105,14.0,1910.0,93.7528,TRAIN
WH045,2021-01-01,North,56.4302,44.0,2254.0,87.5162,TRAIN
WH046,2021-01-01,South,,34.0,1576.0,91.4813,TRAIN
WH046,2021-01-01,West,59.1898,33.0,2147.0,85.6007,TRAIN
WH046,2021-01-01,West,86.9717,17.0,128.0,86.1801,TRAIN
WH047,2021-01-01,North,73.3182,16.0,968.0,86.815,TRAIN
WH047,2021-01-01,North,61.2496,5.0,1735.0,86.8319,TRAIN
WH047,2021-01-01,Central,97.3696,14.0,810.0,,TRAIN
WH048,2021-01-01,South,68.6563,27.0,1669.0,85.6456,TRAIN
WH048,2021-01-01,North,52.1735,17.0,1262.0,93.021,TRAIN
WH048,2021-01-01,North,61.5388,6.0,1690.0,90.585,TRAIN
WH049,2021-01-01,East,95.0409,29.0,866.0,98.9207,TRAIN
WH049,2021-01-01,South,85.1597,27.0,873.0,97.9072,TRAIN
WH049,2021-01-01,East,58.3198,33.0,873.0,87.4072,TRAIN
WH050,2021-01-01,Central,87.251,31.0,1416.0,89.0515,TRAIN
WH050,2021-01-01,Central,75.8604,41.0,431.0,91.7479,TRAIN
WH050,2021-01-01,Central,54.6011,24.0,399.0,90.319,TRAIN
WH001,2021-02-01,South,91.1351,16.0,,94.2442,TRAIN
WH001,2021-02-01,East,87.0138,31.0,749.0,86.7836,TRAIN
WH001,2021-02-01,Central,88.2676,17.0,1499.0,91.4277,TRAIN
WH002,2021-02-01,Central,93.7957,20.0,1697.0,95.0729,TRAIN
WH002,2021-02-01,East,85.6353,42.0,2367.0,,TRAIN
WH002,2021-02-01,South,88.7029,14.0,1991.0,91.7055,TRAIN
WH003,2021-02-01,Central,91.3054,44.0,943.0,89.7135,TRAIN
WH003,2021-02-01,East,87.8999,29.0,417.0,88.2917,TRAIN
WH003,2021-02-01,East,92.9417,27.0,,91.6842,TRAIN
WH004,2021-02-01,East,92.4784,14.0,233.0,95.6979,TRAIN
WH004,2021-02-01,South,89.1851,7.0,2026.0,98.1728,TRAIN
WH004,2021-02-01,South,91.1398,43.0,2435.0,90.9656,TRAIN
WH005,2021-02-01,North,89.2974,12.0,2040.0,87.1634,TRAIN
WH005,2021-02-01,West,92.3665,10.0,2107.0,85.7556,TRAIN
WH005,2021-02-01,South,90.7113,7.0,2173.0,89.1632,TRAIN
WH006,2021-02-01,Central,91.228,10.0,2179.0,97.5409,TRAIN
WH006,2021-02-01,Central,94.4973,17.0,1798.0,95.6887,TRAIN
WH006,2021-02-01,North,86.0042,30.0,2348.0,98.1027,TRAIN
WH007,2021-02-01,South,85.412,27.0,1256.0,86.218,TRAIN
WH007,2021-02-01,South,86.1126,18.0,608.0,92.6697,TRAIN
WH007,2021-02-01,West,89.0386,43.0,1054.0,94.7002,TRAIN
WH008,2021-02-01,West,93.9919,23.0,1084.0,92.9182,TRAIN
WH008,2021-02-01,West,92.3829,44.0,1381.0,94.3741,TRAIN
WH008,2021-02-01,East,86.6844,29.0,237.0,87.8703,TRAIN
WH009,2021-02-01,West,89.6353,17.0,2122.0,98.3651,TRAIN
WH009,2021-02-01,West,92.7171,15.0,1143.0,94.664,TRAIN
WH009,2021-02-01,South,85.769,19.0,479.0,91.3278,TRAIN
WH010,2021-02-01,Central,89.2659,32.0,314.0,92.5761,TRAIN
WH010,2021-02-01,North,85.299,17.0,1426.0,91.9936,TRAIN
WH010,2021-02-01,North,89.2329,44.0,1775.0,88.8195,TRAIN
WH011,2021-02-01,North,93.3905,14.0,419.0,,TRAIN
WH011,2021-02-01,West,94.1467,9.0,1730.0,87.8573,TRAIN
WH011,2021-02-01,West,89.7416,6.0,539.0,85.7143,TRAIN
WH012,2021-02-01,South,88.2228,39.0,1476.0,86.4455,TRAIN
WH012,2021-02-01,South,89.5844,30.0,1255.0,88.0313,TRAIN
WH012,2021-02-01,North,88.8619,,1892.0,86.7052,TRAIN
WH013,2021-02-01,North,85.6403,34.0,977.0,86.7977,TRAIN
WH013,2021-02-01,East,90.36,25.0,647.0,88.1037,TRAIN
WH013,2021-02-01,North,93.2951,43.0,1130.0,87.5882,TRAIN
WH014,2021-02-01,North,88.4909,40.0,317.0,91.8108,TRAIN
WH014,2021-02-01,Central,,14.0,418.0,85.3476,TRAIN
WH014,2021-02-01,North,90.5624,7.0,387.0,93.5602,TRAIN
WH015,2021-02-01,North,94.2857,9.0,,94.8298,TRAIN
WH015,2021-02-01,East,93.6396,29.0,1269.0,85.9245,TRAIN
WH015,2021-02-01,Central,90.7154,22.0,1292.0,93.8962,TRAIN
WH016,2021-02-01,East,85.0927,7.0,1614.0,89.4836,TRAIN
WH016,2021-02-01,Central,90.6631,26.0,2278.0,98.3511,TRAIN
WH016,2021-02-01,South,87.9033,14.0,2110.0,88.1352,TRAIN
WH017,2021-02-01,West,89.8948,24.0,114.0,94.9629,TRAIN
WH017,2021-02-01,North,89.4956,41.0,1782.0,91.122,TRAIN
WH017,2021-02-01,South,89.5232,9.0,723.0,93.9574,TRAIN
WH018,2021-02-01,South,92.6899,33.0,687.0,93.482,TRAIN
WH018,2021-02-01,North,93.1883,35.0,667.0,91.7589,TRAIN
WH018,2021-02-01,Central,91.2488,39.0,1156.0,96.0132,TRAIN
WH019,2021-02-01,Central,91.6669,28.0,2055.0,92.8346,TRAIN
WH019,2021-02-01,East,91.1837,32.0,1176.0,90.2731,TRAIN
WH019,2021-02-01,East,87.9966,,448.0,,TRAIN
WH020,2021-02-01,Central,86.9282,35.0,509.0,92.3347,TRAIN
WH020,2021-02-01,West,88.6938,13.0,982.0,98.6783,TRAIN
WH020,2021-02-01,South,91.0688,28.0,2253.0,91.6113,TRAIN
WH021,2021-02-01,East,86.7514,29.0,2042.0,97.0274,TRAIN
WH021,2021-02-01,North,85.3766,14.0,2088.0,98.1709,TRAIN
WH021,2021-02-01,East,94.7849,28.0,1358.0,87.3614,TRAIN
WH022,2021-02-01,West,89.3681,11.0,2155.0,93.6593,TRAIN
WH022,2021-02-01,West,90.0372,41.0,888.0,96.8201,TRAIN
WH022,2021-02-01,North,89.0006,5.0,1406.0,86.8523,TRAIN
WH023,2021-02-01,West,92.2509,12.0,1249.0,90.0902,TRAIN
WH023,2021-02-01,West,91.1955,22.0,337.0,97.1776,TRAIN
WH023,2021-02-01,West,89.2655,15.0,1975.0,90.7691,TRAIN
WH024,2021-02-01,North,93.9799,,2416.0,97.6872,TRAIN
WH024,2021-02-01,North,88.7821,38.0,747.0,95.1578,TRAIN
WH024,2021-02-01,South,85.1629,12.0,1520.0,88.9383,TRAIN
WH025,2021-02-01,West,89.544,24.0,1051.0,97.4426,TRAIN
WH025,2021-02-01,South,88.6711,26.0,2269.0,87.7237,TRAIN
WH025,2021-02-01,East,87.3342,39.0,,98.4707,TRAIN
WH026,2021-02-01,North,89.2597,39.0,2342.0,88.1066,TRAIN
WH026,2021-02-01,North,87.7088,10.0,455.0,94.1435,TRAIN
WH026,2021-02-01,West,86.1207,40.0,2079.0,89.7701,TRAIN
WH027,2021-02-01,Central,85.0788,37.0,474.0,85.7485,TRAIN
WH027,2021-02-01,East,86.8516,31.0,614.0,89.5638,TRAIN
WH027,2021-02-01,Central,92.1659,,1087.0,89.2469,TRAIN
WH028,2021-02-01,West,90.1653,24.0,1147.0,89.4239,TRAIN
WH028,2021-02-01,West,92.8727,26.0,582.0,98.9549,TRAIN
WH028,2021-02-01,East,89.2948,30.0,885.0,96.4002,TRAIN
WH029,2021-02-01,South,93.4535,28.0,1494.0,98.7962,TRAIN
WH029,2021-02-01,North,85.0241,6.0,1537.0,85.7595,TRAIN
WH029,2021-02-01,North,90.0183,24.0,469.0,88.8068,TRAIN
WH030,2021-02-01,West,91.047,8.0,550.0,87.2823,TRAIN
WH030,2021-02-01,South,,28.0,1966.0,85.59,TRAIN
WH030,2021-02-01,East,88.4229,33.0,1062.0,93.6301,TRAIN
WH031,2021-02-01,East,90.6491,13.0,1738.0,98.7418,TRAIN
WH031,2021-02-01,Central,90.4714,24.0,1476.0,90.8541,TRAIN
WH031,2021-02-01,North,85.8466,16.0,241.0,85.5219,TRAIN
WH032,2021-02-01,East,93.2335,27.0,753.0,87.5142,TRAIN
WH032,2021-02-01,North,94.1777,30.0,934.0,89.2004,TRAIN
WH032,2021-02-01,West,85.6541,,2251.0,93.1408,TRAIN
WH033,2021-02-01,Central,86.5813,26.0,290.0,96.5204,TRAIN
WH033,2021-02-01,East,91.8276,19.0,1888.0,98.6343,TRAIN
WH033,2021-02-01,East,90.702,,1903.0,88.4179,TRAIN
WH034,2021-02-01,Central,87.2674,44.0,1280.0,89.8609,TRAIN
WH034,2021-02-01,South,86.4858,26.0,2420.0,97.1892,TRAIN
WH034,2021-02-01,East,90.9969,7.0,124.0,93.208,TRAIN
WH035,2021-02-01,Central,86.019,36.0,2315.0,91.5596,TRAIN
WH035,2021-02-01,Central,94.8884,28.0,1003.0,98.7711,TRAIN
WH035,2021-02-01,North,85.7126,13.0,2201.0,92.8322,TRAIN
WH036,2021-02-01,North,94.6931,29.0,432.0,94.2799,TRAIN
WH036,2021-02-01,South,91.5439,15.0,440.0,93.6289,TRAIN
WH036,2021-02-01,Central,86.1092,14.0,802.0,89.3124,TRAIN
WH037,2021-02-01,West,85.299,15.0,368.0,85.8156,TRAIN
WH037,2021-02-01,Central,88.1772,30.0,1844.0,91.8906,TRAIN
WH037,2021-02-01,East,88.4062,26.0,2058.0,92.1101,TRAIN
WH038,2021-02-01,Central,93.1539,5.0,2107.0,91.8425,TRAIN
WH038,2021-02-01,East,93.2424,27.0,2184.0,90.1051,TRAIN
WH038,2021-02-01,East,88.1556,43.0,2225.0,92.4541,TRAIN
WH039,2021-02-01,South,93.5555,19.0,1793.0,96.9149,TRAIN
WH039,2021-02-01,Central,85.0999,,1421.0,98.5363,TRAIN
WH039,2021-02-01,North,85.7764,30.0,1794.0,90.0038,TRAIN
WH040,2021-02-01,North,86.8736,,464.0,92.1218,TRAIN
WH040,2021-02-01,Central,89.8464,36.0,1059.0,97.303,TRAIN
WH040,2021-02-01,Central,90.2389,18.0,110.0,98.0112,TRAIN
WH041,2021-02-01,East,92.3683,5.0,453.0,97.1424,TRAIN
WH041,2021-02-01,East,88.0271,27.0,364.0,98.9546,TRAIN
WH041,2021-02-01,East,86.5324,24.0,1594.0,86.5016,TRAIN
WH042,2021-02-01,South,93.0476,7.0,574.0,94.2522,TRAIN
WH042,2021-02-01,West,93.9266,14.0,2324.0,89.6715,TRAIN
WH042,2021-02-01,Central,94.2362,,1074.0,98.2311,TRAIN
WH043,2021-02-01,Central,91.3927,24.0,2290.0,88.6588,TRAIN
WH043,2021-02-01,West,87.7343,34.0,1521.0,96.4771,TRAIN
WH043,2021-02-01,West,94.037,18.0,900.0,92.0263,TRAIN
WH044,2021-02-01,East,94.7406,21.0,1148.0,94.9507,TRAIN
WH044,2021-02-01,South,92.8791,42.0,653.0,91.8405,TRAIN
WH044,2021-02-01,East,94.3316,13.0,286.0,96.4951,TRAIN
WH045,2021-02-01,North,90.0692,18.0,1028.0,90.6343,TRAIN
WH045,2021-02-01,North,93.3998,35.0,1947.0,86.4346,TRAIN
WH045,2021-02-01,Central,88.8613,28.0,1441.0,92.1207,TRAIN
WH046,2021-02-01,West,90.4775,17.0,607.0,91.2503,TRAIN
WH046,2021-02-01,South,88.6008,43.0,476.0,86.1159,TRAIN
WH046,2021-02-01,North,85.5307,27.0,154.0,98.0058,TRAIN
WH047,2021-02-01,West,89.9424,23.0,444.0,95.3528,TRAIN
WH047,2021-02-01,West,94.1078,12.0,1020.0,98.5552,TRAIN
WH047,2021-02-01,North,88.4722,25.0,557.0,89.3618,TRAIN
WH048,2021-02-01,Central,87.5698,21.0,1700.0,91.2014,TRAIN
WH048,2021-02-01,South,91.0514,5.0,1431.0,88.2192,TRAIN
WH048,2021-02-01,North,93.0601,24.0,1478.0,88.9998,TRAIN
WH049,2021-02-01,South,88.786,11.0,1665.0,92.0798,TRAIN
WH049,2021-02-01,West,93.9664,35.0,1710.0,93.6539,TRAIN
WH049,2021-02-01,West,90.1669,25.0,1360.0,85.6803,TRAIN
WH050,2021-02-01,West,93.1339,44.0,1509.0,91.6045,TRAIN
WH050,2021-02-01,North,90.225,,1772.0,86.4149,TRAIN
WH050,2021-02-01,Central,89.1119,7.0,2130.0,90.4622,TRAIN
WH001,2021-03-01,Central,94.3205,33.0,1245.0,97.7144,TRAIN
WH001,2021-03-01,Central,86.6287,15.0,1420.0,88.6464,TRAIN
WH001,2021-03-01,West,86.7505,25.0,304.0,91.503,TRAIN
WH002,2021-03-01,West,94.9283,38.0,1974.0,91.2131,TRAIN
WH002,2021-03-01,Central,86.2452,15.0,,85.8729,TRAIN
WH002,2021-03-01,South,90.92,41.0,108.0,94.1434,TRAIN
WH003,2021-03-01,West,91.3287,22.0,511.0,90.5404,TRAIN
WH003,2021-03-01,Central,89.6766,14.0,2224.0,89.0378,TRAIN
WH003,2021-03-01,East,92.9176,5.0,1163.0,87.1326,TRAIN
WH004,2021-03-01,West,94.8217,,1710.0,98.7885,TRAIN
WH004,2021-03-01,North,94.7381,32.0,2348.0,97.1669,TRAIN
WH004,2021-03-01,North,92.612,37.0,600.0,92.9073,TRAIN
WH005,2021-03-01,Central,,17.0,1038.0,88.3365,TRAIN
WH005,2021-03-01,South,86.2607,33.0,1434.0,93.1756,TRAIN
WH005,2021-03-01,Central,90.9043,44.0,2317.0,88.2737,TRAIN
WH006,2021-03-01,Central,92.4214,40.0,,92.6313,TRAIN
WH006,2021-03-01,Central,94.5242,28.0,173.0,87.4564,TRAIN
WH006,2021-03-01,West,91.3636,43.0,2318.0,85.7961,TRAIN
WH007,2021-03-01,Central,86.8007,35.0,2149.0,89.4318,TRAIN
WH007,2021-03-01,South,93.7295,12.0,330.0,88.1008,TRAIN
WH007,2021-03-01,South,87.5422,32.0,1272.0,95.1359,TRAIN
WH008,2021-03-01,East,88.9662,34.0,800.0,92.3867,TRAIN
WH008,2021-03-01,North,86.2683,26.0,924.0,94.9927,TRAIN
WH008,2021-03-01,East,85.634,34.0,1090.0,97.4338,TRAIN
WH009,2021-03-01,East,93.9149,41.0,395.0,87.5763,TRAIN
WH009,2021-03-01,West,91.1627,30.0,1134.0,96.3246,TRAIN
WH009,2021-03-01,East,89.4332,15.0,1874.0,98.487,TRAIN
WH010,2021-03-01,Central,91.6387,28.0,905.0,92.5215,TRAIN
WH010,2021-03-01,West,85.7501,17.0,2430.0,97.9679,TRAIN
WH010,2021-03-01,South,89.2561,28.0,1768.0,90.0135,TRAIN
WH011,2021-03-01,West,91.9065,25.0,1494.0,96.7852,TRAIN
WH011,2021-03-01,South,92.504,38.0,289.0,86.2982,TRAIN
WH011,2021-03-01,West,86.7115,15.0,592.0,96.0921,TRAIN
WH012,2021-03-01,South,91.6741,16.0,908.0,95.9663,TRAIN
WH012,2021-03-01,North,93.2574,16.0,485.0,,TRAIN
WH012,2021-03-01,South,94.3891,26.0,1185.0,92.6544,TRAIN
WH013,2021-03-01,Central,88.1688,6.0,1749.0,98.6391,TRAIN
WH013,2021-03-01,Central,86.1405,30.0,1163.0,86.9419,TRAIN
WH013,2021-03-01,South,86.4327,37.0,549.0,94.5103,TRAIN
WH014,2021-03-01,East,85.6496,7.0,1020.0,94.502,TRAIN
WH014,2021-03-01,West,,18.0,272.0,88.8708,TRAIN
WH014,2021-03-01,West,,25.0,,88.5192,TRAIN
WH015,2021-03-01,Central,87.5639,19.0,2349.0,96.4223,TRAIN
WH015,2021-03-01,North,87.7202,43.0,586.0,91.9179,TRAIN
WH015,2021-03-01,Central,94.0509,,1628.0,93.2642,TRAIN
WH016,2021-03-01,East,88.0964,18.0,551.0,92.4327,TRAIN
WH016,2021-03-01,East,90.9784,22.0,854.0,94.932,TRAIN
WH016,2021-03-01,West,92.3829,19.0,2211.0,93.5052,TRAIN
WH017,2021-03-01,North,,9.0,1891.0,91.2216,TRAIN
WH017,2021-03-01,South,89.7707,32.0,1675.0,98.6419,TRAIN
WH017,2021-03-01,Central,89.2395,6.0,1891.0,94.2704,TRAIN
WH018,2021-03-01,East,94.3906,11.0,163.0,87.1227,TRAIN
WH018,2021-03-01,Central,94.8695,10.0,356.0,87.5273,TRAIN
WH018,2021-03-01,East,92.0839,5.0,1704.0,90.7877,TRAIN
WH019,2021-03-01,North,88.7823,33.0,2480.0,93.2267,TRAIN
WH019,2021-03-01,North,86.5544,24.0,655.0,86.0625,TRAIN
WH019,2021-03-01,South,91.4996,44.0,2123.0,88.2146,TRAIN
WH020,2021-03-01,East,93.1544,33.0,697.0,92.3043,TRAIN
WH020,2021-03-01,Central,,25.0,610.0,92.4361,TRAIN
WH020,2021-03-01,North,92.7884,36.0,1589.0,96.5868,TRAIN
WH021,2021-03-01,West,85.9222,9.0,185.0,,TRAIN
WH021,2021-03-01,South,93.9175,37.0,697.0,,TRAIN
WH021,2021-03-01,East,91.1861,6.0,1474.0,97.6348,TRAIN
WH022,2021-03-01,North,89.0831,37.0,1742.0,93.7916,TRAIN
WH022,2021-03-01,East,85.0271,5.0,223.0,97.7789,TRAIN
WH022,2021-03-01,Central,92.1238,34.0,1824.0,86.5842,TRAIN
WH023,2021-03-01,East,89.3593,35.0,492.0,89.2112,TRAIN
WH023,2021-03-01,South,85.1704,32.0,2491.0,96.0076,TRAIN
WH023,2021-03-01,East,93.5068,28.0,1806.0,94.4548,TRAIN
WH024,2021-03-01,West,94.9152,19.0,1672.0,92.9836,TRAIN
WH024,2021-03-01,West,85.6321,29.0,541.0,96.3411,TRAIN
WH024,2021-03-01,Central,89.942,43.0,2434.0,98.96,TRAIN
WH025,2021-03-01,South,89.2757,16.0,,96.3306,TRAIN
WH025,2021-03-01,West,94.0212,16.0,237.0,95.2893,TRAIN
WH025,2021-03-01,South,90.0348,37.0,142.0,89.0244,TRAIN
WH026,2021-03-01,Central,87.701,10.0,495.0,90.9894,TRAIN
WH026,2021-03-01,South,93.8554,33.0,1205.0,87.4896,TRAIN
WH026,2021-03-01,North,93.7775,14.0,189.0,96.5537,TRAIN
WH027,2021-03-01,North,86.7899,38.0,1630.0,89.8847,TRAIN
WH027,2021-03-01,West,93.7249,13.0,1772.0,96.5063,TRAIN
WH027,2021-03-01,South,88.2936,40.0,1529.0,96.0277,TRAIN
WH028,2021-03-01,Central,88.5897,27.0,2245.0,89.4046,TRAIN
WH028,2021-03-01,West,93.2514,28.0,2477.0,85.9453,TRAIN
WH028,2021-03-01,North,89.7687,6.0,1810.0,93.5757,TRAIN
WH029,2021-03-01,North,94.1771,31.0,1858.0,92.8179,TRAIN
WH029,2021-03-01,South,86.8072,7.0,1110.0,93.8971,TRAIN
WH029,2021-03-01,North,94.9175,33.0,2008.0,88.4556,TRAIN
WH030,2021-03-01,North,85.1843,19.0,1726.0,88.9483,TRAIN
WH030,2021-03-01,West,91.1818,28.0,517.0,90.9602,TRAIN
WH030,2021-03-01,Central,91.2191,10.0,1102.0,90.8456,TRAIN
WH031,2021-03-01,Central,88.8511,42.0,1539.0,87.1327,TRAIN
WH031,2021-03-01,Central,89.9349,15.0,1304.0,94.839,TRAIN
WH031,2021-03-01,Central,89.9149,44.0,1625.0,92.6398,TRAIN
WH032,2021-03-01,East,86.5892,6.0,867.0,92.9374,TRAIN
WH032,2021-03-01,Central,86.8087,15.0,2459.0,85.6326,TRAIN
WH032,2021-03-01,Central,89.9567,31.0,2229.0,86.2868,TRAIN
WH033,2021-03-01,West,92.506,37.0,1577.0,88.0844,TRAIN
WH033,2021-03-01,North,91.4085,28.0,671.0,98.7871,TRAIN
WH033,2021-03-01,South,90.3854,9.0,941.0,98.6734,TRAIN
WH034,2021-03-01,Central,85.6317,39.0,875.0,90.5578,TRAIN
WH034,2021-03-01,South,92.5176,28.0,1438.0,94.5866,TRAIN
WH034,2021-03-01,South,92.0533,25.0,1861.0,88.867,TRAIN
WH035,2021-03-01,North,85.7691,38.0,1004.0,88.9759,TRAIN
WH035,2021-03-01,West,,10.0,1795.0,89.5853,TRAIN
WH035,2021-03-01,West,88.5014,15.0,1435.0,94.0687,TRAIN
WH036,2021-03-01,West,87.8057,13.0,1368.0,96.0759,TRAIN
WH036,2021-03-01,East,85.3617,10.0,434.0,88.5407,TRAIN
WH036,2021-03-01,East,87.4712,18.0,1219.0,90.8786,TRAIN
WH037,2021-03-01,West,90.9372,19.0,,95.5703,TRAIN
WH037,2021-03-01,Central,94.0826,35.0,2242.0,,TRAIN
WH037,2021-03-01,North,91.3407,38.0,984.0,95.4158,TRAIN
WH038,2021-03-01,North,87.9971,6.0,347.0,97.7282,TRAIN
WH038,2021-03-01,South,85.4623,17.0,1722.0,97.8476,TRAIN
WH038,2021-03-01,West,92.8922,13.0,259.0,93.5211,TRAIN
WH039,2021-03-01,North,91.0384,31.0,2118.0,92.3047,TRAIN
WH039,2021-03-01,Central,85.7209,43.0,819.0,93.5656,TRAIN
WH039,2021-03-01,West,94.4797,37.0,1673.0,85.921,TRAIN
WH040,2021-03-01,East,89.4645,5.0,122.0,88.1285,TRAIN
WH040,2021-03-01,North,89.5802,10.0,1753.0,89.2206,TRAIN
WH040,2021-03-01,North,94.0297,28.0,1407.0,93.3967,TRAIN
WH041,2021-03-01,East,90.4858,20.0,519.0,93.3046,TRAIN
WH041,2021-03-01,Central,,33.0,563.0,95.8204,TRAIN
WH041,2021-03-01,South,93.1701,17.0,2322.0,86.1764,TRAIN
WH042,2021-03-01,West,93.5116,30.0,2194.0,91.9027,TRAIN
WH042,2021-03-01,West,92.9008,,1891.0,97.6997,TRAIN
WH042,2021-03-01,North,87.5461,36.0,869.0,91.9266,TRAIN
WH043,2021-03-01,Central,89.4642,15.0,,87.4762,TRAIN
WH043,2021-03-01,South,87.7068,35.0,1037.0,85.117,TRAIN
WH043,2021-03-01,South,94.7119,8.0,1809.0,86.453,TRAIN
WH044,2021-03-01,West,92.7013,35.0,931.0,90.7408,TRAIN
WH044,2021-03-01,West,87.9499,43.0,1401.0,87.0892,TRAIN
WH044,2021-03-01,Central,92.2216,9.0,1321.0,91.9394,TRAIN
WH045,2021-03-01,North,88.2239,13.0,1227.0,96.929,TRAIN
WH045,2021-03-01,East,89.5693,9.0,672.0,94.6071,TRAIN
WH045,2021-03-01,North,92.1683,13.0,1290.0,98.3719,TRAIN
WH046,2021-03-01,Central,85.0369,41.0,1570.0,97.9645,TRAIN
WH046,2021-03-01,North,88.9427,32.0,458.0,,TRAIN
WH046,2021-03-01,North,93.8157,20.0,2276.0,96.5243,TRAIN
WH047,2021-03-01,North,89.5303,18.0,2465.0,90.3642,TRAIN
WH047,2021-03-01,East,92.6786,16.0,108.0,88.598,TRAIN
WH047,2021-03-01,North,91.5636,40.0,1016.0,97.5697,TRAIN
WH048,2021-03-01,East,94.0238,37.0,1795.0,86.7303,TRAIN
WH048,2021-03-01,East,86.435,7.0,1821.0,91.0937,TRAIN
WH048,2021-03-01,North,91.5402,22.0,536.0,85.0786,TRAIN
WH049,2021-03-01,Central,,10.0,984.0,86.277,TRAIN
WH049,2021-03-01,North,90.6212,6.0,1184.0,88.5631,TRAIN
WH049,2021-03-01,South,91.6949,36.0,2345.0,86.8379,TRAIN
WH050,2021-03-01,South,89.2472,34.0,,88.1319,TRAIN
WH050,2021-03-01,Central,92.3157,42.0,656.0,90.9292,TRAIN
WH050,2021-03-01,South,93.2658,39.0,907.0,96.2689,TRAIN
WH001,2021-04-01,West,44.0739,43.0,2336.0,88.516,TRAIN
WH001,2021-04-01,West,64.1724,41.0,1497.0,98.0177,TRAIN
WH001,2021-04-01,North,87.0858,9.0,2249.0,87.8507,TRAIN
WH002,2021-04-01,North,47.407,5.0,837.0,92.9124,TRAIN
WH002,2021-04-01,North,94.5982,31.0,294.0,93.3667,TRAIN
WH002,2021-04-01,Central,76.1553,21.0,1218.0,97.5394,TRAIN
WH003,2021-04-01,West,56.4814,27.0,1839.0,86.9715,TRAIN
WH003,2021-04-01,Central,81.876,35.0,1783.0,85.5608,TRAIN
WH003,2021-04-01,West,62.3618,29.0,2131.0,91.0473,TRAIN
WH004,2021-04-01,East,46.3399,25.0,1437.0,87.4526,TRAIN
WH004,2021-04-01,South,55.6592,5.0,891.0,91.681,TRAIN
WH004,2021-04-01,East,97.1216,34.0,1812.0,93.9223,TRAIN
WH005,2021-04-01,South,,36.0,565.0,97.316,TRAIN
WH005,2021-04-01,Central,84.8303,11.0,447.0,93.6663,TRAIN
WH005,2021-04-01,Central,68.7208,13.0,1676.0,89.0037,TRAIN
WH006,2021-04-01,Central,86.9393,25.0,1849.0,94.1254,TRAIN
WH006,2021-04-01,South,51.6259,11.0,1113.0,92.6534,TRAIN
WH006,2021-04-01,Central,43.1454,24.0,1761.0,88.669,TRAIN
WH007,2021-04-01,South,57.1487,39.0,2210.0,95.023,TRAIN
WH007,2021-04-01,Central,94.6077,13.0,2077.0,85.2939,TRAIN
WH007,2021-04-01,East,44.5102,14.0,,86.4956,TRAIN
WH008,2021-04-01,Central,59.019,33.0,,89.38,TRAIN
WH008,2021-04-01,East,44.5632,26.0,140.0,93.0469,TRAIN
WH008,2021-04-01,South,,9.0,2472.0,88.1376,TRAIN
WH009,2021-04-01,Central,75.5723,5.0,1065.0,88.6759,TRAIN
WH009,2021-04-01,North,54.1182,17.0,2167.0,98.2711,TRAIN
WH009,2021-04-01,South,50.041,28.0,1490.0,88.1175,TRAIN
WH010,2021-04-01,South,80.9141,27.0,2243.0,98.0158,TRAIN
WH010,2021-04-01,East,45.4416,23.0,941.0,91.6381,TRAIN
WH010,2021-04-01,East,97.2524,27.0,748.0,87.2382,TRAIN
WH011,2021-04-01,North,44.9792,33.0,1636.0,88.1586,TRAIN
WH011,2021-04-01,Central,82.4988,,1022.0,98.8589,TRAIN
WH011,2021-04-01,South,82.4362,24.0,584.0,,TRAIN
WH012,2021-04-01,South,53.831,8.0,2296.0,91.3977,TRAIN
WH012,2021-04-01,Central,65.6428,29.0,1635.0,98.1268,TRAIN
WH012,2021-04-01,East,57.5336,12.0,772.0,89.5877,TRAIN
WH013,2021-04-01,West,91.5241,18.0,969.0,88.835,TRAIN
WH013,2021-04-01,West,70.3535,31.0,1506.0,91.536,TRAIN
WH013,2021-04-01,West,97.4501,25.0,1251.0,85.1473,TRAIN
WH014,2021-04-01,West,95.8456,44.0,1997.0,,TRAIN
WH014,2021-04-01,South,90.2484,13.0,260.0,92.2406,TRAIN
WH014,2021-04-01,North,56.732,31.0,133.0,97.841,TRAIN
WH015,2021-04-01,North,51.5059,17.0,1645.0,88.9522,TRAIN
WH015,2021-04-01,West,87.0214,21.0,2125.0,87.7319,TRAIN
WH015,2021-04-01,Central,60.2387,11.0,367.0,89.0091,TRAIN
WH016,2021-04-01,Central,55.6032,24.0,176.0,88.9314,TRAIN
WH016,2021-04-01,North,40.0544,43.0,857.0,90.1789,TRAIN
WH016,2021-04-01,East,72.4568,33.0,1709.0,90.6835,TRAIN
WH017,2021-04-01,North,84.3295,14.0,1026.0,97.1235,TRAIN
WH017,2021-04-01,West,73.712,9.0,1926.0,98.2753,TRAIN
WH017,2021-04-01,North,96.0118,44.0,376.0,97.2205,TRAIN
WH018,2021-04-01,Central,81.7733,9.0,2247.0,96.742,TRAIN
WH018,2021-04-01,Central,66.4602,5.0,848.0,88.2702,TRAIN
WH018,2021-04-01,East,85.2648,8.0,2455.0,91.0345,TRAIN
WH019,2021-04-01,Central,74.5335,26.0,2359.0,95.779,TRAIN
WH019,2021-04-01,North,56.7545,14.0,310.0,93.1755,TRAIN
WH019,2021-04-01,East,81.8291,19.0,807.0,85.7376,TRAIN
WH020,2021-04-01,North,73.0639,37.0,619.0,88.4736,TRAIN
WH020,2021-04-01,North,45.8489,41.0,993.0,93.0817,TRAIN
WH020,2021-04-01,East,59.6394,,1136.0,97.9795,TRAIN
WH021,2021-04-01,South,42.2933,35.0,875.0,90.168,TRAIN
WH021,2021-04-01,Central,,34.0,1565.0,91.4386,TRAIN
WH021,2021-04-01,South,68.6805,29.0,769.0,90.2009,TRAIN
WH022,2021-04-01,East,45.9073,17.0,975.0,95.8467,TRAIN
WH022,2021-04-01,North,75.0081,37.0,2106.0,95.0021,TRAIN
WH022,2021-04-01,South,44.2093,11.0,2332.0,,TRAIN
WH023,2021-04-01,Central,69.3112,33.0,2447.0,95.2151,TRAIN
WH023,2021-04-01,Central,95.3728,16.0,2105.0,97.4587,TRAIN
WH023,2021-04-01,South,43.9767,40.0,101.0,96.4401,TRAIN
WH024,2021-04-01,East,74.3754,25.0,2228.0,85.0883,TRAIN
WH024,2021-04-01,East,45.0265,17.0,353.0,98.183,TRAIN
WH024,2021-04-01,East,63.1086,23.0,2153.0,97.5288,TRAIN
WH025,2021-04-01,West,81.1072,33.0,1959.0,88.7081,TRAIN
WH025,2021-04-01,South,67.7508,27.0,1273.0,91.7057,TRAIN
WH025,2021-04-01,West,69.4257,5.0,1408.0,92.5866,TRAIN
WH026,2021-04-01,South,59.6816,28.0,549.0,85.7147,TRAIN
WH026,2021-04-01,Central,68.6103,21.0,2222.0,98.4138,TRAIN
WH026,2021-04-01,Central,86.657,42.0,301.0,90.6391,TRAIN
WH027,2021-04-01,Central,83.5123,25.0,860.0,87.331,TRAIN
WH027,2021-04-01,Central,75.0554,32.0,2343.0,95.553,TRAIN
WH027,2021-04-01,East,62.668,,624.0,92.5248,TRAIN
WH028,2021-04-01,North,,18.0,2396.0,85.2246,TRAIN
WH028,2021-04-01,West,59.469,39.0,1945.0,95.3637,TRAIN
WH028,2021-04-01,North,68.834,41.0,1591.0,85.4769,TRAIN
WH029,2021-04-01,North,67.5983,30.0,2087.0,85.5812,TRAIN
WH029,2021-04-01,West,66.4757,34.0,628.0,86.3647,TRAIN
WH029,2021-04-01,South,86.6819,30.0,2325.0,89.6193,TRAIN
WH030,2021-04-01,West,47.1545,30.0,599.0,93.4404,TRAIN
WH030,2021-04-01,West,91.3523,24.0,901.0,93.3146,TRAIN
WH030,2021-04-01,Central,84.4248,21.0,1357.0,94.1935,TRAIN
WH031,2021-04-01,South,94.466,39.0,179.0,96.5532,TRAIN
WH031,2021-04-01,West,55.9042,18.0,211.0,85.3848,TRAIN
WH031,2021-04-01,Central,57.1085,35.0,1905.0,88.6101,TRAIN
WH032,2021-04-01,East,50.512,42.0,1494.0,96.8717,TRAIN
WH032,2021-04-01,South,68.866,20.0,922.0,,TRAIN
WH032,2021-04-01,Central,90.6307,19.0,1073.0,93.8807,TRAIN
WH033,2021-04-01,West,49.9045,13.0,2129.0,93.3372,TRAIN
WH033,2021-04-01,East,90.1767,41.0,130.0,89.7064,TRAIN
WH033,2021-04-01,East,97.9443,40.0,1763.0,86.9797,TRAIN
WH034,2021-04-01,West,89.3268,29.0,174.0,90.4978,TRAIN
WH034,2021-04-01,West,57.5517,10.0,2329.0,86.9931,TRAIN
WH034,2021-04-01,Central,73.1227,31.0,1777.0,87.786,TRAIN
WH035,2021-04-01,Central,67.8904,28.0,644.0,87.0835,TRAIN
WH035,2021-04-01,Central,64.6419,36.0,2241.0,86.211,TRAIN
WH035,2021-04-01,North,54.9966,9.0,1582.0,92.5404,TRAIN
WH036,2021-04-01,East,63.9493,26.0,2114.0,90.461,TRAIN
WH036,2021-04-01,South,73.7544,6.0,742.0,95.4881,TRAIN
WH036,2021-04-01,South,46.6202,16.0,1006.0,90.9265,TRAIN
WH037,2021-04-01,Central,86.9773,32.0,1221.0,94.3579,TRAIN
WH037,2021-04-01,West,80.9667,9.0,1004.0,96.0823,TRAIN
WH037,2021-04-01,West,43.7226,10.0,2023.0,93.254,TRAIN
WH038,2021-04-01,East,72.8323,17.0,1137.0,87.1202,TRAIN
WH038,2021-04-01,West,66.6607,13.0,909.0,87.8462,TRAIN
WH038,2021-04-01,East,,9.0,400.0,86.4467,TRAIN
WH039,2021-04-01,North,48.2127,21.0,,94.2468,TRAIN
WH039,2021-04-01,South,93.4745,5.0,1122.0,85.0977,TRAIN
WH039,2021-04-01,East,74.3815,44.0,648.0,90.257,TRAIN
WH040,2021-04-01,West,50.5118,42.0,2128.0,87.119,TRAIN
WH040,2021-04-01,Central,55.259,44.0,357.0,86.9881,TRAIN
WH040,2021-04-01,North,72.6283,15.0,2368.0,85.8585,TRAIN
WH041,2021-04-01,South,86.8411,10.0,640.0,86.1179,TRAIN
WH041,2021-04-01,Central,88.5179,8.0,258.0,97.6353,TRAIN
WH041,2021-04-01,North,76.6012,28.0,1611.0,91.1687,TRAIN
WH042,2021-04-01,East,81.0166,,739.0,96.0507,TRAIN
WH042,2021-04-01,Central,43.5304,34.0,1360.0,89.7963,TRAIN
WH042,2021-04-01,Central,43.7092,40.0,2495.0,88.0364,TRAIN
WH043,2021-04-01,North,92.3387,38.0,,89.8224,TRAIN
WH043,2021-04-01,West,96.7286,43.0,703.0,90.114,TRAIN
WH043,2021-04-01,East,45.6792,30.0,1136.0,89.7193,TRAIN
WH044,2021-04-01,West,67.5086,,616.0,87.8934,TRAIN
WH044,2021-04-01,East,45.888,15.0,1330.0,95.979,TRAIN
WH044,2021-04-01,North,92.2458,,1619.0,93.888,TRAIN
WH045,2021-04-01,East,90.0846,38.0,2232.0,98.1942,TRAIN
WH045,2021-04-01,South,56.7592,33.0,1216.0,86.971,TRAIN
WH045,2021-04-01,South,50.9378,8.0,146.0,85.0227,TRAIN
WH046,2021-04-01,North,84.3717,33.0,752.0,89.3439,TRAIN
WH046,2021-04-01,East,50.1589,33.0,2426.0,95.8766,TRAIN
WH046,2021-04-01,North,73.5982,29.0,1182.0,90.3496,TRAIN
WH047,2021-04-01,East,47.0895,38.0,898.0,95.0367,TRAIN
WH047,2021-04-01,East,49.8473,32.0,525.0,88.7372,TRAIN
WH047,2021-04-01,Central,,26.0,931.0,98.4201,TRAIN
WH048,2021-04-01,North,57.035,5.0,1739.0,91.3218,TRAIN
WH048,2021-04-01,West,96.1779,23.0,404.0,94.7387,TRAIN
WH048,2021-04-01,Central,66.5608,44.0,698.0,,TRAIN
WH049,2021-04-01,West,69.19,11.0,479.0,90.5741,TRAIN
WH049,2021-04-01,North,78.5716,23.0,358.0,97.358,TRAIN
WH049,2021-04-01,Central,87.955,43.0,1544.0,94.0868,TRAIN
WH050,2021-04-01,West,57.4277,43.0,1994.0,85.4704,TRAIN
WH050,2021-04-01,North,90.4318,6.0,365.0,98.897,TRAIN
WH050,2021-04-01,North,93.0724,43.0,1891.0,93.9764,TRAIN
WH001,2021-05-01,South,95.7566,31.0,2476.0,89.3045,TRAIN
WH001,2021-05-01,South,45.9725,19.0,457.0,86.5851,TRAIN
WH001,2021-05-01,North,75.1226,12.0,1721.0,93.812,TRAIN
WH002,2021-05-01,North,50.623,22.0,251.0,95.2248,TRAIN
WH002,2021-05-01,South,93.865,6.0,680.0,97.0675,TRAIN
WH002,2021-05-01,East,76.6403,34.0,853.0,94.4938,TRAIN
WH003,2021-05-01,North,60.8906,22.0,2377.0,86.9338,TRAIN
WH003,2021-05-01,East,96.2941,13.0,376.0,93.4824,TRAIN
WH003,2021-05-01,West,83.6998,24.0,1948.0,95.5402,TRAIN
WH004,2021-05-01,West,76.9185,25.0,1985.0,,TRAIN
WH004,2021-05-01,Central,,9.0,429.0,90.6101,TRAIN
WH004,2021-05-01,East,91.3504,5.0,610.0,92.354,TRAIN
WH005,2021-05-01,West,81.7797,18.0,463.0,98.0601,TRAIN
WH005,2021-05-01,Central,53.2579,12.0,1490.0,94.8229,TRAIN
WH005,2021-05-01,Central,69.3202,27.0,2358.0,88.5037,TRAIN
WH006,2021-05-01,South,88.4804,19.0,1985.0,91.5306,TRAIN
WH006,2021-05-01,East,56.9749,37.0,603.0,98.344,TRAIN
WH006,2021-05-01,South,50.7815,24.0,2017.0,94.2087,TRAIN
WH007,2021-05-01,Central,62.5978,44.0,1995.0,91.1765,TRAIN
WH007,2021-05-01,East,77.2964,16.0,1311.0,97.0537,TRAIN
WH007,2021-05-01,South,59.64,34.0,2435.0,94.4553,TRAIN
WH008,2021-05-01,West,77.9814,10.0,1503.0,87.6064,TRAIN
WH008,2021-05-01,North,95.0562,30.0,1721.0,91.9451,TRAIN
WH008,2021-05-01,Central,76.5166,30.0,2356.0,85.0403,TRAIN
WH009,2021-05-01,East,54.1065,32.0,1337.0,90.492,TRAIN
WH009,2021-05-01,Central,86.4383,14.0,1933.0,89.4538,TRAIN
WH009,2021-05-01,West,41.2005,43.0,2164.0,94.4559,TRAIN
WH010,2021-05-01,Central,96.8867,31.0,260.0,92.5684,TRAIN
WH010,2021-05-01,West,84.8388,16.0,384.0,94.2606,TRAIN
WH010,2021-05-01,North,92.1384,31.0,529.0,90.4978,TRAIN
WH011,2021-05-01,Central,93.3285,36.0,,91.5386,TRAIN
WH011,2021-05-01,East,78.3844,,344.0,86.4835,TRAIN
WH011,2021-05-01,Central,51.8474,19.0,2312.0,86.4605,TRAIN
WH012,2021-05-01,West,80.571,28.0,225.0,98.5734,TRAIN
WH012,2021-05-01,East,84.332,20.0,2343.0,,TRAIN
WH012,2021-05-01,East,81.9107,33.0,1951.0,92.9477,TRAIN
WH013,2021-05-01,East,80.2353,33.0,340.0,98.1447,TRAIN
WH013,2021-05-01,West,59.0111,15.0,2467.0,89.6536,TRAIN
WH013,2021-05-01,West,42.5312,30.0,2381.0,93.5942,TRAIN
WH014,2021-05-01,North,87.7929,29.0,1349.0,89.5524,TRAIN
WH014,2021-05-01,North,93.9249,37.0,1028.0,85.056,TRAIN
WH014,2021-05-01,North,89.3714,16.0,1260.0,98.7347,TRAIN
WH015,2021-05-01,North,59.8047,28.0,593.0,94.7459,TRAIN
WH015,2021-05-01,South,62.0073,22.0,2363.0,89.1454,TRAIN
WH015,2021-05-01,Central,73.7183,35.0,438.0,88.4198,TRAIN
WH016,2021-05-01,Central,43.7314,33.0,137.0,89.9577,TRAIN
WH016,2021-05-01,East,53.4836,31.0,221.0,92.1683,TRAIN
WH016,2021-05-01,South,40.9268,20.0,496.0,88.8725,TRAIN
WH017,2021-05-01,West,40.7583,34.0,268.0,,TRAIN
WH017,2021-05-01,West,83.5907,28.0,147.0,91.5722,TRAIN
WH017,2021-05-01,South,50.0412,24.0,2029.0,90.0494,TRAIN
WH018,2021-05-01,West,55.5465,,697.0,95.6305,TRAIN
WH018,2021-05-01,Central,74.8069,18.0,2355.0,89.4396,TRAIN
WH018,2021-05-01,East,82.2449,11.0,1659.0,89.486,TRAIN
WH019,2021-05-01,South,68.7132,39.0,1244.0,96.614,TRAIN
WH019,2021-05-01,North,71.2042,6.0,1942.0,97.2488,TRAIN
WH019,2021-05-01,North,,41.0,,93.5967,TRAIN
WH020,2021-05-01,North,78.9625,6.0,1653.0,85.3945,TRAIN
WH020,2021-05-01,South,84.2464,10.0,656.0,94.9497,TRAIN
WH020,2021-05-01,East,87.4675,29.0,509.0,97.417,TRAIN
WH021,2021-05-01,North,86.142,34.0,565.0,87.8778,TRAIN
WH021,2021-05-01,North,96.3642,10.0,1137.0,90.645,TRAIN
WH021,2021-05-01,North,40.4535,24.0,1751.0,88.7368,TRAIN
WH022,2021-05-01,Central,78.9206,28.0,979.0,87.9549,TRAIN
WH022,2021-05-01,East,,15.0,1043.0,88.0624,TRAIN
WH022,2021-05-01,South,73.5256,43.0,2348.0,93.7635,TRAIN
WH023,2021-05-01,Central,57.3401,38.0,274.0,96.1418,TRAIN
WH023,2021-05-01,East,59.9231,10.0,323.0,86.9786,TRAIN
WH023,2021-05-01,Central,59.1754,31.0,365.0,92.4468,TRAIN
WH024,2021-05-01,Central,42.3173,30.0,964.0,,TRAIN
WH024,2021-05-01,West,87.0022,37.0,2115.0,89.4535,TRAIN
WH024,2021-05-01,Central,96.7557,20.0,329.0,91.703,TRAIN
WH025,2021-05-01,West,74.4504,34.0,2240.0,95.9652,TRAIN
WH025,2021-05-01,West,82.893,22.0,2485.0,91.3506,TRAIN
WH025,2021-05-01,South,82.1768,35.0,2140.0,85.7172,TRAIN
WH026,2021-05-01,West,70.2895,41.0,1153.0,92.0088,TRAIN
WH026,2021-05-01,East,,,791.0,94.9448,TRAIN
WH026,2021-05-01,Central,80.4586,,578.0,91.7259,TRAIN
WH027,2021-05-01,North,93.4544,28.0,1982.0,88.6447,TRAIN
WH027,2021-05-01,East,,21.0,2212.0,86.9923,TRAIN
WH027,2021-05-01,South,51.83,18.0,2430.0,90.6804,TRAIN
WH028,2021-05-01,North,56.9048,17.0,2404.0,97.5556,TRAIN
WH028,2021-05-01,South,48.6577,21.0,1346.0,89.3285,TRAIN
WH028,2021-05-01,South,65.4195,8.0,1489.0,93.1779,TRAIN
WH029,2021-05-01,South,67.3877,16.0,732.0,86.0589,TRAIN
WH029,2021-05-01,South,95.8274,35.0,1026.0,85.9175,TRAIN
WH029,2021-05-01,East,68.8249,6.0,584.0,88.8726,TRAIN
WH030,2021-05-01,West,82.3657,40.0,427.0,87.9436,TRAIN
WH030,2021-05-01,East,73.1211,14.0,793.0,96.0054,TRAIN
WH030,2021-05-01,North,50.3568,31.0,2370.0,91.5048,TRAIN
WH031,2021-05-01,West,64.0453,7.0,497.0,85.9909,TRAIN
WH031,2021-05-01,South,88.5036,21.0,1811.0,93.0403,TRAIN
WH031,2021-05-01,Central,90.324,21.0,1524.0,93.8193,TRAIN
WH032,2021-05-01,West,83.3961,22.0,1003.0,95.3469,TRAIN
WH032,2021-05-01,West,76.2395,38.0,2230.0,96.7867,TRAIN
WH032,2021-05-01,South,90.069,21.0,517.0,93.0563,TRAIN
WH033,2021-05-01,Central,59.5151,33.0,1118.0,85.8531,TRAIN
WH033,2021-05-01,South,93.6183,,409.0,98.6946,TRAIN
WH033,2021-05-01,West,92.9944,7.0,1866.0,91.7388,TRAIN
WH034,2021-05-01,North,,24.0,1485.0,92.1096,TRAIN
WH034,2021-05-01,Central,89.6566,5.0,2057.0,85.4309,TRAIN
WH034,2021-05-01,East,97.2969,30.0,1984.0,85.54,TRAIN
WH035,2021-05-01,East,62.7731,12.0,,94.8732,TRAIN
WH035,2021-05-01,East,59.7683,40.0,489.0,96.3056,TRAIN
WH035,2021-05-01,North,53.4858,19.0,222.0,96.4547,TRAIN
WH036,2021-05-01,South,,18.0,1136.0,98.8743,TRAIN
WH036,2021-05-01,North,55.1879,12.0,1225.0,93.6548,TRAIN
WH036,2021-05-01,West,84.7378,43.0,1755.0,97.2161,TRAIN
WH037,2021-05-01,North,60.5195,35.0,1209.0,87.6291,TRAIN
WH037,2021-05-01,South,57.573,20.0,1927.0,,TRAIN
WH037,2021-05-01,North,89.6341,,751.0,91.5473,TRAIN
WH038,2021-05-01,North,45.2465,37.0,237.0,97.8268,TRAIN
WH038,2021-05-01,Central,64.2585,26.0,1700.0,91.1741,TRAIN
WH038,2021-05-01,East,70.9568,27.0,103.0,90.295,TRAIN
WH039,2021-05-01,East,94.3635,9.0,471.0,94.6768,TRAIN
WH039,2021-05-01,West,95.6834,41.0,2480.0,93.459,TRAIN
WH039,2021-05-01,West,50.9699,26.0,354.0,98.7065,TRAIN
WH040,2021-05-01,North,80.698,32.0,896.0,,TRAIN
WH040,2021-05-01,Central,59.3024,14.0,338.0,92.5031,TRAIN
WH040,2021-05-01,West,64.7687,7.0,1312.0,87.3288,TRAIN
WH041,2021-05-01,Central,61.0969,33.0,1664.0,95.4771,TRAIN
WH041,2021-05-01,East,74.9036,44.0,1926.0,98.7964,TRAIN
WH041,2021-05-01,Central,64.104,25.0,1012.0,87.1637,TRAIN
WH042,2021-05-01,West,40.5757,30.0,2136.0,92.0017,TRAIN
WH042,2021-05-01,South,91.1364,16.0,1592.0,93.9568,TRAIN
WH042,2021-05-01,West,42.8717,39.0,1620.0,92.2696,TRAIN
WH043,2021-05-01,North,56.2802,,1410.0,87.9312,TRAIN
WH043,2021-05-01,West,89.0425,42.0,1471.0,92.5139,TRAIN
WH043,2021-05-01,West,77.6423,10.0,,85.8128,TRAIN
WH044,2021-05-01,South,52.8493,28.0,939.0,91.8331,TRAIN
WH044,2021-05-01,East,54.0003,15.0,2095.0,91.0107,TRAIN
WH044,2021-05-01,South,53.1409,43.0,,85.342,TRAIN
WH045,2021-05-01,West,97.7382,37.0,211.0,85.0751,TRAIN
WH045,2021-05-01,West,45.074,11.0,1058.0,87.8815,TRAIN
WH045,2021-05-01,East,60.3107,18.0,2367.0,87.2046,TRAIN
WH046,2021-05-01,North,42.3102,43.0,1676.0,98.7046,TRAIN
WH046,2021-05-01,East,86.5013,44.0,645.0,,TRAIN
WH046,2021-05-01,East,86.5273,43.0,1615.0,96.6845,TRAIN
WH047,2021-05-01,West,52.5227,36.0,1316.0,90.6334,TRAIN
WH047,2021-05-01,South,51.747,29.0,1082.0,97.8107,TRAIN
WH047,2021-05-01,South,76.8898,37.0,1627.0,89.8714,TRAIN
WH048,2021-05-01,Central,94.3103,24.0,421.0,93.4261,TRAIN
WH048,2021-05-01,South,96.2901,32.0,1862.0,90.8565,TRAIN
WH048,2021-05-01,South,57.456,14.0,1144.0,86.8257,TRAIN
WH049,2021-05-01,North,76.7933,35.0,1083.0,93.1329,TRAIN
WH049,2021-05-01,North,68.6791,32.0,2008.0,96.0136,TRAIN
WH049,2021-05-01,West,65.2013,43.0,,90.9063,TRAIN
WH050,2021-05-01,East,83.7623,40.0,1008.0,88.3504,TRAIN
WH050,2021-05-01,North,90.863,38.0,286.0,98.9267,TRAIN
WH050,2021-05-01,Central,45.7005,6.0,2260.0,97.6466,TRAIN
WH001,2021-06-01,East,55.0005,8.0,1214.0,97.1464,TRAIN
WH001,2021-06-01,West,61.3024,19.0,2250.0,92.8608,TRAIN
WH001,2021-06-01,South,49.2468,25.0,690.0,86.4551,TRAIN
WH002,2021-06-01,South,76.8114,18.0,2183.0,89.8155,TRAIN
WH002,2021-06-01,North,58.4993,23.0,2285.0,98.6998,TRAIN
WH002,2021-06-01,East,69.6438,7.0,610.0,92.4872,TRAIN
WH003,2021-06-01,South,60.2469,34.0,,92.2504,TRAIN
WH003,2021-06-01,Central,87.3544,38.0,377.0,96.2195,TRAIN
WH003,2021-06-01,South,62.8418,20.0,1231.0,91.4932,TRAIN
WH004,2021-06-01,East,53.5399,33.0,878.0,91.0962,TRAIN
WH004,2021-06-01,North,42.2431,33.0,1568.0,91.9813,TRAIN
WH004,2021-06-01,Central,55.9603,20.0,426.0,86.1274,TRAIN
WH005,2021-06-01,South,81.9311,30.0,532.0,91.4744,TRAIN
WH005,2021-06-01,Central,55.4527,36.0,863.0,93.8518,TRAIN
WH005,2021-06-01,Central,81.8442,29.0,1564.0,97.5069,TRAIN
WH006,2021-06-01,North,91.2358,28.0,418.0,98.3297,TRAIN
WH006,2021-06-01,North,56.6321,18.0,2493.0,86.2972,TRAIN
WH006,2021-06-01,South,70.4086,16.0,276.0,97.0709,TRAIN
WH007,2021-06-01,West,89.6835,43.0,2104.0,97.0734,TRAIN
WH007,2021-06-01,South,58.8156,36.0,1712.0,95.9422,TRAIN
WH007,2021-06-01,Central,40.178,12.0,1820.0,95.8558,TRAIN
WH008,2021-06-01,East,78.7191,42.0,1290.0,92.4282,TRAIN
WH008,2021-06-01,North,55.5599,23.0,1926.0,98.7634,TRAIN
WH008,2021-06-01,Central,74.7103,29.0,363.0,97.2925,TRAIN
WH009,2021-06-01,South,78.5327,21.0,1611.0,94.3979,TRAIN
WH009,2021-06-01,East,74.1479,5.0,1325.0,97.7809,TRAIN
WH009,2021-06-01,West,48.9656,24.0,1191.0,93.9447,TRAIN
WH010,2021-06-01,South,51.4216,20.0,106.0,90.6224,TRAIN
WH010,2021-06-01,North,66.9867,43.0,2141.0,,TRAIN
WH010,2021-06-01,Central,87.4089,8.0,730.0,87.5732,TRAIN
WH011,2021-06-01,North,97.275,40.0,1585.0,88.9224,TRAIN
WH011,2021-06-01,West,90.1636,37.0,173.0,91.8814,TRAIN
WH011,2021-06-01,Central,76.4982,44.0,819.0,86.0617,TRAIN
WH012,2021-06-01,North,77.4497,44.0,139.0,92.0119,TRAIN
WH012,2021-06-01,South,41.1104,39.0,2021.0,87.3302,TRAIN
WH012,2021-06-01,West,77.7683,42.0,1429.0,96.1451,TRAIN
WH013,2021-06-01,North,92.1402,43.0,1353.0,91.8547,TRAIN
WH013,2021-06-01,North,70.6206,24.0,2065.0,90.881,TRAIN
WH013,2021-06-01,North,71.6722,40.0,549.0,94.9215,TRAIN
WH014,2021-06-01,Central,64.2757,16.0,1206.0,85.0986,TRAIN
WH014,2021-06-01,North,46.5762,39.0,984.0,85.4337,TRAIN
WH014,2021-06-01,South,68.4512,30.0,1106.0,92.2728,TRAIN
WH015,2021-06-01,South,48.7259,35.0,2006.0,89.8237,TRAIN
WH015,2021-06-01,Central,66.9921,36.0,2415.0,90.3897,TRAIN
WH015,2021-06-01,South,,34.0,1837.0,90.3672,TRAIN
WH016,2021-06-01,Central,57.8183,12.0,1946.0,89.6138,TRAIN
WH016,2021-06-01,East,55.4518,23.0,2225.0,90.5709,TRAIN
WH016,2021-06-01,West,58.7286,21.0,1772.0,89.1204,TRAIN
WH017,2021-06-01,Central,91.5321,25.0,2360.0,94.2007,TRAIN
WH017,2021-06-01,South,50.2937,5.0,814.0,92.5135,TRAIN
WH017,2021-06-01,East,58.0094,11.0,1223.0,96.1716,TRAIN
WH018,2021-06-01,West,72.8574,13.0,143.0,87.0903,TRAIN
WH018,2021-06-01,West,52.9705,9.0,2256.0,86.7355,TRAIN
WH018,2021-06-01,Central,48.2008,21.0,1904.0,94.0857,TRAIN
WH019,2021-06-01,Central,69.5412,20.0,646.0,87.7432,TRAIN
WH019,2021-06-01,Central,,18.0,2188.0,91.5756,TRAIN
WH019,2021-06-01,West,71.2112,11.0,2291.0,95.6793,TRAIN
WH020,2021-06-01,Central,41.8884,27.0,1494.0,87.5064,TRAIN
WH020,2021-06-01,East,41.1068,31.0,2443.0,98.1614,TRAIN
WH020,2021-06-01,North,59.0101,16.0,1061.0,93.5147,TRAIN
WH021,2021-06-01,West,63.0896,32.0,1752.0,88.2671,TRAIN
WH021,2021-06-01,North,74.1776,,1861.0,89.3439,TRAIN
WH021,2021-06-01,Central,79.9158,20.0,1953.0,97.6256,TRAIN
WH022,2021-06-01,South,61.4408,24.0,113.0,89.6857,TRAIN
WH022,2021-06-01,South,63.8656,23.0,1321.0,97.6351,TRAIN
WH022,2021-06-01,West,51.7213,16.0,1833.0,86.2591,TRAIN
WH023,2021-06-01,South,69.959,,703.0,98.8749,TRAIN
WH023,2021-06-01,West,53.042,5.0,1017.0,95.7769,TRAIN
WH023,2021-06-01,West,66.5299,11.0,603.0,,TRAIN
WH024,2021-06-01,East,49.3712,19.0,2357.0,87.4732,TRAIN
WH024,2021-06-01,Central,80.574,35.0,1647.0,92.1836,TRAIN
WH024,2021-06-01,South,62.1846,27.0,2025.0,,TRAIN
WH025,2021-06-01,North,64.832,35.0,1125.0,87.117,TRAIN
WH025,2021-06-01,West,81.3538,41.0,1566.0,89.2391,TRAIN
WH025,2021-06-01,West,77.3883,11.0,2119.0,94.8955,TRAIN
WH026,2021-06-01,East,92.57,27.0,1870.0,87.2253,TRAIN
WH026,2021-06-01,South,44.1493,5.0,281.0,88.0642,TRAIN
WH026,2021-06-01,South,66.3852,35.0,818.0,94.798,TRAIN
WH027,2021-06-01,South,61.5297,32.0,1836.0,89.2346,TRAIN
WH027,2021-06-01,East,91.3975,20.0,2160.0,98.3841,TRAIN
WH027,2021-06-01,South,40.7533,27.0,725.0,88.8772,TRAIN
WH028,2021-06-01,South,52.9689,16.0,861.0,87.0185,TRAIN
WH028,2021-06-01,Central,46.2074,18.0,971.0,96.2376,TRAIN
WH028,2021-06-01,Central,61.6107,11.0,176.0,93.8721,TRAIN
WH029,2021-06-01,West,46.3427,32.0,567.0,,TRAIN
WH029,2021-06-01,West,85.6705,27.0,200.0,91.3653,TRAIN
WH029,2021-06-01,South,49.4832,10.0,1101.0,86.9154,TRAIN
WH030,2021-06-01,East,61.9684,33.0,432.0,97.9823,TRAIN
WH030,2021-06-01,Central,78.6517,31.0,2093.0,98.1815,TRAIN
WH030,2021-06-01,North,46.2614,36.0,284.0,95.8907,TRAIN
WH031,2021-06-01,East,84.5182,36.0,1530.0,95.1118,TRAIN
WH031,2021-06-01,North,97.5234,26.0,2449.0,91.542,TRAIN
WH031,2021-06-01,North,86.3307,36.0,788.0,86.8675,TRAIN
WH032,2021-06-01,East,,36.0,1607.0,96.7425,TRAIN
WH032,2021-06-01,Central,90.1665,28.0,1095.0,88.4127,TRAIN
WH032,2021-06-01,South,88.0454,26.0,504.0,97.1144,TRAIN
WH033,2021-06-01,South,96.3918,8.0,,94.9272,TRAIN
WH033,2021-06-01,West,86.426,7.0,681.0,89.0083,TRAIN
WH033,2021-06-01,West,50.8183,30.0,1987.0,93.8181,TRAIN
WH034,2021-06-01,South,56.0147,27.0,1748.0,85.68,TRAIN
WH034,2021-06-01,East,68.4333,7.0,912.0,88.9971,TRAIN
WH034,2021-06-01,Central,43.11,20.0,969.0,88.8346,TRAIN
WH035,2021-06-01,South,61.7969,14.0,,90.3979,TRAIN
WH035,2021-06-01,Central,80.5886,26.0,626.0,91.8833,TRAIN
WH035,2021-06-01,South,42.7368,21.0,1469.0,86.4226,TRAIN
WH036,2021-06-01,South,82.1367,40.0,1834.0,97.9855,TRAIN
WH036,2021-06-01,Central,86.2133,15.0,1388.0,92.8791,TRAIN
WH036,2021-06-01,East,82.5981,11.0,1494.0,,TRAIN
WH037,2021-06-01,West,61.2921,34.0,1831.0,98.9773,TRAIN
WH037,2021-06-01,East,73.6441,27.0,1280.0,98.9178,TRAIN
WH037,2021-06-01,West,97.0829,16.0,1097.0,85.7858,TRAIN
WH038,2021-06-01,East,86.3638,37.0,2365.0,90.8913,TRAIN
WH038,2021-06-01,South,42.5029,20.0,1393.0,89.5591,TRAIN
WH038,2021-06-01,North,63.9844,6.0,957.0,88.9406,TRAIN
WH039,2021-06-01,West,51.9208,28.0,630.0,95.6422,TRAIN
WH039,2021-06-01,North,93.4223,24.0,2031.0,91.6015,TRAIN
WH039,2021-06-01,North,78.867,27.0,2192.0,97.3731,TRAIN
WH040,2021-06-01,East,78.245,16.0,173.0,86.9608,TRAIN
WH040,2021-06-01,South,87.2061,28.0,1819.0,91.2362,TRAIN
WH040,2021-06-01,Central,96.2188,35.0,364.0,86.4889,TRAIN
WH041,2021-06-01,East,80.5115,33.0,977.0,92.2486,TRAIN
WH041,2021-06-01,East,67.7195,43.0,2298.0,97.1326,TRAIN
WH041,2021-06-01,Central,83.2422,28.0,2114.0,92.394,TRAIN
WH042,2021-06-01,South,67.8656,36.0,1775.0,87.374,TRAIN
WH042,2021-06-01,North,69.0926,27.0,2331.0,92.9342,TRAIN
WH042,2021-06-01,South,91.3379,23.0,427.0,90.7557,TRAIN
WH043,2021-06-01,North,85.3018,37.0,221.0,91.1837,TRAIN
WH043,2021-06-01,Central,77.0297,42.0,700.0,98.4161,TRAIN
WH043,2021-06-01,Central,58.616,43.0,,94.3439,TRAIN
WH044,2021-06-01,West,61.9202,31.0,1617.0,97.4804,TRAIN
WH044,2021-06-01,South,65.1494,19.0,2081.0,95.7495,TRAIN
WH044,2021-06-01,Central,49.5201,34.0,1747.0,85.4622,TRAIN
WH045,2021-06-01,Central,76.3767,31.0,1799.0,88.8025,TRAIN
WH045,2021-06-01,South,85.8809,23.0,701.0,89.9583,TRAIN
WH045,2021-06-01,South,42.7624,24.0,508.0,85.1771,TRAIN
WH046,2021-06-01,North,64.5469,40.0,848.0,85.8933,TRAIN
WH046,2021-06-01,Central,90.369,14.0,1493.0,95.8102,TRAIN
WH046,2021-06-01,Central,64.7554,11.0,1907.0,95.181,TRAIN
WH047,2021-06-01,North,65.1837,16.0,2488.0,90.0251,TRAIN
WH047,2021-06-01,South,40.0298,36.0,2382.0,88.2245,TRAIN
WH047,2021-06-01,North,63.3327,20.0,605.0,85.9962,TRAIN
WH048,2021-06-01,West,52.2085,27.0,1492.0,88.2774,TRAIN
WH048,2021-06-01,South,71.3094,36.0,2287.0,95.5602,TRAIN
WH048,2021-06-01,Central,96.1272,28.0,1166.0,85.2602,TRAIN
WH049,2021-06-01,West,65.4941,35.0,204.0,88.9066,TRAIN
WH049,2021-06-01,East,93.8765,5.0,1075.0,92.8043,TRAIN
WH049,2021-06-01,West,73.3493,5.0,1909.0,,TRAIN
WH050,2021-06-01,Central,95.2809,44.0,613.0,92.4397,TRAIN
WH050,2021-06-01,Central,77.3441,26.0,1270.0,87.2016,TRAIN
WH050,2021-06-01,South,51.8177,11.0,1921.0,90.9171,TRAIN
WH001,2021-07-01,West,41.9005,40.0,713.0,75.383,TRAIN
WH001,2021-07-01,Central,61.4489,16.0,2469.0,70.851,TRAIN
WH001,2021-07-01,North,74.3933,42.0,885.0,75.9114,TRAIN
WH002,2021-07-01,North,45.7783,28.0,243.0,75.4006,TRAIN
WH002,2021-07-01,Central,93.809,36.0,106.0,72.367,TRAIN
WH002,2021-07-01,East,73.5467,30.0,591.0,71.4362,TRAIN
WH003,2021-07-01,Central,97.0861,22.0,444.0,70.53,TRAIN
WH003,2021-07-01,West,50.6282,41.0,2001.0,76.2537,TRAIN
WH003,2021-07-01,West,71.9964,16.0,2088.0,75.6705,TRAIN
WH004,2021-07-01,East,70.1217,26.0,401.0,72.9871,TRAIN
WH004,2021-07-01,West,78.8574,34.0,2413.0,70.107,TRAIN
WH004,2021-07-01,East,67.9279,27.0,2285.0,70.0701,TRAIN
WH005,2021-07-01,Central,44.2617,13.0,717.0,75.3944,TRAIN
WH005,2021-07-01,North,89.1725,40.0,603.0,75.8343,TRAIN
WH005,2021-07-01,Central,86.4124,42.0,1260.0,75.8183,TRAIN
WH006,2021-07-01,East,74.2744,32.0,2233.0,77.0659,TRAIN
WH006,2021-07-01,West,55.56,38.0,,76.474,TRAIN
WH006,2021-07-01,East,68.4218,44.0,224.0,74.138,TRAIN
WH007,2021-07-01,East,47.8743,22.0,1095.0,70.8903,TRAIN
WH007,2021-07-01,East,77.39,22.0,1589.0,72.3564,TRAIN
WH007,2021-07-01,Central,52.0733,37.0,664.0,74.611,TRAIN
WH008,2021-07-01,South,71.5387,29.0,2477.0,74.0459,TRAIN
WH008,2021-07-01,North,55.7421,34.0,2300.0,76.2415,TRAIN
WH008,2021-07-01,North,88.134,16.0,1358.0,76.2685,TRAIN
WH009,2021-07-01,North,85.8104,34.0,2090.0,74.8569,TRAIN
WH009,2021-07-01,West,51.9495,30.0,2376.0,73.6527,TRAIN
WH009,2021-07-01,South,72.8408,,1251.0,76.582,TRAIN
WH010,2021-07-01,Central,69.7369,15.0,2134.0,74.8978,TRAIN
WH010,2021-07-01,North,88.5056,6.0,,70.2648,TRAIN
WH010,2021-07-01,North,91.8301,35.0,1365.0,77.3657,TRAIN
WH011,2021-07-01,North,52.8117,33.0,1580.0,73.7969,TRAIN
WH011,2021-07-01,Central,63.3657,38.0,1525.0,74.1917,TRAIN
WH011,2021-07-01,Central,80.8735,25.0,1887.0,73.7738,TRAIN
WH012,2021-07-01,West,83.5418,26.0,1446.0,71.2376,TRAIN
WH012,2021-07-01,South,73.1067,,2446.0,74.1678,TRAIN
WH012,2021-07-01,North,67.6494,33.0,631.0,72.9176,TRAIN
WH013,2021-07-01,North,97.3632,19.0,993.0,70.5763,TRAIN
WH013,2021-07-01,South,89.4859,35.0,163.0,70.3916,TRAIN
WH013,2021-07-01,Central,41.3648,15.0,1613.0,74.4016,TRAIN
WH014,2021-07-01,North,48.3121,36.0,843.0,70.9971,TRAIN
WH014,2021-07-01,West,50.4259,30.0,753.0,70.8005,TRAIN
WH014,2021-07-01,South,49.8883,39.0,830.0,74.3961,TRAIN
WH015,2021-07-01,East,65.8233,20.0,,73.8349,TRAIN
WH015,2021-07-01,West,95.6681,34.0,680.0,74.6251,TRAIN
WH015,2021-07-01,North,92.0059,25.0,550.0,76.2677,TRAIN
WH016,2021-07-01,East,97.6631,26.0,955.0,77.8421,TRAIN
WH016,2021-07-01,South,84.6131,37.0,443.0,76.3109,TRAIN
WH016,2021-07-01,South,50.3576,11.0,1013.0,75.9354,TRAIN
WH017,2021-07-01,South,79.3327,7.0,1159.0,75.9142,TRAIN
WH017,2021-07-01,Central,75.5223,21.0,1187.0,74.4778,TRAIN
WH017,2021-07-01,West,42.2048,27.0,927.0,73.7592,TRAIN
WH018,2021-07-01,West,96.0336,17.0,120.0,73.1832,TRAIN
WH018,2021-07-01,South,48.7676,33.0,628.0,70.2507,TRAIN
WH018,2021-07-01,South,,9.0,1198.0,75.5814,TRAIN
WH019,2021-07-01,North,70.7793,31.0,584.0,76.7227,TRAIN
WH019,2021-07-01,South,,24.0,1852.0,76.1438,TRAIN
WH019,2021-07-01,Central,92.1168,33.0,1080.0,76.9544,TRAIN
WH020,2021-07-01,West,85.1082,34.0,2149.0,71.2224,TRAIN
WH020,2021-07-01,West,91.4843,24.0,2016.0,76.3673,TRAIN
WH020,2021-07-01,West,96.4979,14.0,1327.0,76.3464,TRAIN
WH021,2021-07-01,West,96.4063,20.0,1227.0,77.2171,TRAIN
WH021,2021-07-01,East,85.4562,27.0,1011.0,72.0216,TRAIN
WH021,2021-07-01,East,77.1429,11.0,2396.0,71.7992,TRAIN
WH022,2021-07-01,Central,89.2958,21.0,2460.0,,TRAIN
WH022,2021-07-01,East,72.9921,24.0,1767.0,76.7901,TRAIN
WH022,2021-07-01,South,64.4968,16.0,2414.0,74.2501,TRAIN
WH023,2021-07-01,East,85.2113,33.0,768.0,72.8883,TRAIN
WH023,2021-07-01,Central,68.6646,36.0,1362.0,71.3693,TRAIN
WH023,2021-07-01,North,80.4882,36.0,2055.0,71.2645,TRAIN
WH024,2021-07-01,South,60.1654,7.0,1210.0,74.2912,TRAIN
WH024,2021-07-01,East,44.7909,43.0,337.0,73.8609,TRAIN
WH024,2021-07-01,Central,57.7944,36.0,2335.0,71.8462,TRAIN
WH025,2021-07-01,Central,68.8102,44.0,966.0,75.0278,TRAIN
WH025,2021-07-01,East,70.3206,,1284.0,74.7393,TRAIN
WH025,2021-07-01,North,80.4736,6.0,653.0,74.0506,TRAIN
WH026,2021-07-01,Central,84.3335,17.0,2059.0,75.1167,TRAIN
WH026,2021-07-01,East,54.9607,5.0,1017.0,73.4557,TRAIN
WH026,2021-07-01,West,53.4809,23.0,1723.0,71.4101,TRAIN
WH027,2021-07-01,South,95.4038,32.0,2291.0,72.1022,TRAIN
WH027,2021-07-01,South,66.4031,37.0,1101.0,71.5089,TRAIN
WH027,2021-07-01,North,72.4922,23.0,868.0,77.7744,TRAIN
WH028,2021-07-01,Central,91.8758,23.0,860.0,75.8814,TRAIN
WH028,2021-07-01,North,40.0637,12.0,1573.0,71.24,TRAIN
WH028,2021-07-01,Central,65.8327,36.0,417.0,72.8697,TRAIN
WH029,2021-07-01,Central,,18.0,1722.0,77.8147,TRAIN
WH029,2021-07-01,West,72.9674,37.0,2115.0,72.6887,TRAIN
WH029,2021-07-01,West,57.4044,17.0,1043.0,76.3902,TRAIN
WH030,2021-07-01,South,47.4133,31.0,2065.0,76.3887,TRAIN
WH030,2021-07-01,West,45.7179,23.0,745.0,70.6344,TRAIN
WH030,2021-07-01,West,97.4939,5.0,2494.0,75.0052,TRAIN
WH031,2021-07-01,North,90.6773,38.0,1769.0,,TRAIN
WH031,2021-07-01,West,73.8164,17.0,586.0,72.9659,TRAIN
WH031,2021-07-01,North,87.2839,26.0,1138.0,70.0385,TRAIN
WH032,2021-07-01,Central,84.3576,18.0,1198.0,74.4402,TRAIN
WH032,2021-07-01,South,80.3768,36.0,2472.0,76.2109,TRAIN
WH032,2021-07-01,West,85.8029,22.0,2320.0,77.4683,TRAIN
WH033,2021-07-01,South,95.4684,34.0,474.0,72.4335,TRAIN
WH033,2021-07-01,South,68.8282,43.0,2381.0,73.0697,TRAIN
WH033,2021-07-01,East,83.8342,36.0,1943.0,71.6744,TRAIN
WH034,2021-07-01,South,93.0743,28.0,197.0,70.517,TRAIN
WH034,2021-07-01,Central,59.9085,23.0,394.0,73.3891,TRAIN
WH034,2021-07-01,North,86.1848,17.0,816.0,71.124,TRAIN
WH035,2021-07-01,West,81.2432,28.0,1013.0,77.4358,TRAIN
WH035,2021-07-01,North,41.5653,8.0,1865.0,70.1621,TRAIN
WH035,2021-07-01,South,45.2859,8.0,1427.0,74.7674,TRAIN
WH036,2021-07-01,East,92.0701,40.0,2426.0,76.8626,TRAIN
WH036,2021-07-01,Central,45.5926,31.0,674.0,77.8847,TRAIN
WH036,2021-07-01,Central,56.2871,18.0,976.0,70.8301,TRAIN
WH037,2021-07-01,Central,69.7368,36.0,770.0,76.4519,TRAIN
WH037,2021-07-01,West,40.068,33.0,989.0,70.5876,TRAIN
WH037,2021-07-01,East,60.7202,24.0,521.0,71.153,TRAIN
WH038,2021-07-01,West,45.3233,29.0,277.0,73.5838,TRAIN
WH038,2021-07-01,South,86.598,7.0,733.0,73.1205,TRAIN
WH038,2021-07-01,West,92.6596,13.0,2419.0,73.4137,TRAIN
WH039,2021-07-01,East,57.5185,27.0,1505.0,71.8876,TRAIN
WH039,2021-07-01,East,93.8904,32.0,2147.0,74.8905,TRAIN
WH039,2021-07-01,East,86.6585,9.0,1320.0,74.3038,TRAIN
WH040,2021-07-01,East,76.672,20.0,1094.0,75.0079,TRAIN
WH040,2021-07-01,West,59.6425,40.0,1794.0,75.9907,TRAIN
WH040,2021-07-01,East,90.0896,36.0,902.0,71.2561,TRAIN
WH041,2021-07-01,Central,82.7107,9.0,350.0,77.7981,TRAIN
WH041,2021-07-01,South,71.0666,26.0,1660.0,71.8472,TRAIN
WH041,2021-07-01,East,95.6344,21.0,1826.0,72.074,TRAIN
WH042,2021-07-01,South,50.8817,16.0,161.0,73.8267,TRAIN
WH042,2021-07-01,North,89.4591,26.0,2176.0,74.529,TRAIN
WH042,2021-07-01,North,71.6793,,1201.0,73.3608,TRAIN
WH043,2021-07-01,East,77.0063,28.0,184.0,72.0294,TRAIN
WH043,2021-07-01,South,47.6859,36.0,1158.0,71.0994,TRAIN
WH043,2021-07-01,South,47.494,,1460.0,72.8312,TRAIN
WH044,2021-07-01,West,97.157,25.0,1437.0,77.0879,TRAIN
WH044,2021-07-01,South,50.4933,36.0,878.0,76.5767,TRAIN
WH044,2021-07-01,North,44.9037,16.0,1289.0,77.8698,TRAIN
WH045,2021-07-01,Central,90.0501,27.0,1771.0,77.6369,TRAIN
WH045,2021-07-01,East,89.7865,19.0,2075.0,75.9208,TRAIN
WH045,2021-07-01,North,75.2038,16.0,1442.0,71.7728,TRAIN
WH046,2021-07-01,Central,54.3183,36.0,528.0,77.1337,TRAIN
WH046,2021-07-01,North,56.1881,24.0,2146.0,77.4148,TRAIN
WH046,2021-07-01,West,89.7221,32.0,153.0,77.7233,TRAIN
WH047,2021-07-01,West,43.2866,13.0,2139.0,75.788,TRAIN
WH047,2021-07-01,North,93.1695,41.0,2359.0,71.5616,TRAIN
WH047,2021-07-01,East,97.6403,30.0,775.0,,TRAIN
WH048,2021-07-01,North,70.6364,16.0,776.0,76.4631,TRAIN
WH048,2021-07-01,South,85.0324,5.0,1157.0,,TRAIN
WH048,2021-07-01,West,85.9573,17.0,903.0,71.8627,TRAIN
WH049,2021-07-01,Central,55.4565,40.0,2464.0,,TRAIN
WH049,2021-07-01,North,,12.0,1987.0,70.0151,TRAIN
WH049,2021-07-01,East,75.0045,30.0,2164.0,73.3489,TRAIN
WH050,2021-07-01,South,66.1995,9.0,2332.0,71.6907,TRAIN
WH050,2021-07-01,East,76.1696,41.0,758.0,72.0185,TRAIN
WH050,2021-07-01,West,78.6929,30.0,2416.0,76.227,TRAIN
WH001,2021-08-01,East,57.5741,12.0,645.0,70.5149,TRAIN
WH001,2021-08-01,East,50.5257,43.0,2131.0,76.7349,TRAIN
WH001,2021-08-01,South,53.7783,29.0,1296.0,75.5283,TRAIN
WH002,2021-08-01,East,53.9849,20.0,2440.0,77.6095,TRAIN
WH002,2021-08-01,South,54.168,42.0,1949.0,74.9587,TRAIN
WH002,2021-08-01,West,53.2661,29.0,142.0,,TRAIN
WH003,2021-08-01,North,58.6385,37.0,178.0,70.6151,TRAIN
WH003,2021-08-01,South,57.8996,8.0,2117.0,77.7509,TRAIN
WH003,2021-08-01,South,45.6096,14.0,1325.0,71.313,TRAIN
WH004,2021-08-01,South,49.7966,37.0,2335.0,77.7328,TRAIN
WH004,2021-08-01,East,55.0846,21.0,1362.0,73.7393,TRAIN
WH004,2021-08-01,East,50.0136,32.0,1379.0,72.307,TRAIN
WH005,2021-08-01,North,58.0397,21.0,1000.0,70.0081,TRAIN
WH005,2021-08-01,South,47.108,34.0,1496.0,73.7845,TRAIN
WH005,2021-08-01,West,55.0064,13.0,303.0,,TRAIN
WH006,2021-08-01,East,48.6622,15.0,1413.0,73.1855,TRAIN
WH006,2021-08-01,West,58.3493,8.0,2024.0,,TRAIN
WH006,2021-08-01,Central,55.2197,44.0,1968.0,77.7496,TRAIN
WH007,2021-08-01,East,55.7653,24.0,1703.0,70.651,TRAIN
WH007,2021-08-01,West,50.9505,38.0,484.0,72.7281,TRAIN
WH007,2021-08-01,Central,54.0023,20.0,2491.0,75.7088,TRAIN
WH008,2021-08-01,West,53.5813,39.0,466.0,72.553,TRAIN
WH008,2021-08-01,North,,44.0,2021.0,70.7324,TRAIN
WH008,2021-08-01,East,53.2773,28.0,213.0,70.9451,TRAIN
WH009,2021-08-01,South,57.5921,13.0,1432.0,76.7235,TRAIN
WH009,2021-08-01,West,47.0,32.0,2400.0,77.8357,TRAIN
WH009,2021-08-01,Central,55.9397,27.0,2329.0,72.1682,TRAIN
WH010,2021-08-01,South,,14.0,658.0,77.2782,TRAIN
WH010,2021-08-01,Central,45.9736,28.0,201.0,74.6889,TRAIN
WH010,2021-08-01,South,55.1661,34.0,1880.0,72.1363,TRAIN
WH011,2021-08-01,North,47.0442,38.0,1265.0,72.6799,TRAIN
WH011,2021-08-01,North,50.0523,22.0,1998.0,70.229,TRAIN
WH011,2021-08-01,West,46.6764,38.0,388.0,75.4102,TRAIN
WH012,2021-08-01,Central,59.3418,11.0,1700.0,72.3317,TRAIN
WH012,2021-08-01,West,59.9725,,1206.0,75.3818,TRAIN
WH012,2021-08-01,Central,53.2834,30.0,220.0,76.8429,TRAIN
WH013,2021-08-01,North,52.7969,34.0,1201.0,75.5046,TRAIN
WH013,2021-08-01,North,45.5064,14.0,2114.0,71.2829,TRAIN
WH013,2021-08-01,Central,57.631,12.0,493.0,76.7289,TRAIN
WH014,2021-08-01,Central,51.3038,11.0,719.0,77.248,TRAIN
WH014,2021-08-01,East,55.5712,31.0,2472.0,74.7932,TRAIN
WH014,2021-08-01,East,58.4364,22.0,1967.0,,TRAIN
WH015,2021-08-01,West,59.5666,18.0,1961.0,75.3701,TRAIN
WH015,2021-08-01,North,58.9265,12.0,999.0,74.1217,TRAIN
WH015,2021-08-01,Central,45.4938,26.0,2085.0,73.3683,TRAIN
WH016,2021-08-01,South,50.1203,9.0,2293.0,73.4374,TRAIN
WH016,2021-08-01,Central,55.0768,36.0,2078.0,71.3154,TRAIN
WH016,2021-08-01,West,57.2002,33.0,698.0,76.3959,TRAIN
WH017,2021-08-01,South,58.4503,22.0,196.0,71.4476,TRAIN
WH017,2021-08-01,North,48.4664,41.0,271.0,74.1202,TRAIN
WH017,2021-08-01,East,54.8143,7.0,1420.0,73.6865,TRAIN
WH018,2021-08-01,North,48.9484,35.0,1038.0,71.5414,TRAIN
WH018,2021-08-01,South,56.6281,10.0,2430.0,,TRAIN
WH018,2021-08-01,West,58.676,36.0,1620.0,77.5606,TRAIN
WH019,2021-08-01,Central,45.1761,44.0,577.0,77.1744,TRAIN
WH019,2021-08-01,South,50.7682,14.0,1014.0,77.4104,TRAIN
WH019,2021-08-01,West,50.4331,28.0,2376.0,74.7842,TRAIN
WH020,2021-08-01,North,56.7062,33.0,2264.0,72.9279,TRAIN
WH020,2021-08-01,West,,40.0,,71.2916,TRAIN
WH020,2021-08-01,West,57.3362,6.0,1580.0,77.6536,TRAIN
WH021,2021-08-01,North,55.9888,23.0,1196.0,74.6269,TRAIN
WH021,2021-08-01,North,49.2131,8.0,2249.0,74.1606,TRAIN
WH021,2021-08-01,North,51.4091,40.0,927.0,77.5092,TRAIN
WH022,2021-08-01,North,48.247,43.0,535.0,77.5142,TRAIN
WH022,2021-08-01,South,,8.0,1933.0,75.1367,TRAIN
WH022,2021-08-01,East,54.688,8.0,1798.0,70.137,TRAIN
WH023,2021-08-01,East,46.9643,13.0,2214.0,73.2208,TRAIN
WH023,2021-08-01,West,53.985,,1934.0,75.6789,TRAIN
WH023,2021-08-01,North,47.4789,15.0,1662.0,71.3307,TRAIN
WH024,2021-08-01,Central,53.3113,35.0,219.0,75.1709,TRAIN
WH024,2021-08-01,West,56.66,31.0,834.0,72.4729,TRAIN
WH024,2021-08-01,North,51.4964,20.0,229.0,71.8759,TRAIN
WH025,2021-08-01,West,54.6469,15.0,1758.0,70.9656,TRAIN
WH025,2021-08-01,Central,45.8836,27.0,1614.0,71.0714,TRAIN
WH025,2021-08-01,North,56.2284,20.0,1288.0,72.8427,TRAIN
WH026,2021-08-01,West,58.235,36.0,853.0,74.1442,TRAIN
WH026,2021-08-01,West,48.8555,6.0,829.0,77.9956,TRAIN
WH026,2021-08-01,North,59.7666,32.0,,76.3202,TRAIN
WH027,2021-08-01,East,54.1363,26.0,1340.0,75.2492,TRAIN
WH027,2021-08-01,East,47.2506,27.0,587.0,77.1578,TRAIN
WH027,2021-08-01,North,48.6777,21.0,1750.0,75.8783,TRAIN
WH028,2021-08-01,East,50.4789,28.0,2239.0,73.9508,TRAIN
WH028,2021-08-01,Central,56.5363,12.0,591.0,72.3467,TRAIN
WH028,2021-08-01,West,58.1794,23.0,779.0,71.9485,TRAIN
WH029,2021-08-01,East,46.0799,5.0,,75.3531,TRAIN
WH029,2021-08-01,West,59.0181,41.0,617.0,71.0557,TRAIN
WH029,2021-08-01,West,45.7815,8.0,1993.0,73.6595,TRAIN
WH030,2021-08-01,Central,48.1372,44.0,2136.0,70.3478,TRAIN
WH030,2021-08-01,West,45.1586,33.0,1847.0,73.469,TRAIN
WH030,2021-08-01,East,52.5551,18.0,1564.0,76.9539,TRAIN
WH031,2021-08-01,East,46.2761,7.0,1665.0,77.4058,TRAIN
WH031,2021-08-01,West,59.9861,23.0,2050.0,74.9068,TRAIN
WH031,2021-08-01,Central,50.3168,31.0,602.0,71.938,TRAIN
WH032,2021-08-01,South,51.8443,31.0,414.0,77.5939,TRAIN
WH032,2021-08-01,East,46.159,36.0,1758.0,74.3681,TRAIN
WH032,2021-08-01,Central,58.5543,31.0,2215.0,74.9604,TRAIN
WH033,2021-08-01,West,55.5949,43.0,1209.0,70.4392,TRAIN
WH033,2021-08-01,East,55.3829,,1575.0,76.7775,TRAIN
WH033,2021-08-01,North,49.399,18.0,1628.0,73.417,TRAIN
WH034,2021-08-01,Central,52.2997,40.0,504.0,76.4853,TRAIN
WH034,2021-08-01,Central,,32.0,2368.0,70.8545,TRAIN
WH034,2021-08-01,South,,23.0,1326.0,72.2773,TRAIN
WH035,2021-08-01,South,51.8873,35.0,2035.0,77.2561,TRAIN
WH035,2021-08-01,North,52.7646,20.0,710.0,77.3929,TRAIN
WH035,2021-08-01,South,47.8989,21.0,724.0,74.8973,TRAIN
WH036,2021-08-01,South,55.2692,12.0,1031.0,75.6423,TRAIN
WH036,2021-08-01,Central,47.6521,24.0,1618.0,72.9006,TRAIN
WH036,2021-08-01,East,53.612,32.0,2326.0,74.8735,TRAIN
WH037,2021-08-01,Central,59.5497,37.0,1041.0,77.6241,TRAIN
WH037,2021-08-01,East,54.7273,34.0,1235.0,74.8147,TRAIN
WH037,2021-08-01,Central,56.9325,34.0,1681.0,75.0154,TRAIN
WH038,2021-08-01,West,59.5659,35.0,354.0,76.2372,TRAIN
WH038,2021-08-01,West,52.9259,32.0,1446.0,74.9791,TRAIN
WH038,2021-08-01,East,51.5587,17.0,2253.0,75.1192,TRAIN
WH039,2021-08-01,South,56.9919,13.0,2370.0,70.7356,TRAIN
WH039,2021-08-01,North,56.5388,24.0,1006.0,73.568,TRAIN
WH039,2021-08-01,South,46.5581,24.0,2443.0,73.5786,TRAIN
WH040,2021-08-01,East,48.9583,18.0,771.0,71.6099,TRAIN
WH040,2021-08-01,South,52.3409,40.0,153.0,77.6369,TRAIN
WH040,2021-08-01,North,48.9678,21.0,1607.0,70.28,TRAIN
WH041,2021-08-01,North,54.4666,26.0,456.0,71.2855,TRAIN
WH041,2021-08-01,East,55.0888,12.0,1348.0,73.0881,TRAIN
WH041,2021-08-01,South,51.3868,11.0,1611.0,75.9753,TRAIN
WH042,2021-08-01,South,57.5007,24.0,1660.0,76.9382,TRAIN
WH042,2021-08-01,North,49.7436,44.0,781.0,72.3866,TRAIN
WH042,2021-08-01,Central,53.1089,44.0,583.0,74.6936,TRAIN
WH043,2021-08-01,East,57.8802,17.0,613.0,75.5313,TRAIN
WH043,2021-08-01,North,45.0505,15.0,496.0,77.4106,TRAIN
WH043,2021-08-01,East,53.8733,13.0,820.0,73.9382,TRAIN
WH044,2021-08-01,South,52.1572,42.0,194.0,70.8932,TRAIN
WH044,2021-08-01,North,55.714,12.0,384.0,76.8072,TRAIN
WH044,2021-08-01,South,48.7472,34.0,557.0,72.8024,TRAIN
WH045,2021-08-01,West,57.0416,18.0,912.0,75.6036,TRAIN
WH045,2021-08-01,Central,50.4092,27.0,2235.0,72.4379,TRAIN
WH045,2021-08-01,Central,53.1382,41.0,1509.0,77.5141,TRAIN
WH046,2021-08-01,Central,46.6906,9.0,1822.0,71.3574,TRAIN
WH046,2021-08-01,South,58.8751,38.0,1277.0,72.6538,TRAIN
WH046,2021-08-01,West,46.9494,10.0,870.0,73.9045,TRAIN
WH047,2021-08-01,East,53.2311,11.0,616.0,71.6404,TRAIN
WH047,2021-08-01,West,54.3513,18.0,419.0,76.1916,TRAIN
WH047,2021-08-01,Central,45.7593,44.0,772.0,,TRAIN
WH048,2021-08-01,South,56.1494,29.0,1906.0,75.8579,TRAIN
WH048,2021-08-01,West,53.3998,26.0,571.0,75.8297,TRAIN
WH048,2021-08-01,West,52.3877,38.0,2284.0,76.9761,TRAIN
WH049,2021-08-01,North,52.8263,22.0,955.0,76.4481,TRAIN
WH049,2021-08-01,East,51.9271,40.0,132.0,77.97,TRAIN
WH049,2021-08-01,South,51.1678,19.0,1874.0,74.8169,TRAIN
WH050,2021-08-01,South,50.9127,,1058.0,73.4796,TRAIN
WH050,2021-08-01,Central,49.3643,10.0,1225.0,70.105,TRAIN
WH050,2021-08-01,North,50.3623,43.0,257.0,77.9889,TRAIN
WH001,2021-09-01,East,47.0515,6.0,808.0,76.8466,TRAIN
WH001,2021-09-01,Central,51.7695,7.0,1420.0,73.026,TRAIN
WH001,2021-09-01,West,49.6546,41.0,1437.0,77.1661,TRAIN
WH002,2021-09-01,North,52.7237,8.0,2187.0,70.3527,TRAIN
WH002,2021-09-01,South,47.9011,37.0,650.0,73.0466,TRAIN
WH002,2021-09-01,North,47.1085,40.0,,75.6628,TRAIN
WH003,2021-09-01,East,50.1637,35.0,644.0,70.3673,TRAIN
WH003,2021-09-01,North,54.492,12.0,1554.0,71.3484,TRAIN
WH003,2021-09-01,East,46.3557,41.0,2014.0,75.1623,TRAIN
WH004,2021-09-01,North,52.4828,22.0,825.0,77.5444,TRAIN
WH004,2021-09-01,South,55.6956,26.0,389.0,75.1251,TRAIN
WH004,2021-09-01,East,56.4183,30.0,678.0,70.5851,TRAIN
WH005,2021-09-01,East,46.6932,18.0,2209.0,72.1647,TRAIN
WH005,2021-09-01,Central,57.755,38.0,892.0,70.3587,TRAIN
WH005,2021-09-01,East,55.4747,21.0,355.0,73.0365,TRAIN
WH006,2021-09-01,East,45.3684,40.0,1811.0,70.8903,TRAIN
WH006,2021-09-01,South,50.0318,32.0,499.0,71.1131,TRAIN
WH006,2021-09-01,East,46.046,35.0,2446.0,74.8993,TRAIN
WH007,2021-09-01,East,50.4575,25.0,2000.0,72.3338,TRAIN
WH007,2021-09-01,East,52.8646,38.0,273.0,76.1546,TRAIN
WH007,2021-09-01,West,57.1626,33.0,247.0,73.4594,TRAIN
WH008,2021-09-01,West,54.8997,37.0,351.0,,TRAIN
WH008,2021-09-01,West,51.0751,10.0,506.0,75.5294,TRAIN
WH008,2021-09-01,West,47.2365,18.0,182.0,74.3444,TRAIN
WH009,2021-09-01,South,46.889,38.0,933.0,73.8233,TRAIN
WH009,2021-09-01,East,58.292,32.0,1934.0,73.2407,TRAIN
WH009,2021-09-01,East,53.5001,,413.0,75.7303,TRAIN
WH010,2021-09-01,South,50.6931,16.0,1368.0,72.4534,TRAIN
WH010,2021-09-01,Central,57.0408,9.0,1681.0,76.5419,TRAIN
WH010,2021-09-01,East,57.6494,44.0,498.0,75.665,TRAIN
WH011,2021-09-01,Central,48.1896,,2052.0,71.0418,TRAIN
WH011,2021-09-01,East,51.2488,17.0,1336.0,72.2573,TRAIN
WH011,2021-09-01,Central,53.3842,34.0,645.0,77.2641,TRAIN
WH012,2021-09-01,South,48.3444,44.0,2365.0,77.0937,TRAIN
WH012,2021-09-01,Central,58.4092,18.0,1579.0,75.1821,TRAIN
WH012,2021-09-01,North,56.7081,38.0,2155.0,74.9549,TRAIN
WH013,2021-09-01,South,57.2809,23.0,2489.0,70.1743,TRAIN
WH013,2021-09-01,West,50.2827,8.0,1412.0,76.8702,TRAIN
WH013,2021-09-01,South,51.6069,31.0,2438.0,75.1471,TRAIN
WH014,2021-09-01,East,52.2732,10.0,1096.0,73.1839,TRAIN
WH014,2021-09-01,Central,53.6122,28.0,638.0,73.3631,TRAIN
WH014,2021-09-01,Central,54.6017,16.0,2052.0,70.5554,TRAIN
WH015,2021-09-01,East,52.5773,9.0,1400.0,70.8812,TRAIN
WH015,2021-09-01,South,55.0794,37.0,994.0,70.345,TRAIN
WH015,2021-09-01,East,57.4005,34.0,2380.0,70.0961,TRAIN
WH016,2021-09-01,Central,57.3405,24.0,1284.0,76.6445,TRAIN
WH016,2021-09-01,West,49.634,12.0,1154.0,73.6705,TRAIN
WH016,2021-09-01,East,59.0208,28.0,1337.0,74.2336,TRAIN
WH017,2021-09-01,South,54.4595,7.0,2286.0,71.4229,TRAIN
WH017,2021-09-01,East,57.6987,37.0,535.0,70.566,TRAIN
WH017,2021-09-01,East,56.0854,36.0,740.0,71.4669,TRAIN
WH018,2021-09-01,South,46.4234,9.0,1481.0,73.8836,TRAIN
WH018,2021-09-01,South,56.6715,7.0,1427.0,72.3026,TRAIN
WH018,2021-09-01,North,49.2906,16.0,324.0,72.5783,TRAIN
WH019,2021-09-01,Central,57.1549,32.0,1831.0,73.8159,TRAIN
WH019,2021-09-01,Central,53.0199,26.0,1143.0,77.3137,TRAIN
WH019,2021-09-01,West,47.7329,32.0,2101.0,73.6787,TRAIN
WH020,2021-09-01,Central,58.8355,27.0,1256.0,77.882,TRAIN
WH020,2021-09-01,Central,57.8807,14.0,1113.0,71.5249,TRAIN
WH020,2021-09-01,North,47.8978,13.0,1666.0,71.4279,TRAIN
WH021,2021-09-01,South,51.9898,44.0,2357.0,71.9831,TRAIN
WH021,2021-09-01,East,59.3911,19.0,1157.0,71.2292,TRAIN
WH021,2021-09-01,North,55.6914,6.0,571.0,75.4472,TRAIN
WH022,2021-09-01,East,47.768,43.0,1063.0,70.1757,TRAIN
WH022,2021-09-01,West,52.2113,34.0,,72.9978,TRAIN
WH022,2021-09-01,East,54.7637,40.0,1746.0,74.456,TRAIN
WH023,2021-09-01,North,51.5554,11.0,1415.0,76.9167,TRAIN
WH023,2021-09-01,South,51.9769,24.0,195.0,76.6407,TRAIN
WH023,2021-09-01,North,58.2609,7.0,717.0,77.1392,TRAIN
WH024,2021-09-01,South,49.6772,31.0,136.0,72.5958,TRAIN
WH024,2021-09-01,South,45.2212,42.0,622.0,75.3559,TRAIN
WH024,2021-09-01,North,45.1755,19.0,1428.0,73.838,TRAIN
WH025,2021-09-01,West,59.3772,14.0,370.0,76.8828,TRAIN
WH025,2021-09-01,North,50.6203,42.0,2044.0,71.7206,TRAIN
WH025,2021-09-01,West,48.9971,12.0,206.0,73.5647,TRAIN
WH026,2021-09-01,West,51.8959,10.0,473.0,74.8626,TRAIN
WH026,2021-09-01,Central,56.1726,25.0,1342.0,74.1448,TRAIN
WH026,2021-09-01,South,48.5497,18.0,2120.0,71.0046,TRAIN
WH027,2021-09-01,Central,51.0067,18.0,2062.0,77.4666,TRAIN
WH027,2021-09-01,Central,48.332,17.0,409.0,72.0012,TRAIN
WH027,2021-09-01,South,55.0559,23.0,2438.0,72.1503,TRAIN
WH028,2021-09-01,North,50.0523,35.0,1217.0,74.4053,TRAIN
WH028,2021-09-01,Central,48.6539,38.0,1083.0,70.9653,TRAIN
WH028,2021-09-01,West,49.8742,6.0,2361.0,75.857,TRAIN
WH029,2021-09-01,West,52.1921,28.0,1954.0,75.9614,TRAIN
WH029,2021-09-01,North,50.0792,6.0,1705.0,74.677,TRAIN
WH029,2021-09-01,South,45.4749,34.0,127.0,72.7015,TRAIN
WH030,2021-09-01,Central,49.0261,,1956.0,70.6068,TRAIN
WH030,2021-09-01,South,58.7117,42.0,2169.0,71.665,TRAIN
WH030,2021-09-01,North,58.302,26.0,1922.0,75.4562,TRAIN
WH031,2021-09-01,West,53.2901,36.0,289.0,72.8677,TRAIN
WH031,2021-09-01,West,54.7364,21.0,370.0,75.8092,TRAIN
WH031,2021-09-01,Central,54.2556,27.0,1914.0,72.473,TRAIN
WH032,2021-09-01,West,51.367,38.0,2360.0,73.0272,TRAIN
WH032,2021-09-01,West,56.3407,28.0,266.0,77.7807,TRAIN
WH032,2021-09-01,South,55.3872,24.0,2333.0,77.2435,TRAIN
WH033,2021-09-01,Central,50.2396,15.0,1186.0,71.914,TRAIN
WH033,2021-09-01,West,54.7522,7.0,1586.0,76.0304,TRAIN
WH033,2021-09-01,South,58.2356,15.0,841.0,72.6392,TRAIN
WH034,2021-09-01,West,45.9991,28.0,2186.0,76.5085,TRAIN
WH034,2021-09-01,North,52.4847,37.0,1453.0,70.7224,TRAIN
WH034,2021-09-01,South,51.3363,17.0,610.0,75.3242,TRAIN
WH035,2021-09-01,Central,57.0473,6.0,2429.0,77.2768,TRAIN
WH035,2021-09-01,Central,45.0017,13.0,999.0,77.4939,TRAIN
WH035,2021-09-01,Central,57.1991,7.0,2173.0,72.6659,TRAIN
WH036,2021-09-01,North,55.2157,8.0,1103.0,75.9399,TRAIN
WH036,2021-09-01,East,45.2968,29.0,212.0,74.6451,TRAIN
WH036,2021-09-01,North,59.6665,25.0,2400.0,77.022,TRAIN
WH037,2021-09-01,North,55.517,24.0,2169.0,72.7873,TRAIN
WH037,2021-09-01,Central,57.1768,5.0,1380.0,74.6552,TRAIN
WH037,2021-09-01,North,48.5112,8.0,1408.0,70.0178,TRAIN
WH038,2021-09-01,South,59.7446,9.0,799.0,75.236,TRAIN
WH038,2021-09-01,East,51.4161,19.0,648.0,70.644,TRAIN
WH038,2021-09-01,West,52.7416,42.0,508.0,72.2458,TRAIN
WH039,2021-09-01,East,57.7141,23.0,644.0,72.8698,TRAIN
WH039,2021-09-01,South,52.1752,28.0,277.0,74.393,TRAIN
WH039,2021-09-01,East,45.6233,10.0,1677.0,77.4325,TRAIN
WH040,2021-09-01,Central,52.8831,14.0,1846.0,77.5229,TRAIN
WH040,2021-09-01,East,55.7156,39.0,2196.0,71.422,TRAIN
WH040,2021-09-01,South,58.2686,5.0,2260.0,73.9162,TRAIN
WH041,2021-09-01,East,46.6511,13.0,1566.0,70.6779,TRAIN
WH041,2021-09-01,South,51.4379,32.0,735.0,72.882,TRAIN
WH041,2021-09-01,East,58.0663,20.0,2026.0,74.8174,TRAIN
WH042,2021-09-01,South,54.1806,33.0,464.0,72.729,TRAIN
WH042,2021-09-01,Central,51.998,15.0,1579.0,75.6968,TRAIN
WH042,2021-09-01,South,48.886,39.0,1067.0,70.3315,TRAIN
WH043,2021-09-01,North,52.9745,43.0,944.0,,TRAIN
WH043,2021-09-01,Central,47.3116,13.0,1537.0,73.5303,TRAIN
WH043,2021-09-01,East,54.1018,19.0,1606.0,71.1073,TRAIN
WH044,2021-09-01,North,52.4271,16.0,715.0,72.4055,TRAIN
WH044,2021-09-01,Central,47.2802,15.0,721.0,77.0959,TRAIN
WH044,2021-09-01,North,50.3881,10.0,1137.0,72.4975,TRAIN
WH045,2021-09-01,North,56.2288,24.0,1583.0,75.0207,TRAIN
WH045,2021-09-01,North,59.5063,27.0,1244.0,72.4789,TRAIN
WH045,2021-09-01,West,51.3766,22.0,2142.0,75.6847,TRAIN
WH046,2021-09-01,South,46.7709,6.0,2168.0,72.4806,TRAIN
WH046,2021-09-01,South,56.2672,34.0,1212.0,75.5849,TRAIN
WH046,2021-09-01,East,56.2978,39.0,621.0,72.2956,TRAIN
WH047,2021-09-01,East,49.6645,9.0,1653.0,73.0263,TRAIN
WH047,2021-09-01,South,49.8849,19.0,2097.0,72.5724,TRAIN
WH047,2021-09-01,South,46.111,22.0,1219.0,77.8417,TRAIN
WH048,2021-09-01,South,59.7849,16.0,993.0,70.9228,TRAIN
WH048,2021-09-01,North,57.7303,27.0,840.0,77.7332,TRAIN
WH048,2021-09-01,East,49.6213,42.0,243.0,76.8975,TRAIN
WH049,2021-09-01,Central,57.0601,6.0,957.0,73.905,TRAIN
WH049,2021-09-01,North,45.5162,14.0,403.0,74.2882,TRAIN
WH049,2021-09-01,Central,59.3477,21.0,1961.0,73.803,TRAIN
WH050,2021-09-01,West,58.1523,6.0,127.0,73.5351,TRAIN
WH050,2021-09-01,North,57.5691,10.0,2209.0,75.1712,TRAIN
WH050,2021-09-01,West,54.2494,18.0,897.0,,TRAIN
WH001,2021-10-01,West,81.385,32.0,1304.0,71.2395,TRAIN
WH001,2021-10-01,East,94.3917,9.0,1821.0,73.2507,TRAIN
WH001,2021-10-01,East,,37.0,384.0,74.7031,TRAIN
WH002,2021-10-01,West,59.1735,30.0,,75.5133,TRAIN
WH002,2021-10-01,West,67.608,18.0,2078.0,71.271,TRAIN
WH002,2021-10-01,Central,67.079,22.0,1223.0,75.6896,TRAIN
WH003,2021-10-01,Central,46.1294,28.0,1127.0,74.5511,TRAIN
WH003,2021-10-01,West,53.7079,17.0,549.0,77.2688,TRAIN
WH003,2021-10-01,North,42.6157,13.0,309.0,70.9638,TRAIN
WH004,2021-10-01,West,83.8086,42.0,1125.0,71.2499,TRAIN
WH004,2021-10-01,North,49.7575,10.0,1449.0,75.3042,TRAIN
WH004,2021-10-01,North,55.4908,14.0,847.0,72.4047,TRAIN
WH005,2021-10-01,North,40.8561,44.0,2315.0,77.6767,TRAIN
WH005,2021-10-01,West,69.707,14.0,2108.0,73.4549,TRAIN
WH005,2021-10-01,West,97.7968,35.0,1397.0,71.454,TRAIN
WH006,2021-10-01,East,73.2883,36.0,1320.0,,TRAIN
WH006,2021-10-01,Central,86.8852,34.0,1302.0,77.7463,TRAIN
WH006,2021-10-01,South,92.0161,44.0,2246.0,77.3658,TRAIN
WH007,2021-10-01,South,56.9149,28.0,312.0,73.5668,TRAIN
WH007,2021-10-01,Central,70.4405,44.0,2330.0,76.9751,TRAIN
WH007,2021-10-01,West,79.8988,37.0,2324.0,71.1797,TRAIN
WH008,2021-10-01,West,43.68,40.0,777.0,73.7279,TRAIN
WH008,2021-10-01,Central,85.1301,17.0,2303.0,76.4204,TRAIN
WH008,2021-10-01,Central,40.5849,22.0,493.0,77.3075,TRAIN
WH009,2021-10-01,Central,67.7373,15.0,1709.0,72.6217,TRAIN
WH009,2021-10-01,South,50.7772,29.0,863.0,76.7422,TRAIN
WH009,2021-10-01,South,67.5832,28.0,1432.0,77.1819,TRAIN
WH010,2021-10-01,West,47.2356,17.0,,71.2789,TRAIN
WH010,2021-10-01,South,80.0605,34.0,114.0,75.7336,TRAIN
WH010,2021-10-01,West,95.9272,35.0,287.0,72.8695,TRAIN
WH011,2021-10-01,West,51.6276,19.0,1799.0,70.5212,TRAIN
WH011,2021-10-01,Central,74.6179,22.0,1199.0,71.0367,TRAIN
WH011,2021-10-01,Central,53.2498,41.0,657.0,72.8236,TRAIN
WH012,2021-10-01,North,83.1953,,1716.0,76.7861,TRAIN
WH012,2021-10-01,North,43.2475,31.0,609.0,76.7276,TRAIN
WH012,2021-10-01,East,97.8364,33.0,1994.0,77.1895,TRAIN
WH013,2021-10-01,West,83.6898,43.0,694.0,77.0486,TRAIN
WH013,2021-10-01,South,55.8118,24.0,1274.0,74.917,TRAIN
WH013,2021-10-01,Central,80.8169,10.0,486.0,74.0236,TRAIN
WH014,2021-10-01,Central,92.0964,28.0,1022.0,72.8583,TRAIN
WH014,2021-10-01,West,54.9797,17.0,811.0,70.3537,TRAIN
WH014,2021-10-01,North,91.6645,25.0,373.0,76.5274,TRAIN
WH015,2021-10-01,South,89.9929,18.0,525.0,72.5091,TRAIN
WH015,2021-10-01,East,80.2625,21.0,868.0,75.1238,TRAIN
WH015,2021-10-01,West,88.4577,42.0,1130.0,76.157,TRAIN
WH016,2021-10-01,Central,91.7622,9.0,1850.0,73.8026,TRAIN
WH016,2021-10-01,North,85.7702,20.0,415.0,77.3251,TRAIN
WH016,2021-10-01,East,69.8029,38.0,909.0,75.3331,TRAIN
WH017,2021-10-01,Central,75.157,32.0,1569.0,77.5547,TRAIN
WH017,2021-10-01,Central,53.7404,22.0,2415.0,74.3575,TRAIN
WH017,2021-10-01,West,81.5938,39.0,1302.0,72.2331,TRAIN
WH018,2021-10-01,South,69.2803,43.0,300.0,71.2912,TRAIN
WH018,2021-10-01,West,91.4989,38.0,1538.0,70.3464,TRAIN
WH018,2021-10-01,West,44.0216,44.0,428.0,71.0966,TRAIN
WH019,2021-10-01,West,77.4065,39.0,559.0,73.5712,TRAIN
WH019,2021-10-01,South,71.0324,37.0,527.0,74.4643,TRAIN
WH019,2021-10-01,Central,82.6286,18.0,1649.0,75.1039,TRAIN
WH020,2021-10-01,East,69.493,15.0,1914.0,72.0366,TRAIN
WH020,2021-10-01,North,,34.0,235.0,74.6889,TRAIN
WH020,2021-10-01,Central,88.8899,8.0,2397.0,70.7203,TRAIN
WH021,2021-10-01,North,82.3903,21.0,1206.0,70.6643,TRAIN
WH021,2021-10-01,West,97.077,21.0,599.0,73.6796,TRAIN
WH021,2021-10-01,Central,50.3291,30.0,186.0,76.31,TRAIN
WH022,2021-10-01,East,48.8739,11.0,406.0,77.5796,TRAIN
WH022,2021-10-01,West,45.3459,12.0,1288.0,70.6592,TRAIN
WH022,2021-10-01,North,97.5428,28.0,1863.0,73.4557,TRAIN
WH023,2021-10-01,East,41.6495,31.0,2481.0,77.5929,TRAIN
WH023,2021-10-01,Central,66.5666,11.0,1654.0,71.4152,TRAIN
WH023,2021-10-01,West,61.4249,21.0,2469.0,71.2692,TRAIN
WH024,2021-10-01,North,74.8961,24.0,2390.0,73.2126,TRAIN
WH024,2021-10-01,West,95.8206,18.0,860.0,76.47,TRAIN
WH024,2021-10-01,South,47.7844,6.0,1095.0,75.8562,TRAIN
WH025,2021-10-01,Central,64.6634,,1664.0,75.7493,TRAIN
WH025,2021-10-01,Central,65.1501,9.0,2360.0,70.6883,TRAIN
WH025,2021-10-01,Central,94.425,27.0,2396.0,70.3369,TRAIN
WH026,2021-10-01,North,77.035,11.0,528.0,75.7528,TRAIN
WH026,2021-10-01,East,83.6865,39.0,1501.0,73.0938,TRAIN
WH026,2021-10-01,Central,68.5288,8.0,1533.0,72.1483,TRAIN
WH027,2021-10-01,Central,75.5435,29.0,145.0,75.0704,TRAIN
WH027,2021-10-01,West,42.3084,22.0,761.0,70.2199,TRAIN
WH027,2021-10-01,South,57.6872,40.0,599.0,76.8214,TRAIN
WH028,2021-10-01,Central,53.4014,11.0,405.0,76.753,TRAIN
WH028,2021-10-01,North,78.8445,37.0,781.0,74.0121,TRAIN
WH028,2021-10-01,South,82.6604,11.0,1575.0,77.4983,TRAIN
WH029,2021-10-01,West,76.9386,26.0,384.0,76.1994,TRAIN
WH029,2021-10-01,South,40.3987,10.0,1989.0,76.7609,TRAIN
WH029,2021-10-01,West,80.8333,23.0,1844.0,75.0156,TRAIN
WH030,2021-10-01,South,94.2548,6.0,564.0,74.7985,TRAIN
WH030,2021-10-01,North,67.7081,37.0,1287.0,71.9207,TRAIN
WH030,2021-10-01,West,48.5095,11.0,2376.0,74.3707,TRAIN
WH031,2021-10-01,West,68.6678,13.0,1937.0,77.4888,TRAIN
WH031,2021-10-01,South,53.1393,43.0,250.0,72.1671,TRAIN
WH031,2021-10-01,West,44.5758,16.0,827.0,72.2585,TRAIN
WH032,2021-10-01,North,63.3318,23.0,450.0,77.6671,TRAIN
WH032,2021-10-01,East,96.368,5.0,1395.0,71.7353,TRAIN
WH032,2021-10-01,East,66.5731,39.0,694.0,,TRAIN
WH033,2021-10-01,East,55.2276,29.0,1980.0,71.2598,TRAIN
WH033,2021-10-01,West,85.2448,23.0,383.0,73.1932,TRAIN
WH033,2021-10-01,North,73.2351,32.0,1141.0,75.7614,TRAIN
WH034,2021-10-01,North,60.7819,15.0,1448.0,76.2218,TRAIN
WH034,2021-10-01,West,97.4874,16.0,778.0,71.658,TRAIN
WH034,2021-10-01,East,69.6689,17.0,1684.0,72.7046,TRAIN
WH035,2021-10-01,West,93.2214,33.0,1077.0,71.2668,TRAIN
WH035,2021-10-01,West,59.2215,29.0,312.0,76.6894,TRAIN
WH035,2021-10-01,South,58.4456,32.0,2250.0,70.7476,TRAIN
WH036,2021-10-01,North,62.1627,38.0,1822.0,75.4671,TRAIN
WH036,2021-10-01,East,78.8343,6.0,2049.0,72.6538,TRAIN
WH036,2021-10-01,North,54.9108,17.0,1728.0,73.7338,TRAIN
WH037,2021-10-01,South,57.4741,13.0,892.0,73.7049,TRAIN
WH037,2021-10-01,South,43.0718,23.0,2187.0,73.1485,TRAIN
WH037,2021-10-01,East,69.1543,21.0,1466.0,76.8763,TRAIN
WH038,2021-10-01,South,53.8911,27.0,668.0,74.99,TRAIN
WH038,2021-10-01,East,,26.0,,74.8113,TRAIN
WH038,2021-10-01,North,75.6689,32.0,2118.0,72.6524,TRAIN
WH039,2021-10-01,South,93.8188,41.0,1739.0,74.3017,TRAIN
WH039,2021-10-01,Central,79.1885,10.0,2410.0,76.3786,TRAIN
WH039,2021-10-01,West,80.8561,10.0,654.0,72.1649,TRAIN
WH040,2021-10-01,West,80.9077,39.0,1549.0,75.2195,TRAIN
WH040,2021-10-01,West,87.521,35.0,,70.5814,TRAIN
WH040,2021-10-01,East,65.5205,39.0,1844.0,73.4142,TRAIN
WH041,2021-10-01,West,,43.0,658.0,75.1681,TRAIN
WH041,2021-10-01,East,55.9206,25.0,1401.0,70.6175,TRAIN
WH041,2021-10-01,North,69.7967,11.0,1459.0,71.0964,TRAIN
WH042,2021-10-01,Central,72.5917,9.0,2411.0,75.3553,TRAIN
WH042,2021-10-01,East,57.916,23.0,1405.0,77.6954,TRAIN
WH042,2021-10-01,North,79.0784,33.0,2003.0,,TRAIN
WH043,2021-10-01,North,61.8377,28.0,932.0,75.4336,TRAIN
WH043,2021-10-01,Central,79.4816,31.0,1776.0,75.3644,TRAIN
WH043,2021-10-01,East,49.2636,5.0,138.0,76.2427,TRAIN
WH044,2021-10-01,West,77.307,14.0,2115.0,76.3044,TRAIN
WH044,2021-10-01,Central,69.5831,16.0,1907.0,76.2979,TRAIN
WH044,2021-10-01,North,94.6145,34.0,843.0,76.7749,TRAIN
WH045,2021-10-01,South,79.4974,25.0,366.0,74.5316,TRAIN
WH045,2021-10-01,South,80.8009,21.0,106.0,74.769,TRAIN
WH045,2021-10-01,North,87.2846,7.0,1940.0,75.9201,TRAIN
WH046,2021-10-01,Central,40.9009,38.0,1468.0,75.5082,TRAIN
WH046,2021-10-01,West,63.7116,35.0,,73.13,TRAIN
WH046,2021-10-01,North,79.8675,37.0,1474.0,72.5837,TRAIN
WH047,2021-10-01,East,53.8066,25.0,1178.0,71.2634,TRAIN
WH047,2021-10-01,North,63.6088,5.0,1150.0,71.9699,TRAIN
WH047,2021-10-01,East,55.817,24.0,,76.5923,TRAIN
WH048,2021-10-01,North,59.4687,34.0,2382.0,70.199,TRAIN
WH048,2021-10-01,South,50.3417,20.0,1274.0,73.0278,TRAIN
WH048,2021-10-01,West,83.0668,10.0,524.0,72.9788,TRAIN
WH049,2021-10-01,West,95.2891,32.0,261.0,71.2432,TRAIN
WH049,2021-10-01,North,44.8,37.0,962.0,77.9946,TRAIN
WH049,2021-10-01,East,95.8185,12.0,1827.0,74.7607,TRAIN
WH050,2021-10-01,Central,48.3542,26.0,2372.0,73.2335,TRAIN
WH050,2021-10-01,Central,85.5862,13.0,2137.0,77.2453,TRAIN
WH050,2021-10-01,Central,58.9249,33.0,642.0,70.3784,TRAIN
WH001,2021-11-01,South,67.4508,7.0,1556.0,70.7337,TRAIN
WH001,2021-11-01,North,70.9912,36.0,1756.0,77.3231,TRAIN
WH001,2021-11-01,South,67.3007,31.0,1846.0,76.7825,TRAIN
WH002,2021-11-01,South,97.3052,24.0,2131.0,70.8243,TRAIN
WH002,2021-11-01,Central,,25.0,1496.0,71.8169,TRAIN
WH002,2021-11-01,Central,60.7311,7.0,,76.8062,TRAIN
WH003,2021-11-01,Central,61.5959,18.0,690.0,72.825,TRAIN
WH003,2021-11-01,Central,52.8495,7.0,739.0,76.6004,TRAIN
WH003,2021-11-01,East,83.2604,7.0,1985.0,76.8505,TRAIN
WH004,2021-11-01,South,40.3714,18.0,771.0,77.2812,TRAIN
WH004,2021-11-01,North,65.8207,40.0,2331.0,75.4051,TRAIN
WH004,2021-11-01,South,78.1209,35.0,2222.0,71.5094,TRAIN
WH005,2021-11-01,Central,40.2076,34.0,1626.0,,TRAIN
WH005,2021-11-01,North,59.2243,,933.0,71.2311,TRAIN
WH005,2021-11-01,Central,97.3989,10.0,,75.3439,TRAIN
WH006,2021-11-01,South,90.9174,28.0,1288.0,71.9396,TRAIN
WH006,2021-11-01,East,79.0104,6.0,1403.0,77.365,TRAIN
WH006,2021-11-01,North,46.1185,9.0,389.0,70.4937,TRAIN
WH007,2021-11-01,West,60.0034,14.0,565.0,71.7258,TRAIN
WH007,2021-11-01,West,77.3781,38.0,1874.0,75.5635,TRAIN
WH007,2021-11-01,West,77.5134,7.0,1666.0,72.3324,TRAIN
WH008,2021-11-01,North,73.504,40.0,396.0,75.7165,TRAIN
WH008,2021-11-01,North,40.4197,40.0,1768.0,71.1798,TRAIN
WH008,2021-11-01,North,49.1603,40.0,2383.0,70.5885,TRAIN
WH009,2021-11-01,South,62.5299,28.0,2405.0,,TRAIN
WH009,2021-11-01,North,80.8652,36.0,2195.0,77.5959,TRAIN
WH009,2021-11-01,North,51.2759,8.0,113.0,73.2721,TRAIN
WH010,2021-11-01,Central,42.0723,27.0,607.0,72.2065,TRAIN
WH010,2021-11-01,East,72.3087,30.0,892.0,73.4369,TRAIN
WH010,2021-11-01,East,56.6443,16.0,2229.0,76.1832,TRAIN
WH011,2021-11-01,West,82.0874,37.0,1442.0,75.5657,TRAIN
WH011,2021-11-01,West,94.5839,17.0,2368.0,72.8328,TRAIN
WH011,2021-11-01,East,74.7961,24.0,909.0,71.445,TRAIN
WH012,2021-11-01,East,46.0155,18.0,1643.0,72.791,TRAIN
WH012,2021-11-01,West,55.8879,24.0,565.0,73.4583,TRAIN
WH012,2021-11-01,East,94.8961,21.0,2104.0,76.3597,TRAIN
WH013,2021-11-01,West,74.7608,12.0,1591.0,74.4324,TRAIN
WH013,2021-11-01,North,62.7524,24.0,2221.0,71.9536,TRAIN
WH013,2021-11-01,North,47.1066,43.0,1335.0,70.2719,TRAIN
WH014,2021-11-01,Central,87.4051,5.0,881.0,70.9298,TRAIN
WH014,2021-11-01,North,66.9248,6.0,1209.0,72.48,TRAIN
WH014,2021-11-01,West,64.4703,33.0,759.0,72.022,TRAIN
WH015,2021-11-01,Central,64.6997,,883.0,72.4238,TRAIN
WH015,2021-11-01,Central,49.4661,17.0,1626.0,73.2328,TRAIN
WH015,2021-11-01,West,75.3148,43.0,,75.088,TRAIN
WH016,2021-11-01,East,41.1785,9.0,785.0,76.4685,TRAIN
WH016,2021-11-01,North,53.3902,40.0,905.0,75.6145,TRAIN
WH016,2021-11-01,North,78.9213,37.0,1308.0,77.5595,TRAIN
WH017,2021-11-01,Central,80.2133,28.0,702.0,76.741,TRAIN
WH017,2021-11-01,South,69.0847,27.0,244.0,77.6,TRAIN
WH017,2021-11-01,South,54.1288,31.0,724.0,75.1357,TRAIN
WH018,2021-11-01,North,47.2063,11.0,1591.0,75.665,TRAIN
WH018,2021-11-01,West,64.6926,36.0,1477.0,73.1584,TRAIN
WH018,2021-11-01,North,61.9732,23.0,1372.0,76.9642,TRAIN
WH019,2021-11-01,North,78.7022,25.0,2203.0,74.8245,TRAIN
WH019,2021-11-01,West,77.7032,41.0,1598.0,73.6726,TRAIN
WH019,2021-11-01,West,68.8189,38.0,1381.0,71.0777,TRAIN
WH020,2021-11-01,West,57.447,,547.0,77.0354,TRAIN
WH020,2021-11-01,Central,40.8482,13.0,163.0,75.7763,TRAIN
WH020,2021-11-01,Central,59.2271,43.0,2419.0,71.5388,TRAIN
WH021,2021-11-01,East,60.811,18.0,338.0,77.3609,TRAIN
WH021,2021-11-01,South,61.8888,44.0,1715.0,74.8068,TRAIN
WH021,2021-11-01,Central,50.9422,9.0,1515.0,73.2793,TRAIN
WH022,2021-11-01,North,64.0341,15.0,1965.0,77.0516,TRAIN
WH022,2021-11-01,Central,58.1284,40.0,1462.0,77.1906,TRAIN
WH022,2021-11-01,West,51.6585,41.0,2407.0,74.7573,TRAIN
WH023,2021-11-01,South,44.0755,21.0,1734.0,72.3295,TRAIN
WH023,2021-11-01,South,77.8287,44.0,1773.0,76.8631,TRAIN
WH023,2021-11-01,West,75.7563,7.0,913.0,72.4069,TRAIN
WH024,2021-11-01,East,69.6693,39.0,1076.0,74.9466,TRAIN
WH024,2021-11-01,Central,88.2838,36.0,1995.0,73.0344,TRAIN
WH024,2021-11-01,East,41.6594,13.0,2329.0,71.8421,TRAIN
WH025,2021-11-01,East,45.7019,13.0,1939.0,74.374,TRAIN
WH025,2021-11-01,Central,50.6619,21.0,1295.0,71.7976,TRAIN
WH025,2021-11-01,Central,43.6701,21.0,2376.0,72.7842,TRAIN
WH026,2021-11-01,West,53.6217,39.0,1927.0,73.7297,TRAIN
WH026,2021-11-01,Central,79.4763,,735.0,72.1552,TRAIN
WH026,2021-11-01,North,65.5181,17.0,2480.0,77.0302,TRAIN
WH027,2021-11-01,East,65.7179,27.0,719.0,74.6588,TRAIN
WH027,2021-11-01,West,,28.0,399.0,75.1582,TRAIN
WH027,2021-11-01,West,65.7928,32.0,119.0,75.6716,TRAIN
WH028,2021-11-01,East,74.2962,5.0,1980.0,72.8806,TRAIN
WH028,2021-11-01,North,71.9843,38.0,769.0,75.7706,TRAIN
WH028,2021-11-01,East,96.294,42.0,804.0,76.0658,TRAIN
WH029,2021-11-01,East,42.1886,23.0,347.0,77.6357,TRAIN
WH029,2021-11-01,Central,61.2651,44.0,141.0,71.32,TRAIN
WH029,2021-11-01,West,60.4788,18.0,1890.0,74.307,TRAIN
WH030,2021-11-01,South,79.7659,16.0,1541.0,74.1864,TRAIN
WH030,2021-11-01,East,83.066,28.0,1396.0,73.7526,TRAIN
WH030,2021-11-01,North,86.7552,43.0,1136.0,77.5973,TRAIN
WH031,2021-11-01,Central,56.5261,10.0,637.0,73.9603,TRAIN
WH031,2021-11-01,South,67.9588,6.0,143.0,77.5384,TRAIN
WH031,2021-11-01,South,91.0938,44.0,,73.2788,TRAIN
WH032,2021-11-01,South,91.5705,29.0,158.0,73.1909,TRAIN
WH032,2021-11-01,South,85.6835,40.0,998.0,75.9014,TRAIN
WH032,2021-11-01,West,73.8937,24.0,2395.0,77.3242,TRAIN
WH033,2021-11-01,Central,51.966,26.0,186.0,74.3292,TRAIN
WH033,2021-11-01,Central,60.5285,33.0,1363.0,72.1071,TRAIN
WH033,2021-11-01,West,55.6904,26.0,1397.0,71.6259,TRAIN
WH034,2021-11-01,North,,21.0,610.0,77.0408,TRAIN
WH034,2021-11-01,North,76.2439,8.0,2190.0,72.4865,TRAIN
WH034,2021-11-01,North,72.2561,16.0,2423.0,77.3656,TRAIN
WH035,2021-11-01,South,55.6989,7.0,1516.0,72.5688,TRAIN
WH035,2021-11-01,South,49.9968,42.0,1400.0,71.3086,TRAIN
WH035,2021-11-01,West,66.6619,38.0,800.0,71.6624,TRAIN
WH036,2021-11-01,East,63.9493,38.0,825.0,74.9033,TRAIN
WH036,2021-11-01,South,82.5504,38.0,519.0,71.8286,TRAIN
WH036,2021-11-01,East,40.4063,30.0,840.0,75.9397,TRAIN
WH037,2021-11-01,East,65.9586,9.0,,76.7008,TRAIN
WH037,2021-11-01,Central,94.7417,35.0,2049.0,72.2621,TRAIN
WH037,2021-11-01,West,64.0546,18.0,629.0,74.2528,TRAIN
WH038,2021-11-01,Central,59.7994,14.0,1839.0,72.0869,TRAIN
WH038,2021-11-01,South,90.554,17.0,816.0,72.7607,TRAIN
WH038,2021-11-01,West,88.866,20.0,2339.0,73.2958,TRAIN
WH039,2021-11-01,West,50.9621,21.0,2341.0,,TRAIN
WH039,2021-11-01,Central,95.4176,37.0,1025.0,71.259,TRAIN
WH039,2021-11-01,South,78.6958,21.0,2490.0,72.7063,TRAIN
WH040,2021-11-01,South,56.8902,39.0,1451.0,71.5986,TRAIN
WH040,2021-11-01,South,89.2705,38.0,1752.0,75.501,TRAIN
WH040,2021-11-01,North,67.3006,20.0,2382.0,74.3802,TRAIN
WH041,2021-11-01,South,77.4693,24.0,652.0,74.2095,TRAIN
WH041,2021-11-01,South,71.2961,13.0,1955.0,73.8531,TRAIN
WH041,2021-11-01,West,66.8681,29.0,259.0,77.4137,TRAIN
WH042,2021-11-01,Central,79.6931,43.0,2407.0,74.9513,TRAIN
WH042,2021-11-01,West,72.6198,34.0,1838.0,74.581,TRAIN
WH042,2021-11-01,Central,58.7896,11.0,1821.0,70.1815,TRAIN
WH043,2021-11-01,East,84.4073,29.0,2072.0,76.1937,TRAIN
WH043,2021-11-01,North,59.7437,16.0,1475.0,74.8324,TRAIN
WH043,2021-11-01,West,80.0338,32.0,1121.0,72.8202,TRAIN
WH044,2021-11-01,South,65.6878,22.0,2064.0,76.2374,TRAIN
WH044,2021-11-01,West,69.3169,5.0,1671.0,74.1092,TRAIN
WH044,2021-11-01,Central,96.2704,5.0,222.0,72.6599,TRAIN
WH045,2021-11-01,South,67.1655,27.0,1701.0,76.3773,TRAIN
WH045,2021-11-01,West,65.8428,23.0,845.0,75.3951,TRAIN
WH045,2021-11-01,Central,90.3678,22.0,,70.9915,TRAIN
WH046,2021-11-01,Central,48.4051,26.0,973.0,74.2697,TRAIN
WH046,2021-11-01,Central,46.5421,7.0,,71.2467,TRAIN
WH046,2021-11-01,West,51.0762,33.0,1927.0,74.06,TRAIN
WH047,2021-11-01,South,71.3393,11.0,364.0,70.835,TRAIN
WH047,2021-11-01,North,48.3531,21.0,469.0,76.5255,TRAIN
WH047,2021-11-01,Central,43.7946,35.0,953.0,75.7094,TRAIN
WH048,2021-11-01,West,96.7767,7.0,2085.0,74.6945,TRAIN
WH048,2021-11-01,South,89.1924,39.0,1880.0,70.9881,TRAIN
WH048,2021-11-01,South,84.8668,43.0,1380.0,72.1988,TRAIN
WH049,2021-11-01,Central,72.4911,33.0,1480.0,70.1199,TRAIN
WH049,2021-11-01,East,97.5131,28.0,380.0,,TRAIN
WH049,2021-11-01,South,78.6511,18.0,1900.0,,TRAIN
WH050,2021-11-01,East,42.6783,5.0,1002.0,74.9071,TRAIN
WH050,2021-11-01,West,84.1948,34.0,1887.0,72.8884,TRAIN
WH050,2021-11-01,West,50.0468,9.0,264.0,70.7519,TRAIN
WH001,2021-12-01,North,54.632,17.0,1939.0,73.6545,TRAIN
WH001,2021-12-01,West,78.5241,22.0,,70.9022,TRAIN
WH001,2021-12-01,South,81.2411,32.0,2041.0,72.7062,TRAIN
WH002,2021-12-01,North,49.9881,33.0,288.0,73.0485,TRAIN
WH002,2021-12-01,East,73.6112,36.0,1421.0,72.2236,TRAIN
WH002,2021-12-01,Central,,24.0,2422.0,70.4949,TRAIN
WH003,2021-12-01,South,73.3854,35.0,735.0,74.1349,TRAIN
WH003,2021-12-01,West,49.2786,12.0,1775.0,71.5501,TRAIN
WH003,2021-12-01,East,95.8236,13.0,835.0,71.8405,TRAIN
WH004,2021-12-01,South,46.7628,44.0,646.0,,TRAIN
WH004,2021-12-01,North,78.9501,30.0,1570.0,70.4071,TRAIN
WH004,2021-12-01,Central,81.0494,6.0,920.0,70.8999,TRAIN
WH005,2021-12-01,West,65.763,24.0,1493.0,72.4383,TRAIN
WH005,2021-12-01,West,95.2038,43.0,717.0,72.979,TRAIN
WH005,2021-12-01,South,81.0801,7.0,1503.0,76.1214,TRAIN
WH006,2021-12-01,South,59.5299,37.0,304.0,71.5039,TRAIN
WH006,2021-12-01,East,69.6048,18.0,868.0,76.7891,TRAIN
WH006,2021-12-01,North,72.8018,19.0,2342.0,71.3254,TRAIN
WH007,2021-12-01,East,40.269,17.0,171.0,77.8006,TRAIN
WH007,2021-12-01,South,87.3844,10.0,784.0,75.2613,TRAIN
WH007,2021-12-01,Central,51.5893,16.0,719.0,70.8762,TRAIN
WH008,2021-12-01,Central,89.4961,9.0,412.0,71.4858,TRAIN
WH008,2021-12-01,East,91.476,39.0,2391.0,73.6115,TRAIN
WH008,2021-12-01,East,47.3433,13.0,102.0,76.0971,TRAIN
WH009,2021-12-01,North,72.011,34.0,657.0,75.2886,TRAIN
WH009,2021-12-01,North,54.822,32.0,873.0,76.5785,TRAIN
WH009,2021-12-01,East,91.0993,22.0,1794.0,76.6447,TRAIN
WH010,2021-12-01,South,83.1721,28.0,442.0,70.3587,TRAIN
WH010,2021-12-01,East,47.8701,31.0,245.0,71.1146,TRAIN
WH010,2021-12-01,East,70.7218,42.0,,70.0246,TRAIN
WH011,2021-12-01,South,71.3822,25.0,1228.0,73.7022,TRAIN
WH011,2021-12-01,North,93.3543,,359.0,76.4511,TRAIN
WH011,2021-12-01,Central,46.1017,21.0,1315.0,77.0628,TRAIN
WH012,2021-12-01,West,94.5077,23.0,911.0,72.5169,TRAIN
WH012,2021-12-01,Central,61.5095,14.0,2048.0,70.5374,TRAIN
WH012,2021-12-01,East,52.0164,16.0,175.0,77.6262,TRAIN
WH013,2021-12-01,West,95.4603,15.0,630.0,70.4123,TRAIN
WH013,2021-12-01,South,56.4114,7.0,2409.0,71.3581,TRAIN
WH013,2021-12-01,North,84.9014,15.0,2417.0,73.8153,TRAIN
WH014,2021-12-01,Central,92.9772,36.0,1964.0,72.1127,TRAIN
WH014,2021-12-01,East,43.57,32.0,1241.0,75.6594,TRAIN
WH014,2021-12-01,South,93.2792,24.0,933.0,70.5321,TRAIN
WH015,2021-12-01,South,97.4404,8.0,1919.0,,TRAIN
WH015,2021-12-01,West,88.6544,33.0,1561.0,74.1698,TRAIN
WH015,2021-12-01,Central,48.6736,12.0,1684.0,70.0816,TRAIN
WH016,2021-12-01,South,74.7618,9.0,1441.0,77.9251,TRAIN
WH016,2021-12-01,Central,,31.0,560.0,71.4682,TRAIN
WH016,2021-12-01,East,94.2377,20.0,1940.0,70.512,TRAIN
WH017,2021-12-01,Central,80.3983,,866.0,74.5855,TRAIN
WH017,2021-12-01,Central,57.4858,29.0,2038.0,76.6803,TRAIN
WH017,2021-12-01,East,73.0061,39.0,2465.0,71.6304,TRAIN
WH018,2021-12-01,North,77.7868,31.0,181.0,70.1379,TRAIN
WH018,2021-12-01,South,47.4007,6.0,136.0,77.5536,TRAIN
WH018,2021-12-01,East,64.6387,9.0,1189.0,73.4406,TRAIN
WH019,2021-12-01,West,47.3887,21.0,325.0,74.9308,TRAIN
WH019,2021-12-01,West,50.1008,35.0,1673.0,75.5786,TRAIN
WH019,2021-12-01,Central,63.1982,19.0,1697.0,77.5147,TRAIN
WH020,2021-12-01,East,64.4136,23.0,360.0,71.7876,TRAIN
WH020,2021-12-01,West,72.0793,10.0,1379.0,,TRAIN
WH020,2021-12-01,South,43.6786,38.0,1600.0,74.5293,TRAIN
WH021,2021-12-01,North,51.5524,20.0,2365.0,70.9532,TRAIN
WH021,2021-12-01,Central,83.6259,13.0,1072.0,72.9661,TRAIN
WH021,2021-12-01,East,86.9954,22.0,2258.0,76.3548,TRAIN
WH022,2021-12-01,North,79.8701,29.0,145.0,77.7677,TRAIN
WH022,2021-12-01,South,81.1339,16.0,,76.8584,TRAIN
WH022,2021-12-01,West,48.8653,31.0,1821.0,77.5029,TRAIN
WH023,2021-12-01,East,79.4151,5.0,1945.0,72.7911,TRAIN
WH023,2021-12-01,South,80.028,,2368.0,75.5819,TRAIN
WH023,2021-12-01,East,79.9042,38.0,1144.0,73.058,TRAIN
WH024,2021-12-01,South,,29.0,1680.0,70.6577,TRAIN
WH024,2021-12-01,East,90.6872,14.0,2247.0,74.5113,TRAIN
WH024,2021-12-01,South,93.9643,21.0,1603.0,74.2061,TRAIN
WH025,2021-12-01,Central,52.7351,11.0,2062.0,76.4126,TRAIN
WH025,2021-12-01,South,58.9639,20.0,1607.0,77.3039,TRAIN
WH025,2021-12-01,South,50.7833,,654.0,70.772,TRAIN
WH026,2021-12-01,East,86.8482,18.0,1625.0,73.9754,TRAIN
WH026,2021-12-01,North,90.7325,23.0,639.0,75.8364,TRAIN
WH026,2021-12-01,South,60.7251,,517.0,72.0529,TRAIN
WH027,2021-12-01,West,83.1418,20.0,901.0,73.6928,TRAIN
WH027,2021-12-01,North,75.3291,12.0,1579.0,70.2391,TRAIN
WH027,2021-12-01,North,94.9276,7.0,120.0,70.696,TRAIN
WH028,2021-12-01,West,63.5637,34.0,736.0,71.7662,TRAIN
WH028,2021-12-01,West,52.161,5.0,2347.0,75.5571,TRAIN
WH028,2021-12-01,West,96.3483,6.0,1605.0,71.4739,TRAIN
WH029,2021-12-01,East,40.821,12.0,1671.0,,TRAIN
WH029,2021-12-01,Central,62.9153,39.0,1747.0,,TRAIN
WH029,2021-12-01,South,83.0037,32.0,1830.0,74.7088,TRAIN
WH030,2021-12-01,West,42.6634,41.0,842.0,74.3816,TRAIN
WH030,2021-12-01,East,91.4855,27.0,1381.0,72.3776,TRAIN
WH030,2021-12-01,West,45.4492,21.0,,77.9273,TRAIN
WH031,2021-12-01,East,65.8153,26.0,1323.0,72.8821,TRAIN
WH031,2021-12-01,North,68.043,21.0,1404.0,71.2301,TRAIN
WH031,2021-12-01,Central,41.4216,,588.0,76.5485,TRAIN
WH032,2021-12-01,North,58.2456,5.0,1404.0,76.5289,TRAIN
WH032,2021-12-01,North,52.5732,25.0,1101.0,70.7753,TRAIN
WH032,2021-12-01,East,93.4174,10.0,1777.0,76.1453,TRAIN
WH033,2021-12-01,South,48.5593,32.0,279.0,77.2046,TRAIN
WH033,2021-12-01,West,59.2269,22.0,881.0,74.4632,TRAIN
WH033,2021-12-01,East,73.3202,,2169.0,71.3666,TRAIN
WH034,2021-12-01,West,44.1584,29.0,2199.0,75.8579,TRAIN
WH034,2021-12-01,Central,71.7819,17.0,1522.0,75.238,TRAIN
WH034,2021-12-01,West,48.7685,16.0,2309.0,73.4831,TRAIN
WH035,2021-12-01,West,95.2518,41.0,1269.0,70.7989,TRAIN
WH035,2021-12-01,North,70.8088,15.0,,76.4538,TRAIN
WH035,2021-12-01,South,72.519,18.0,1357.0,70.7439,TRAIN
WH036,2021-12-01,East,76.3568,41.0,2145.0,74.4143,TRAIN
WH036,2021-12-01,North,72.8016,30.0,2248.0,75.7278,TRAIN
WH036,2021-12-01,Central,40.1199,24.0,1742.0,75.3813,TRAIN
WH037,2021-12-01,North,54.7192,34.0,1444.0,73.4678,TRAIN
WH037,2021-12-01,South,42.6397,14.0,1346.0,77.4625,TRAIN
WH037,2021-12-01,West,60.3091,20.0,1485.0,74.7355,TRAIN
WH038,2021-12-01,East,91.9178,44.0,2145.0,77.3658,TRAIN
WH038,2021-12-01,North,82.1927,34.0,147.0,71.0193,TRAIN
WH038,2021-12-01,Central,76.6861,36.0,703.0,70.6255,TRAIN
WH039,2021-12-01,East,60.4392,22.0,1973.0,75.5638,TRAIN
WH039,2021-12-01,West,41.1439,13.0,2396.0,77.2599,TRAIN
WH039,2021-12-01,Central,53.2936,6.0,813.0,75.1716,TRAIN
WH040,2021-12-01,Central,68.2213,26.0,618.0,71.2988,TRAIN
WH040,2021-12-01,Central,96.1432,38.0,1386.0,73.525,TRAIN
WH040,2021-12-01,Central,64.4021,20.0,671.0,77.1038,TRAIN
WH041,2021-12-01,West,51.6339,12.0,2315.0,70.5338,TRAIN
WH041,2021-12-01,East,78.967,31.0,1695.0,74.8353,TRAIN
WH041,2021-12-01,West,48.9681,7.0,,76.5806,TRAIN
WH042,2021-12-01,South,48.8826,26.0,2205.0,73.2475,TRAIN
WH042,2021-12-01,South,51.8904,21.0,1793.0,75.9026,TRAIN
WH042,2021-12-01,West,75.4937,35.0,2329.0,71.8896,TRAIN
WH043,2021-12-01,North,96.1523,10.0,1537.0,73.5727,TRAIN
WH043,2021-12-01,Central,75.1357,40.0,982.0,72.0988,TRAIN
WH043,2021-12-01,North,52.292,10.0,2085.0,71.7042,TRAIN
WH044,2021-12-01,South,72.3184,9.0,507.0,,TRAIN
WH044,2021-12-01,Central,43.2104,19.0,1472.0,73.061,TRAIN
WH044,2021-12-01,South,78.7534,25.0,1065.0,76.8175,TRAIN
WH045,2021-12-01,West,49.1181,19.0,1097.0,74.9156,TRAIN
WH045,2021-12-01,East,74.2562,5.0,1993.0,70.9154,TRAIN
WH045,2021-12-01,North,78.5204,34.0,169.0,71.6969,TRAIN
WH046,2021-12-01,North,85.8466,11.0,2202.0,75.7443,TRAIN
WH046,2021-12-01,West,92.3483,44.0,,71.4912,TRAIN
WH046,2021-12-01,West,92.9373,25.0,2124.0,72.0302,TRAIN
WH047,2021-12-01,South,91.1564,7.0,942.0,74.4796,TRAIN
WH047,2021-12-01,North,47.0656,29.0,613.0,72.1339,TRAIN
WH047,2021-12-01,South,88.2173,41.0,2402.0,74.9326,TRAIN
WH048,2021-12-01,South,63.0886,17.0,1501.0,70.961,TRAIN
WH048,2021-12-01,Central,41.1984,9.0,,74.2782,TRAIN
WH048,2021-12-01,East,84.9309,22.0,1045.0,73.5968,TRAIN
WH049,2021-12-01,North,52.9207,25.0,1021.0,71.9588,TRAIN
WH049,2021-12-01,West,95.2687,43.0,2078.0,72.6559,TRAIN
WH049,2021-12-01,South,89.0772,26.0,1309.0,72.7197,TRAIN
WH050,2021-12-01,South,89.4146,9.0,254.0,76.5537,TRAIN
WH050,2021-12-01,West,59.2821,41.0,2304.0,71.6486,TRAIN
WH050,2021-12-01,Central,94.3877,5.0,755.0,74.8839,TRAIN
WH001,2022-01-01,East,93.4072,14.0,522.0,96.0258,VALIDATION
WH001,2022-01-01,South,50.0518,14.0,821.0,93.3176,VALIDATION
WH001,2022-01-01,West,40.6781,10.0,930.0,88.678,VALIDATION
WH002,2022-01-01,South,59.6763,21.0,1419.0,92.8067,VALIDATION
WH002,2022-01-01,East,50.9657,19.0,1392.0,94.5313,VALIDATION
WH002,2022-01-01,East,72.5319,32.0,2326.0,97.8957,VALIDATION
WH003,2022-01-01,South,63.1299,33.0,974.0,92.4183,VALIDATION
WH003,2022-01-01,Central,56.7131,43.0,1970.0,93.2427,VALIDATION
WH003,2022-01-01,North,90.0053,39.0,285.0,91.0802,VALIDATION
WH004,2022-01-01,Central,69.0055,5.0,1280.0,90.2092,VALIDATION
WH004,2022-01-01,East,57.9646,34.0,1366.0,93.5004,VALIDATION
WH004,2022-01-01,Central,70.4859,11.0,1384.0,94.8193,VALIDATION
WH005,2022-01-01,North,49.9063,40.0,239.0,98.4003,VALIDATION
WH005,2022-01-01,West,76.4582,26.0,2027.0,90.7235,VALIDATION
WH005,2022-01-01,West,56.6707,23.0,567.0,98.5124,VALIDATION
WH006,2022-01-01,South,94.7536,14.0,2237.0,86.1338,VALIDATION
WH006,2022-01-01,North,58.7625,19.0,1539.0,94.814,VALIDATION
WH006,2022-01-01,North,84.7079,22.0,1210.0,86.7793,VALIDATION
WH007,2022-01-01,South,85.2607,30.0,1838.0,89.5413,VALIDATION
WH007,2022-01-01,South,47.7251,15.0,472.0,89.3045,VALIDATION
WH007,2022-01-01,West,66.6368,9.0,1259.0,94.198,VALIDATION
WH008,2022-01-01,South,55.0566,11.0,1842.0,90.9355,VALIDATION
WH008,2022-01-01,Central,85.1734,30.0,180.0,90.9077,VALIDATION
WH008,2022-01-01,South,88.3677,28.0,1732.0,93.6879,VALIDATION
WH009,2022-01-01,South,60.087,5.0,138.0,85.938,VALIDATION
WH009,2022-01-01,West,91.9757,42.0,2355.0,90.0196,VALIDATION
WH009,2022-01-01,Central,59.3418,6.0,1429.0,92.1985,VALIDATION
WH010,2022-01-01,West,86.4824,28.0,1753.0,98.0681,VALIDATION
WH010,2022-01-01,Central,91.6944,27.0,583.0,98.2955,VALIDATION
WH010,2022-01-01,East,97.8655,19.0,1949.0,92.5216,VALIDATION
WH011,2022-01-01,Central,73.1712,39.0,,96.2144,VALIDATION
WH011,2022-01-01,South,97.5375,33.0,856.0,87.7268,VALIDATION
WH011,2022-01-01,West,60.333,31.0,1905.0,94.1076,VALIDATION
WH012,2022-01-01,East,87.5284,5.0,1240.0,96.8294,VALIDATION
WH012,2022-01-01,Central,70.6921,30.0,797.0,87.4489,VALIDATION
WH012,2022-01-01,East,72.2522,39.0,1990.0,95.5896,VALIDATION
WH013,2022-01-01,North,63.7114,,1552.0,92.4697,VALIDATION
WH013,2022-01-01,South,67.2543,40.0,1850.0,88.1853,VALIDATION
WH013,2022-01-01,South,,42.0,1663.0,96.5492,VALIDATION
WH014,2022-01-01,West,82.998,26.0,1098.0,90.5693,VALIDATION
WH014,2022-01-01,South,84.3649,41.0,2064.0,88.2193,VALIDATION
WH014,2022-01-01,North,85.6628,31.0,2091.0,98.8795,VALIDATION
WH015,2022-01-01,South,47.2968,30.0,1416.0,94.4433,VALIDATION
WH015,2022-01-01,East,55.8467,29.0,2200.0,89.0848,VALIDATION
WH015,2022-01-01,South,75.1026,38.0,1046.0,97.4373,VALIDATION
WH016,2022-01-01,Central,88.8266,,120.0,90.8206,VALIDATION
WH016,2022-01-01,West,77.2706,32.0,1536.0,86.2678,VALIDATION
WH016,2022-01-01,North,85.333,21.0,403.0,90.2273,VALIDATION
WH017,2022-01-01,Central,89.428,24.0,1287.0,90.1591,VALIDATION
WH017,2022-01-01,East,80.8035,40.0,1021.0,98.6696,VALIDATION
WH017,2022-01-01,North,53.4297,18.0,269.0,92.2023,VALIDATION
WH018,2022-01-01,East,42.662,12.0,1208.0,86.9562,VALIDATION
WH018,2022-01-01,Central,65.186,5.0,336.0,98.2449,VALIDATION
WH018,2022-01-01,East,53.6668,24.0,728.0,89.8002,VALIDATION
WH019,2022-01-01,Central,82.0307,30.0,1843.0,89.2378,VALIDATION
WH019,2022-01-01,East,60.3083,44.0,1493.0,85.906,VALIDATION
WH019,2022-01-01,South,,8.0,867.0,97.5694,VALIDATION
WH020,2022-01-01,East,83.0275,18.0,2456.0,98.1787,VALIDATION
WH020,2022-01-01,North,93.3334,21.0,2164.0,88.998,VALIDATION
WH020,2022-01-01,Central,50.6694,40.0,,94.762,VALIDATION
WH021,2022-01-01,Central,63.9793,5.0,274.0,86.0145,VALIDATION
WH021,2022-01-01,South,52.4126,11.0,121.0,98.1795,VALIDATION
WH021,2022-01-01,Central,40.1893,38.0,1056.0,96.3094,VALIDATION
WH022,2022-01-01,East,59.0662,19.0,2129.0,92.9004,VALIDATION
WH022,2022-01-01,West,54.2309,42.0,2348.0,86.652,VALIDATION
WH022,2022-01-01,East,86.8849,35.0,1596.0,88.1473,VALIDATION
WH023,2022-01-01,South,48.6532,24.0,147.0,,VALIDATION
WH023,2022-01-01,South,81.5869,17.0,1597.0,92.5229,VALIDATION
WH023,2022-01-01,Central,76.3739,27.0,975.0,88.9616,VALIDATION
WH024,2022-01-01,North,91.2531,16.0,642.0,94.1678,VALIDATION
WH024,2022-01-01,Central,81.495,8.0,994.0,92.04,VALIDATION
WH024,2022-01-01,Central,,22.0,2106.0,88.5341,VALIDATION
WH025,2022-01-01,North,47.6835,7.0,2406.0,90.3008,VALIDATION
WH025,2022-01-01,Central,64.5416,44.0,2405.0,89.7507,VALIDATION
WH025,2022-01-01,North,59.5904,33.0,2352.0,86.2626,VALIDATION
WH026,2022-01-01,North,51.2208,42.0,1627.0,93.0002,VALIDATION
WH026,2022-01-01,North,77.007,12.0,1757.0,93.5225,VALIDATION
WH026,2022-01-01,Central,82.3551,9.0,207.0,92.1672,VALIDATION
WH027,2022-01-01,South,49.5958,14.0,1104.0,85.3264,VALIDATION
WH027,2022-01-01,East,47.9428,17.0,,87.398,VALIDATION
WH027,2022-01-01,East,96.9068,9.0,1569.0,92.5497,VALIDATION
WH028,2022-01-01,Central,56.8637,38.0,279.0,85.5818,VALIDATION
WH028,2022-01-01,South,89.9466,24.0,646.0,85.2815,VALIDATION
WH028,2022-01-01,South,59.091,31.0,2409.0,93.528,VALIDATION
WH029,2022-01-01,Central,91.9416,43.0,1042.0,98.5584,VALIDATION
WH029,2022-01-01,North,93.3889,9.0,881.0,93.7791,VALIDATION
WH029,2022-01-01,North,70.1468,19.0,593.0,,VALIDATION
WH030,2022-01-01,West,75.8728,22.0,1653.0,87.8113,VALIDATION
WH030,2022-01-01,South,93.7183,30.0,309.0,,VALIDATION
WH030,2022-01-01,South,79.024,16.0,1666.0,87.5273,VALIDATION
WH031,2022-01-01,North,83.1512,36.0,322.0,98.6856,VALIDATION
WH031,2022-01-01,Central,65.0337,,313.0,91.2754,VALIDATION
WH031,2022-01-01,Central,81.2652,16.0,1573.0,96.6111,VALIDATION
WH032,2022-01-01,East,93.0657,6.0,743.0,91.3468,VALIDATION
WH032,2022-01-01,East,88.2789,33.0,,96.0714,VALIDATION
WH032,2022-01-01,West,59.3198,30.0,755.0,88.0651,VALIDATION
WH033,2022-01-01,West,41.2814,33.0,974.0,85.2135,VALIDATION
WH033,2022-01-01,East,65.5925,42.0,2047.0,88.4679,VALIDATION
WH033,2022-01-01,West,48.9461,28.0,832.0,85.5422,VALIDATION
WH034,2022-01-01,North,59.2612,41.0,1335.0,85.3629,VALIDATION
WH034,2022-01-01,East,67.6923,13.0,460.0,98.4805,VALIDATION
WH034,2022-01-01,West,50.2478,,1889.0,88.8941,VALIDATION
WH035,2022-01-01,South,,35.0,2101.0,93.3526,VALIDATION
WH035,2022-01-01,North,61.0277,11.0,2213.0,92.8688,VALIDATION
WH035,2022-01-01,Central,78.5808,8.0,1493.0,92.2301,VALIDATION
WH036,2022-01-01,East,55.7279,16.0,2077.0,90.0727,VALIDATION
WH036,2022-01-01,West,84.7508,43.0,2098.0,93.4129,VALIDATION
WH036,2022-01-01,South,97.2801,26.0,1084.0,87.9104,VALIDATION
WH037,2022-01-01,West,85.3695,29.0,2267.0,86.3984,VALIDATION
WH037,2022-01-01,South,46.9681,9.0,1666.0,92.8825,VALIDATION
WH037,2022-01-01,West,75.0382,10.0,1592.0,95.2889,VALIDATION
WH038,2022-01-01,South,52.4613,10.0,254.0,89.4437,VALIDATION
WH038,2022-01-01,South,62.903,18.0,242.0,96.9677,VALIDATION
WH038,2022-01-01,East,95.7499,17.0,1801.0,85.5979,VALIDATION
WH039,2022-01-01,Central,53.0366,33.0,2186.0,98.4825,VALIDATION
WH039,2022-01-01,East,62.4302,10.0,1101.0,97.703,VALIDATION
WH039,2022-01-01,North,75.4075,19.0,1046.0,86.7591,VALIDATION
WH040,2022-01-01,Central,60.6125,13.0,2220.0,97.6724,VALIDATION
WH040,2022-01-01,North,91.2524,5.0,,92.4003,VALIDATION
WH040,2022-01-01,East,43.2667,27.0,607.0,94.284,VALIDATION
WH041,2022-01-01,East,66.708,41.0,251.0,89.5209,VALIDATION
WH041,2022-01-01,East,94.4375,17.0,2395.0,85.2875,VALIDATION
WH041,2022-01-01,West,55.6349,25.0,1228.0,88.5992,VALIDATION
WH042,2022-01-01,North,69.7808,30.0,2096.0,95.9619,VALIDATION
WH042,2022-01-01,South,96.1024,36.0,2267.0,88.4381,VALIDATION
WH042,2022-01-01,North,95.8607,16.0,2029.0,95.4671,VALIDATION
WH043,2022-01-01,South,80.0793,23.0,2330.0,,VALIDATION
WH043,2022-01-01,South,47.0787,14.0,2205.0,96.8299,VALIDATION
WH043,2022-01-01,East,40.063,32.0,595.0,96.9807,VALIDATION
WH044,2022-01-01,South,56.4364,27.0,1371.0,97.0249,VALIDATION
WH044,2022-01-01,East,91.2516,41.0,1336.0,98.1537,VALIDATION
WH044,2022-01-01,North,74.7123,6.0,2013.0,87.4367,VALIDATION
WH045,2022-01-01,East,71.7339,31.0,477.0,90.9061,VALIDATION
WH045,2022-01-01,West,44.0681,22.0,883.0,85.0713,VALIDATION
WH045,2022-01-01,Central,50.7173,32.0,2420.0,94.3683,VALIDATION
WH046,2022-01-01,Central,64.7283,36.0,1805.0,89.2812,VALIDATION
WH046,2022-01-01,West,81.8007,27.0,261.0,93.7733,VALIDATION
WH046,2022-01-01,East,65.3027,33.0,985.0,90.8802,VALIDATION
WH047,2022-01-01,South,90.7035,38.0,1785.0,90.1113,VALIDATION
WH047,2022-01-01,South,93.7788,9.0,903.0,88.997,VALIDATION
WH047,2022-01-01,East,92.2636,38.0,2173.0,92.6007,VALIDATION
WH048,2022-01-01,North,72.9287,32.0,179.0,93.431,VALIDATION
WH048,2022-01-01,North,82.8512,10.0,470.0,98.3282,VALIDATION
WH048,2022-01-01,Central,49.3271,20.0,1552.0,97.1115,VALIDATION
WH049,2022-01-01,East,77.7181,19.0,1976.0,90.5146,VALIDATION
WH049,2022-01-01,East,66.3049,33.0,2343.0,97.3044,VALIDATION
WH049,2022-01-01,Central,52.8921,23.0,1635.0,97.7379,VALIDATION
WH050,2022-01-01,East,40.9904,40.0,2064.0,95.3153,VALIDATION
WH050,2022-01-01,Central,52.1127,42.0,1745.0,88.6769,VALIDATION
WH050,2022-01-01,East,46.7145,44.0,1266.0,94.229,VALIDATION
WH001,2022-02-01,South,87.5286,32.0,2004.0,94.3775,VALIDATION
WH001,2022-02-01,South,91.9854,12.0,1118.0,95.8419,VALIDATION
WH001,2022-02-01,Central,93.9789,11.0,1148.0,89.2078,VALIDATION
WH002,2022-02-01,South,85.1916,33.0,987.0,86.6168,VALIDATION
WH002,2022-02-01,West,87.9311,12.0,343.0,89.4235,VALIDATION
WH002,2022-02-01,West,94.4219,44.0,,86.3633,VALIDATION
WH003,2022-02-01,West,88.1814,5.0,335.0,97.9147,VALIDATION
WH003,2022-02-01,North,86.0119,11.0,541.0,92.8451,VALIDATION
WH003,2022-02-01,South,87.1683,14.0,1878.0,95.2931,VALIDATION
WH004,2022-02-01,West,90.1059,25.0,217.0,88.1728,VALIDATION
WH004,2022-02-01,West,93.4318,27.0,1087.0,88.3328,VALIDATION
WH004,2022-02-01,North,90.8605,19.0,1511.0,95.4061,VALIDATION
WH005,2022-02-01,Central,90.8927,29.0,2252.0,87.0685,VALIDATION
WH005,2022-02-01,East,91.9055,18.0,2184.0,96.7739,VALIDATION
WH005,2022-02-01,East,94.9103,7.0,1839.0,89.172,VALIDATION
WH006,2022-02-01,West,93.0201,30.0,1529.0,90.679,VALIDATION
WH006,2022-02-01,West,88.059,16.0,118.0,91.523,VALIDATION
WH006,2022-02-01,North,85.0141,17.0,,92.3289,VALIDATION
WH007,2022-02-01,West,91.3511,41.0,1791.0,97.2279,VALIDATION
WH007,2022-02-01,Central,92.9884,26.0,720.0,94.1303,VALIDATION
WH007,2022-02-01,North,87.4266,34.0,2131.0,90.5507,VALIDATION
WH008,2022-02-01,East,91.3489,13.0,835.0,87.0609,VALIDATION
WH008,2022-02-01,North,92.7195,9.0,1155.0,90.8193,VALIDATION
WH008,2022-02-01,Central,88.1379,5.0,2260.0,91.3986,VALIDATION
WH009,2022-02-01,North,87.4169,38.0,635.0,87.3195,VALIDATION
WH009,2022-02-01,North,94.1563,19.0,1677.0,95.5328,VALIDATION
WH009,2022-02-01,South,87.5123,,999.0,85.7617,VALIDATION
WH010,2022-02-01,East,92.8147,7.0,127.0,98.606,VALIDATION
WH010,2022-02-01,North,86.6789,39.0,306.0,97.2419,VALIDATION
WH010,2022-02-01,West,89.0259,5.0,148.0,85.0952,VALIDATION
WH011,2022-02-01,East,90.8854,24.0,2246.0,88.5266,VALIDATION
WH011,2022-02-01,North,86.3365,35.0,1711.0,87.4958,VALIDATION
WH011,2022-02-01,West,88.0227,,1693.0,96.5726,VALIDATION
WH012,2022-02-01,South,86.2888,34.0,2012.0,93.4669,VALIDATION
WH012,2022-02-01,South,89.9272,25.0,875.0,90.6815,VALIDATION
WH012,2022-02-01,East,91.8617,40.0,2380.0,92.0812,VALIDATION
WH013,2022-02-01,Central,94.6284,13.0,1558.0,86.6773,VALIDATION
WH013,2022-02-01,West,88.9404,14.0,1036.0,92.4525,VALIDATION
WH013,2022-02-01,South,93.21,37.0,1945.0,98.8787,VALIDATION
WH014,2022-02-01,East,88.2025,8.0,2223.0,87.0881,VALIDATION
WH014,2022-02-01,North,86.3304,17.0,234.0,91.368,VALIDATION
WH014,2022-02-01,North,85.8323,8.0,804.0,,VALIDATION
WH015,2022-02-01,West,88.3972,19.0,2478.0,95.9813,VALIDATION
WH015,2022-02-01,Central,,19.0,2153.0,97.343,VALIDATION
WH015,2022-02-01,North,89.1908,21.0,398.0,98.298,VALIDATION
WH016,2022-02-01,Central,87.5618,24.0,387.0,92.7905,VALIDATION
WH016,2022-02-01,North,94.9823,,1084.0,90.5683,VALIDATION
WH016,2022-02-01,East,87.0198,8.0,2170.0,98.3974,VALIDATION
WH017,2022-02-01,Central,89.4721,16.0,1801.0,95.5705,VALIDATION
WH017,2022-02-01,Central,87.9869,9.0,1839.0,97.9298,VALIDATION
WH017,2022-02-01,East,89.1615,42.0,1563.0,87.4219,VALIDATION
WH018,2022-02-01,West,91.3946,42.0,1937.0,92.3828,VALIDATION
WH018,2022-02-01,South,85.6973,24.0,420.0,96.4875,VALIDATION
WH018,2022-02-01,South,93.0381,30.0,474.0,93.6825,VALIDATION
WH019,2022-02-01,North,,34.0,386.0,94.195,VALIDATION
WH019,2022-02-01,South,88.0169,8.0,2492.0,97.9838,VALIDATION
WH019,2022-02-01,Central,90.0908,23.0,2225.0,93.4118,VALIDATION
WH020,2022-02-01,East,89.5303,16.0,152.0,89.2725,VALIDATION
WH020,2022-02-01,North,87.4793,7.0,270.0,87.9355,VALIDATION
WH020,2022-02-01,North,90.5051,25.0,2097.0,86.3377,VALIDATION
WH021,2022-02-01,East,92.1733,41.0,2238.0,85.4185,VALIDATION
WH021,2022-02-01,East,93.3377,36.0,2331.0,91.3736,VALIDATION
WH021,2022-02-01,East,89.9507,25.0,246.0,93.0426,VALIDATION
WH022,2022-02-01,Central,93.7702,17.0,2179.0,94.7301,VALIDATION
WH022,2022-02-01,West,89.2518,28.0,1749.0,93.9099,VALIDATION
WH022,2022-02-01,Central,85.7738,38.0,1520.0,98.307,VALIDATION
WH023,2022-02-01,South,92.1417,29.0,403.0,89.4194,VALIDATION
WH023,2022-02-01,Central,89.0234,44.0,2264.0,93.1471,VALIDATION
WH023,2022-02-01,South,85.9001,36.0,1005.0,85.5717,VALIDATION
WH024,2022-02-01,West,94.9055,27.0,2106.0,89.0564,VALIDATION
WH024,2022-02-01,West,88.9686,7.0,1165.0,93.7786,VALIDATION
WH024,2022-02-01,East,94.3473,40.0,1229.0,90.9858,VALIDATION
WH025,2022-02-01,West,92.4683,16.0,2340.0,97.9836,VALIDATION
WH025,2022-02-01,Central,90.7969,40.0,1893.0,97.9249,VALIDATION
WH025,2022-02-01,East,86.9487,31.0,1360.0,94.3096,VALIDATION
WH026,2022-02-01,North,85.3932,29.0,2348.0,89.03,VALIDATION
WH026,2022-02-01,North,92.2694,28.0,274.0,86.6493,VALIDATION
WH026,2022-02-01,North,89.0692,16.0,495.0,87.4041,VALIDATION
WH027,2022-02-01,West,87.4755,38.0,,97.2719,VALIDATION
WH027,2022-02-01,North,91.2596,9.0,1580.0,90.8061,VALIDATION
WH027,2022-02-01,South,90.6894,,1670.0,94.9199,VALIDATION
WH028,2022-02-01,West,94.2693,7.0,277.0,86.964,VALIDATION
WH028,2022-02-01,West,86.0624,24.0,812.0,92.7734,VALIDATION
WH028,2022-02-01,Central,91.3712,22.0,2323.0,87.7641,VALIDATION
WH029,2022-02-01,East,90.266,28.0,345.0,87.8141,VALIDATION
WH029,2022-02-01,East,90.0527,33.0,2019.0,98.4948,VALIDATION
WH029,2022-02-01,East,92.6668,5.0,501.0,90.5384,VALIDATION
WH030,2022-02-01,East,88.934,44.0,471.0,93.5669,VALIDATION
WH030,2022-02-01,West,85.9063,44.0,2269.0,87.5665,VALIDATION
WH030,2022-02-01,South,85.9653,16.0,1615.0,88.8715,VALIDATION
WH031,2022-02-01,Central,91.1613,38.0,881.0,98.7732,VALIDATION
WH031,2022-02-01,East,94.1811,6.0,941.0,96.4206,VALIDATION
WH031,2022-02-01,West,87.6141,13.0,733.0,87.9027,VALIDATION
WH032,2022-02-01,South,91.6825,14.0,1639.0,97.6376,VALIDATION
WH032,2022-02-01,North,86.133,36.0,711.0,90.137,VALIDATION
WH032,2022-02-01,South,89.1243,31.0,118.0,96.739,VALIDATION
WH033,2022-02-01,North,92.9779,6.0,2267.0,92.3859,VALIDATION
WH033,2022-02-01,North,85.081,8.0,559.0,92.8926,VALIDATION
WH033,2022-02-01,West,88.7581,12.0,1519.0,,VALIDATION
WH034,2022-02-01,North,92.1815,22.0,1676.0,88.3928,VALIDATION
WH034,2022-02-01,East,87.036,14.0,223.0,94.141,VALIDATION
WH034,2022-02-01,East,94.9469,30.0,1495.0,90.2284,VALIDATION
WH035,2022-02-01,Central,85.351,30.0,697.0,86.6798,VALIDATION
WH035,2022-02-01,West,90.2246,5.0,681.0,94.4455,VALIDATION
WH035,2022-02-01,North,87.2451,35.0,1302.0,93.6204,VALIDATION
WH036,2022-02-01,West,90.3852,29.0,,86.2047,VALIDATION
WH036,2022-02-01,East,92.1333,5.0,1649.0,97.9848,VALIDATION
WH036,2022-02-01,East,94.3734,33.0,2200.0,89.2308,VALIDATION
WH037,2022-02-01,West,94.2041,40.0,1119.0,96.9077,VALIDATION
WH037,2022-02-01,East,92.3868,44.0,475.0,92.9586,VALIDATION
WH037,2022-02-01,North,90.7641,39.0,2061.0,92.7318,VALIDATION
WH038,2022-02-01,North,92.1546,10.0,1726.0,89.0031,VALIDATION
WH038,2022-02-01,West,94.2479,17.0,2463.0,92.1012,VALIDATION
WH038,2022-02-01,West,93.3272,44.0,974.0,88.37,VALIDATION
WH039,2022-02-01,East,87.6745,18.0,2276.0,87.0058,VALIDATION
WH039,2022-02-01,South,85.8782,43.0,1987.0,91.112,VALIDATION
WH039,2022-02-01,South,86.0927,41.0,2151.0,96.4332,VALIDATION
WH040,2022-02-01,North,93.1137,38.0,2277.0,93.8116,VALIDATION
WH040,2022-02-01,South,85.4218,8.0,1378.0,85.2554,VALIDATION
WH040,2022-02-01,Central,86.5671,26.0,1558.0,87.3406,VALIDATION
WH041,2022-02-01,East,88.194,33.0,1915.0,91.6125,VALIDATION
WH041,2022-02-01,Central,93.6016,6.0,1307.0,89.1129,VALIDATION
WH041,2022-02-01,East,92.1898,44.0,2016.0,95.3518,VALIDATION
WH042,2022-02-01,South,87.3493,22.0,1218.0,95.1879,VALIDATION
WH042,2022-02-01,North,93.7369,34.0,1655.0,91.1316,VALIDATION
WH042,2022-02-01,South,89.7739,43.0,1650.0,85.6628,VALIDATION
WH043,2022-02-01,East,94.7257,30.0,2147.0,90.9217,VALIDATION
WH043,2022-02-01,Central,92.3429,43.0,1875.0,90.1953,VALIDATION
WH043,2022-02-01,South,94.7929,19.0,555.0,93.9691,VALIDATION
WH044,2022-02-01,North,93.0825,31.0,335.0,87.2356,VALIDATION
WH044,2022-02-01,North,86.9804,39.0,875.0,89.6996,VALIDATION
WH044,2022-02-01,North,91.0851,33.0,1889.0,96.764,VALIDATION
WH045,2022-02-01,Central,87.9069,17.0,2376.0,94.7872,VALIDATION
WH045,2022-02-01,Central,87.5133,29.0,1928.0,86.402,VALIDATION
WH045,2022-02-01,Central,86.7997,22.0,2410.0,91.5365,VALIDATION
WH046,2022-02-01,West,94.0223,14.0,154.0,91.3348,VALIDATION
WH046,2022-02-01,South,87.0373,26.0,566.0,93.6022,VALIDATION
WH046,2022-02-01,West,91.8604,24.0,654.0,95.6753,VALIDATION
WH047,2022-02-01,North,91.1613,30.0,912.0,91.5314,VALIDATION
WH047,2022-02-01,West,91.9487,22.0,881.0,88.2043,VALIDATION
WH047,2022-02-01,South,91.0563,26.0,324.0,88.3007,VALIDATION
WH048,2022-02-01,North,91.0635,31.0,,90.2034,VALIDATION
WH048,2022-02-01,North,90.3804,30.0,1415.0,90.8507,VALIDATION
WH048,2022-02-01,Central,89.9332,40.0,294.0,86.3296,VALIDATION
WH049,2022-02-01,North,93.2262,40.0,1340.0,88.9289,VALIDATION
WH049,2022-02-01,Central,,,468.0,88.6339,VALIDATION
WH049,2022-02-01,North,91.3689,11.0,1629.0,89.5676,VALIDATION
WH050,2022-02-01,East,,33.0,927.0,96.7138,VALIDATION
WH050,2022-02-01,Central,85.1043,34.0,1550.0,94.5945,VALIDATION
WH050,2022-02-01,South,93.3817,27.0,1356.0,85.2323,VALIDATION
WH001,2022-03-01,South,91.3653,42.0,2248.0,94.4642,VALIDATION
WH001,2022-03-01,Central,88.1494,11.0,1553.0,97.2184,VALIDATION
WH001,2022-03-01,West,94.374,17.0,2387.0,,VALIDATION
WH002,2022-03-01,East,93.1868,32.0,1312.0,98.4887,VALIDATION
WH002,2022-03-01,Central,92.5732,8.0,634.0,93.3704,VALIDATION
WH002,2022-03-01,East,88.7837,14.0,1371.0,97.9004,VALIDATION
WH003,2022-03-01,North,86.7792,,2412.0,92.5765,VALIDATION
WH003,2022-03-01,South,86.3667,5.0,2012.0,90.9071,VALIDATION
WH003,2022-03-01,South,86.2473,35.0,205.0,98.2443,VALIDATION
WH004,2022-03-01,South,91.611,26.0,807.0,94.7304,VALIDATION
WH004,2022-03-01,West,88.4563,16.0,1704.0,88.5446,VALIDATION
WH004,2022-03-01,South,85.015,30.0,1441.0,93.4297,VALIDATION
WH005,2022-03-01,South,87.038,19.0,525.0,86.1655,VALIDATION
WH005,2022-03-01,East,93.8945,32.0,213.0,92.1529,VALIDATION
WH005,2022-03-01,East,94.7145,42.0,939.0,95.1207,VALIDATION
WH006,2022-03-01,East,87.2717,35.0,1425.0,87.5862,VALIDATION
WH006,2022-03-01,North,88.3044,43.0,450.0,93.838,VALIDATION
WH006,2022-03-01,East,92.6384,8.0,1370.0,89.3693,VALIDATION
WH007,2022-03-01,South,86.404,9.0,301.0,88.7684,VALIDATION
WH007,2022-03-01,West,85.1778,31.0,2428.0,92.8758,VALIDATION
WH007,2022-03-01,West,90.3469,30.0,2317.0,96.1059,VALIDATION
WH008,2022-03-01,East,87.6683,23.0,1546.0,89.8695,VALIDATION
WH008,2022-03-01,North,87.7828,33.0,1171.0,97.0987,VALIDATION
WH008,2022-03-01,East,91.906,7.0,2372.0,90.8516,VALIDATION
WH009,2022-03-01,South,90.518,37.0,1620.0,91.8443,VALIDATION
WH009,2022-03-01,Central,88.4834,22.0,2239.0,88.7296,VALIDATION
WH009,2022-03-01,East,91.8786,41.0,753.0,90.0362,VALIDATION
WH010,2022-03-01,East,91.5181,6.0,601.0,87.1384,VALIDATION
WH010,2022-03-01,South,86.5405,12.0,254.0,85.8639,VALIDATION
WH010,2022-03-01,West,92.8628,31.0,861.0,94.636,VALIDATION
WH011,2022-03-01,West,89.327,41.0,,85.3254,VALIDATION
WH011,2022-03-01,South,87.6321,30.0,1441.0,96.4239,VALIDATION
WH011,2022-03-01,South,90.0565,36.0,463.0,97.0879,VALIDATION
WH012,2022-03-01,Central,90.0507,11.0,425.0,92.1642,VALIDATION
WH012,2022-03-01,East,92.5751,28.0,1016.0,88.4247,VALIDATION
WH012,2022-03-01,South,94.6676,6.0,304.0,97.6284,VALIDATION
WH013,2022-03-01,South,89.717,34.0,1067.0,86.2076,VALIDATION
WH013,2022-03-01,North,88.0431,42.0,,92.2569,VALIDATION
WH013,2022-03-01,Central,90.5205,23.0,604.0,93.6756,VALIDATION
WH014,2022-03-01,East,85.5145,24.0,781.0,92.6132,VALIDATION
WH014,2022-03-01,North,93.4666,35.0,1912.0,96.5032,VALIDATION
WH014,2022-03-01,West,94.1623,13.0,1437.0,89.4449,VALIDATION
WH015,2022-03-01,East,85.1257,29.0,703.0,87.5669,VALIDATION
WH015,2022-03-01,North,91.5852,32.0,956.0,98.9696,VALIDATION
WH015,2022-03-01,West,85.1766,20.0,2221.0,98.6085,VALIDATION
WH016,2022-03-01,West,87.0619,37.0,1427.0,91.098,VALIDATION
WH016,2022-03-01,East,94.1543,12.0,1146.0,85.817,VALIDATION
WH016,2022-03-01,East,91.2997,18.0,515.0,91.4651,VALIDATION
WH017,2022-03-01,East,94.905,37.0,1125.0,85.3765,VALIDATION
WH017,2022-03-01,East,,16.0,1274.0,96.4031,VALIDATION
WH017,2022-03-01,Central,94.3194,20.0,1472.0,93.4797,VALIDATION
WH018,2022-03-01,Central,86.1262,10.0,1339.0,87.8571,VALIDATION
WH018,2022-03-01,West,89.6878,21.0,1115.0,96.1477,VALIDATION
WH018,2022-03-01,East,88.2446,13.0,1924.0,88.215,VALIDATION
WH019,2022-03-01,West,,6.0,1137.0,92.3436,VALIDATION
WH019,2022-03-01,West,93.0054,23.0,1708.0,95.7996,VALIDATION
WH019,2022-03-01,East,93.2777,27.0,465.0,94.3726,VALIDATION
WH020,2022-03-01,East,88.2776,14.0,1862.0,85.1188,VALIDATION
WH020,2022-03-01,Central,92.4589,40.0,1178.0,94.9827,VALIDATION
WH020,2022-03-01,West,91.9172,9.0,327.0,91.0741,VALIDATION
WH021,2022-03-01,East,91.2115,20.0,,92.283,VALIDATION
WH021,2022-03-01,North,87.7774,37.0,1422.0,91.2449,VALIDATION
WH021,2022-03-01,West,94.8871,6.0,2396.0,85.9666,VALIDATION
WH022,2022-03-01,North,93.5178,35.0,1766.0,93.5292,VALIDATION
WH022,2022-03-01,North,90.31,21.0,230.0,89.2197,VALIDATION
WH022,2022-03-01,South,87.338,21.0,651.0,88.9513,VALIDATION
WH023,2022-03-01,East,86.1323,16.0,1136.0,97.2023,VALIDATION
WH023,2022-03-01,North,91.4561,32.0,492.0,94.75,VALIDATION
WH023,2022-03-01,North,85.8463,,608.0,88.3029,VALIDATION
WH024,2022-03-01,Central,93.4939,27.0,1525.0,93.6974,VALIDATION
WH024,2022-03-01,Central,94.1722,38.0,2081.0,90.7485,VALIDATION
WH024,2022-03-01,South,89.1996,20.0,2132.0,96.8569,VALIDATION
WH025,2022-03-01,East,86.5531,34.0,2200.0,93.4406,VALIDATION
WH025,2022-03-01,South,93.9515,28.0,2142.0,92.9251,VALIDATION
WH025,2022-03-01,Central,90.2389,18.0,291.0,90.0931,VALIDATION
WH026,2022-03-01,West,88.8879,44.0,2060.0,92.3605,VALIDATION
WH026,2022-03-01,Central,88.1479,14.0,891.0,96.7309,VALIDATION
WH026,2022-03-01,Central,94.1029,5.0,1409.0,,VALIDATION
WH027,2022-03-01,West,87.8823,20.0,2353.0,91.4003,VALIDATION
WH027,2022-03-01,West,85.762,18.0,701.0,89.4017,VALIDATION
WH027,2022-03-01,East,89.5769,32.0,1517.0,85.0466,VALIDATION
WH028,2022-03-01,North,93.3958,21.0,1167.0,85.6924,VALIDATION
WH028,2022-03-01,East,90.113,26.0,703.0,91.0569,VALIDATION
WH028,2022-03-01,East,87.6183,43.0,2401.0,85.2032,VALIDATION
WH029,2022-03-01,West,89.4026,34.0,,96.7695,VALIDATION
WH029,2022-03-01,Central,86.1844,17.0,1493.0,96.2146,VALIDATION
WH029,2022-03-01,North,93.2467,6.0,435.0,93.5315,VALIDATION
WH030,2022-03-01,Central,93.7789,,435.0,88.1184,VALIDATION
WH030,2022-03-01,Central,92.1852,40.0,1496.0,93.0767,VALIDATION
WH030,2022-03-01,Central,88.1025,26.0,,87.8509,VALIDATION
WH031,2022-03-01,East,89.0451,26.0,1524.0,91.13,VALIDATION
WH031,2022-03-01,Central,94.9185,26.0,908.0,85.1087,VALIDATION
WH031,2022-03-01,North,94.2548,36.0,1501.0,94.0033,VALIDATION
WH032,2022-03-01,North,94.2092,12.0,2024.0,93.9234,VALIDATION
WH032,2022-03-01,South,86.63,23.0,1894.0,93.8089,VALIDATION
WH032,2022-03-01,East,89.7561,6.0,796.0,92.2492,VALIDATION
WH033,2022-03-01,West,94.2053,37.0,1106.0,87.4737,VALIDATION
WH033,2022-03-01,North,88.33,8.0,1125.0,86.4792,VALIDATION
WH033,2022-03-01,East,91.5806,38.0,1474.0,96.4287,VALIDATION
WH034,2022-03-01,West,,24.0,824.0,93.1784,VALIDATION
WH034,2022-03-01,South,86.7392,6.0,1246.0,96.5032,VALIDATION
WH034,2022-03-01,South,93.2562,21.0,1054.0,92.1458,VALIDATION
WH035,2022-03-01,East,85.6641,27.0,588.0,88.2693,VALIDATION
WH035,2022-03-01,East,85.3853,14.0,804.0,86.9147,VALIDATION
WH035,2022-03-01,Central,91.4475,21.0,1708.0,,VALIDATION
WH036,2022-03-01,East,87.2816,22.0,911.0,89.7966,VALIDATION
WH036,2022-03-01,East,86.1087,22.0,424.0,86.4062,VALIDATION
WH036,2022-03-01,Central,85.7556,21.0,134.0,87.7934,VALIDATION
WH037,2022-03-01,South,93.2123,,2225.0,97.4689,VALIDATION
WH037,2022-03-01,North,90.981,14.0,1286.0,92.9707,VALIDATION
WH037,2022-03-01,North,91.0262,17.0,1011.0,95.0999,VALIDATION
WH038,2022-03-01,West,93.883,34.0,2430.0,93.8307,VALIDATION
WH038,2022-03-01,Central,85.2617,43.0,1147.0,91.4664,VALIDATION
WH038,2022-03-01,Central,,33.0,227.0,93.6692,VALIDATION
WH039,2022-03-01,East,89.8913,34.0,1558.0,91.0212,VALIDATION
WH039,2022-03-01,West,94.8449,29.0,2493.0,86.8314,VALIDATION
WH039,2022-03-01,East,88.3906,43.0,1241.0,,VALIDATION
WH040,2022-03-01,East,91.2509,23.0,2031.0,93.7708,VALIDATION
WH040,2022-03-01,South,90.8511,30.0,117.0,91.049,VALIDATION
WH040,2022-03-01,West,93.5941,40.0,2309.0,91.4335,VALIDATION
WH041,2022-03-01,East,93.4908,7.0,2016.0,97.6597,VALIDATION
WH041,2022-03-01,West,94.5132,34.0,270.0,87.196,VALIDATION
WH041,2022-03-01,South,87.3204,,2000.0,90.5239,VALIDATION
WH042,2022-03-01,South,89.2617,19.0,2247.0,92.9053,VALIDATION
WH042,2022-03-01,West,93.8385,44.0,1878.0,88.7586,VALIDATION
WH042,2022-03-01,West,87.7432,,694.0,91.8083,VALIDATION
WH043,2022-03-01,South,92.3362,24.0,2412.0,92.129,VALIDATION
WH043,2022-03-01,South,92.7607,36.0,936.0,95.1136,VALIDATION
WH043,2022-03-01,West,88.9133,8.0,331.0,93.9492,VALIDATION
WH044,2022-03-01,North,92.7025,23.0,2165.0,92.9045,VALIDATION
WH044,2022-03-01,Central,89.9319,15.0,2462.0,85.3344,VALIDATION
WH044,2022-03-01,Central,93.6505,17.0,1334.0,87.5892,VALIDATION
WH045,2022-03-01,West,87.2675,14.0,356.0,90.0941,VALIDATION
WH045,2022-03-01,North,91.4609,32.0,182.0,86.6802,VALIDATION
WH045,2022-03-01,East,90.9842,24.0,1942.0,97.2084,VALIDATION
WH046,2022-03-01,West,93.2781,9.0,373.0,87.2167,VALIDATION
WH046,2022-03-01,Central,88.4993,28.0,756.0,95.3032,VALIDATION
WH046,2022-03-01,South,90.3207,12.0,2025.0,95.8794,VALIDATION
WH047,2022-03-01,North,88.5171,41.0,1587.0,95.7603,VALIDATION
WH047,2022-03-01,South,90.4653,40.0,1920.0,90.4623,VALIDATION
WH047,2022-03-01,West,87.9827,11.0,2161.0,94.6243,VALIDATION
WH048,2022-03-01,South,94.0573,20.0,382.0,95.0406,VALIDATION
WH048,2022-03-01,West,86.7199,41.0,1474.0,89.6239,VALIDATION
WH048,2022-03-01,Central,93.0226,11.0,1566.0,87.8806,VALIDATION
WH049,2022-03-01,East,93.8512,8.0,566.0,92.9169,VALIDATION
WH049,2022-03-01,Central,94.7247,12.0,1315.0,96.8618,VALIDATION
WH049,2022-03-01,East,93.6251,21.0,342.0,86.821,VALIDATION
WH050,2022-03-01,West,89.0577,14.0,961.0,97.7217,VALIDATION
WH050,2022-03-01,Central,88.4461,33.0,1755.0,94.6903,VALIDATION
WH050,2022-03-01,Central,94.8196,5.0,1140.0,90.6739,VALIDATION
WH001,2022-04-01,East,61.9456,10.0,1833.0,97.1137,VALIDATION
WH001,2022-04-01,South,61.9359,18.0,488.0,92.4871,VALIDATION
WH001,2022-04-01,West,48.1952,28.0,1981.0,93.9529,VALIDATION
WH002,2022-04-01,Central,54.3199,28.0,127.0,93.8047,VALIDATION
WH002,2022-04-01,South,63.9549,35.0,1103.0,86.6666,VALIDATION
WH002,2022-04-01,West,67.0789,19.0,1874.0,91.2765,VALIDATION
WH003,2022-04-01,West,48.3687,19.0,,86.5287,VALIDATION
WH003,2022-04-01,North,63.2085,10.0,365.0,87.3448,VALIDATION
WH003,2022-04-01,North,46.4925,6.0,215.0,91.769,VALIDATION
WH004,2022-04-01,Central,75.9247,15.0,194.0,96.1386,VALIDATION
WH004,2022-04-01,West,84.0651,8.0,1272.0,93.1741,VALIDATION
WH004,2022-04-01,North,62.7519,19.0,1586.0,85.7225,VALIDATION
WH005,2022-04-01,East,92.9167,30.0,224.0,93.7959,VALIDATION
WH005,2022-04-01,East,67.1164,21.0,830.0,90.233,VALIDATION
WH005,2022-04-01,East,92.4748,32.0,594.0,89.3329,VALIDATION
WH006,2022-04-01,South,61.0171,44.0,2345.0,97.4857,VALIDATION
WH006,2022-04-01,North,83.1716,44.0,2049.0,,VALIDATION
WH006,2022-04-01,East,69.8772,12.0,2388.0,93.2321,VALIDATION
WH007,2022-04-01,East,52.1697,30.0,1100.0,91.436,VALIDATION
WH007,2022-04-01,North,49.4562,24.0,1186.0,90.75,VALIDATION
WH007,2022-04-01,North,42.7467,,967.0,96.9253,VALIDATION
WH008,2022-04-01,South,61.27,35.0,324.0,91.8239,VALIDATION
WH008,2022-04-01,East,55.8033,17.0,1914.0,87.2564,VALIDATION
WH008,2022-04-01,South,54.5396,16.0,320.0,95.7322,VALIDATION
WH009,2022-04-01,Central,,17.0,1371.0,87.3939,VALIDATION
WH009,2022-04-01,West,65.1513,27.0,1068.0,98.8448,VALIDATION
WH009,2022-04-01,East,68.0784,18.0,1507.0,91.4628,VALIDATION
WH010,2022-04-01,North,77.9305,31.0,2452.0,93.7875,VALIDATION
WH010,2022-04-01,East,51.9821,19.0,1348.0,95.9649,VALIDATION
WH010,2022-04-01,North,47.1011,10.0,2388.0,96.3359,VALIDATION
WH011,2022-04-01,Central,88.0533,33.0,2320.0,,VALIDATION
WH011,2022-04-01,North,59.1839,22.0,823.0,92.808,VALIDATION
WH011,2022-04-01,South,51.678,,939.0,86.4487,VALIDATION
WH012,2022-04-01,East,96.8526,20.0,1818.0,97.2175,VALIDATION
WH012,2022-04-01,North,51.5168,29.0,1696.0,85.0307,VALIDATION
WH012,2022-04-01,Central,59.2429,28.0,1183.0,97.5984,VALIDATION
WH013,2022-04-01,West,42.1326,15.0,1218.0,96.5349,VALIDATION
WH013,2022-04-01,Central,61.8928,44.0,405.0,89.4841,VALIDATION
WH013,2022-04-01,North,47.2551,35.0,889.0,93.9706,VALIDATION
WH014,2022-04-01,Central,50.2259,32.0,680.0,93.2499,VALIDATION
WH014,2022-04-01,North,76.9992,29.0,1339.0,90.3902,VALIDATION
WH014,2022-04-01,West,80.9236,44.0,150.0,92.2935,VALIDATION
WH015,2022-04-01,East,88.016,34.0,1865.0,87.7249,VALIDATION
WH015,2022-04-01,East,53.2593,22.0,1433.0,98.2418,VALIDATION
WH015,2022-04-01,North,62.1963,19.0,1456.0,87.9419,VALIDATION
WH016,2022-04-01,East,60.3451,31.0,1674.0,87.538,VALIDATION
WH016,2022-04-01,North,72.4745,40.0,654.0,87.9768,VALIDATION
WH016,2022-04-01,North,67.8705,43.0,1791.0,92.7219,VALIDATION
WH017,2022-04-01,North,59.0098,28.0,1005.0,97.3669,VALIDATION
WH017,2022-04-01,East,,40.0,761.0,91.2799,VALIDATION
WH017,2022-04-01,West,82.0239,19.0,1785.0,90.765,VALIDATION
WH018,2022-04-01,South,84.8433,28.0,765.0,87.6666,VALIDATION
WH018,2022-04-01,Central,60.9949,25.0,1262.0,87.0047,VALIDATION
WH018,2022-04-01,East,49.4883,37.0,1235.0,97.8483,VALIDATION
WH019,2022-04-01,North,,28.0,1084.0,85.788,VALIDATION
WH019,2022-04-01,East,86.2493,22.0,2483.0,91.0006,VALIDATION
WH019,2022-04-01,Central,90.6053,33.0,2097.0,90.2167,VALIDATION
WH020,2022-04-01,Central,71.022,36.0,,85.9697,VALIDATION
WH020,2022-04-01,East,80.9775,24.0,1095.0,95.5231,VALIDATION
WH020,2022-04-01,Central,72.0497,12.0,425.0,95.607,VALIDATION
WH021,2022-04-01,North,42.008,36.0,767.0,93.5003,VALIDATION
WH021,2022-04-01,Central,55.7787,33.0,2244.0,96.8016,VALIDATION
WH021,2022-04-01,Central,47.1041,,999.0,94.866,VALIDATION
WH022,2022-04-01,North,91.4212,12.0,732.0,96.9206,VALIDATION
WH022,2022-04-01,Central,48.8336,32.0,1032.0,96.0777,VALIDATION
WH022,2022-04-01,East,47.0399,9.0,1872.0,86.8174,VALIDATION
WH023,2022-04-01,East,,8.0,1745.0,89.2818,VALIDATION
WH023,2022-04-01,East,43.4346,30.0,1025.0,90.8012,VALIDATION
WH023,2022-04-01,Central,56.8356,,839.0,87.5969,VALIDATION
WH024,2022-04-01,North,47.5553,7.0,1289.0,,VALIDATION
WH024,2022-04-01,West,73.3722,44.0,573.0,88.3272,VALIDATION
WH024,2022-04-01,West,46.2843,17.0,1339.0,95.9338,VALIDATION
WH025,2022-04-01,West,72.3049,14.0,919.0,92.5096,VALIDATION
WH025,2022-04-01,East,96.9883,28.0,1221.0,88.9003,VALIDATION
WH025,2022-04-01,South,61.0644,33.0,979.0,89.1919,VALIDATION
WH026,2022-04-01,North,64.5088,44.0,797.0,95.6932,VALIDATION
WH026,2022-04-01,Central,62.8991,13.0,1915.0,90.581,VALIDATION
WH026,2022-04-01,West,74.3577,28.0,984.0,98.5357,VALIDATION
WH027,2022-04-01,North,83.1299,43.0,2098.0,86.7753,VALIDATION
WH027,2022-04-01,East,74.0517,13.0,2063.0,87.1719,VALIDATION
WH027,2022-04-01,Central,92.6075,7.0,1309.0,90.3234,VALIDATION
WH028,2022-04-01,Central,56.4606,12.0,348.0,98.5152,VALIDATION
WH028,2022-04-01,North,85.6059,17.0,2236.0,96.7342,VALIDATION
WH028,2022-04-01,Central,60.2556,11.0,,86.2597,VALIDATION
WH029,2022-04-01,North,42.0262,17.0,1914.0,85.8988,VALIDATION
WH029,2022-04-01,East,46.9456,,1040.0,91.147,VALIDATION
WH029,2022-04-01,West,,35.0,1452.0,85.7219,VALIDATION
WH030,2022-04-01,Central,73.7973,36.0,105.0,85.9953,VALIDATION
WH030,2022-04-01,South,48.8227,,881.0,89.055,VALIDATION
WH030,2022-04-01,Central,43.2558,36.0,1752.0,91.0031,VALIDATION
WH031,2022-04-01,West,49.5749,24.0,970.0,94.8166,VALIDATION
WH031,2022-04-01,North,53.5334,5.0,567.0,87.7677,VALIDATION
WH031,2022-04-01,South,88.1084,5.0,851.0,86.4958,VALIDATION
WH032,2022-04-01,East,88.2311,6.0,2339.0,90.2708,VALIDATION
WH032,2022-04-01,East,51.6047,8.0,256.0,92.7688,VALIDATION
WH032,2022-04-01,Central,52.6167,44.0,1543.0,95.564,VALIDATION
WH033,2022-04-01,Central,76.64,9.0,241.0,88.3278,VALIDATION
WH033,2022-04-01,East,69.2945,19.0,1034.0,97.9553,VALIDATION
WH033,2022-04-01,North,52.9597,15.0,1668.0,90.5728,VALIDATION
WH034,2022-04-01,North,56.2133,37.0,1080.0,91.7792,VALIDATION
WH034,2022-04-01,North,63.4892,10.0,1348.0,88.77,VALIDATION
WH034,2022-04-01,East,83.2967,32.0,2424.0,96.1137,VALIDATION
WH035,2022-04-01,East,76.4253,31.0,1842.0,95.0584,VALIDATION
WH035,2022-04-01,South,49.3481,37.0,1576.0,93.5053,VALIDATION
WH035,2022-04-01,West,45.2036,36.0,422.0,97.1288,VALIDATION
WH036,2022-04-01,East,95.975,,1489.0,95.8428,VALIDATION
WH036,2022-04-01,Central,42.5918,19.0,1821.0,90.0962,VALIDATION
WH036,2022-04-01,North,66.557,28.0,1349.0,95.8445,VALIDATION
WH037,2022-04-01,South,86.7981,6.0,2426.0,97.1695,VALIDATION
WH037,2022-04-01,West,50.8172,14.0,277.0,91.5254,VALIDATION
WH037,2022-04-01,East,87.6844,6.0,946.0,90.8554,VALIDATION
WH038,2022-04-01,West,74.2057,39.0,1255.0,96.7199,VALIDATION
WH038,2022-04-01,East,55.2374,27.0,1967.0,94.2788,VALIDATION
WH038,2022-04-01,South,58.8803,6.0,468.0,92.2117,VALIDATION
WH039,2022-04-01,South,70.6899,9.0,380.0,86.2383,VALIDATION
WH039,2022-04-01,South,51.3303,37.0,263.0,96.6034,VALIDATION
WH039,2022-04-01,West,49.3731,33.0,608.0,95.6049,VALIDATION
WH040,2022-04-01,West,50.1943,5.0,2449.0,,VALIDATION
WH040,2022-04-01,West,55.6197,11.0,227.0,89.7281,VALIDATION
WH040,2022-04-01,East,85.7684,21.0,1935.0,88.3721,VALIDATION
WH041,2022-04-01,Central,59.6408,31.0,184.0,95.7972,VALIDATION
WH041,2022-04-01,West,52.2648,34.0,248.0,85.1293,VALIDATION
WH041,2022-04-01,West,74.9385,21.0,269.0,95.5477,VALIDATION
WH042,2022-04-01,South,80.8754,28.0,2040.0,85.4892,VALIDATION
WH042,2022-04-01,West,91.834,36.0,1175.0,85.2003,VALIDATION
WH042,2022-04-01,West,58.9558,6.0,2446.0,97.6186,VALIDATION
WH043,2022-04-01,North,66.1265,39.0,2036.0,94.689,VALIDATION
WH043,2022-04-01,North,73.977,8.0,319.0,93.7617,VALIDATION
WH043,2022-04-01,North,70.1702,44.0,1723.0,96.014,VALIDATION
WH044,2022-04-01,Central,46.7021,5.0,250.0,94.8765,VALIDATION
WH044,2022-04-01,North,68.9642,28.0,2462.0,89.4154,VALIDATION
WH044,2022-04-01,South,88.147,15.0,,89.076,VALIDATION
WH045,2022-04-01,North,53.5196,42.0,2339.0,93.9542,VALIDATION
WH045,2022-04-01,South,48.7525,33.0,1612.0,95.5164,VALIDATION
WH045,2022-04-01,North,92.3212,34.0,1770.0,95.2203,VALIDATION
WH046,2022-04-01,West,53.8862,18.0,1091.0,90.8928,VALIDATION
WH046,2022-04-01,North,61.6181,44.0,1658.0,93.7338,VALIDATION
WH046,2022-04-01,West,54.7247,21.0,112.0,85.369,VALIDATION
WH047,2022-04-01,West,74.039,15.0,555.0,94.5963,VALIDATION
WH047,2022-04-01,North,78.8006,35.0,2437.0,89.7956,VALIDATION
WH047,2022-04-01,Central,81.9728,37.0,1370.0,87.3347,VALIDATION
WH048,2022-04-01,North,66.6078,27.0,1337.0,91.1376,VALIDATION
WH048,2022-04-01,South,70.3711,18.0,1661.0,92.0499,VALIDATION
WH048,2022-04-01,Central,53.1077,30.0,258.0,91.188,VALIDATION
WH049,2022-04-01,South,51.6759,44.0,878.0,89.0539,VALIDATION
WH049,2022-04-01,South,92.9685,42.0,1266.0,88.1091,VALIDATION
WH049,2022-04-01,North,82.5904,38.0,143.0,91.839,VALIDATION
WH050,2022-04-01,West,43.2904,,986.0,93.9824,VALIDATION
WH050,2022-04-01,East,42.4698,41.0,2233.0,95.7142,VALIDATION
WH050,2022-04-01,North,91.6128,,,88.1584,VALIDATION
WH001,2022-05-01,West,65.5539,29.0,192.0,85.2427,VALIDATION
WH001,2022-05-01,South,61.6309,36.0,1479.0,86.3412,VALIDATION
WH001,2022-05-01,West,57.8978,43.0,1635.0,86.9832,VALIDATION
WH002,2022-05-01,North,40.2909,10.0,,92.4277,VALIDATION
WH002,2022-05-01,East,57.5513,27.0,1679.0,88.3837,VALIDATION
WH002,2022-05-01,West,47.681,,1668.0,90.4117,VALIDATION
WH003,2022-05-01,South,44.9241,5.0,1218.0,93.6561,VALIDATION
WH003,2022-05-01,East,65.2951,30.0,290.0,86.2147,VALIDATION
WH003,2022-05-01,North,56.0526,29.0,2368.0,98.5573,VALIDATION
WH004,2022-05-01,West,86.3766,12.0,934.0,97.4045,VALIDATION
WH004,2022-05-01,South,60.3281,42.0,1780.0,98.3001,VALIDATION
WH004,2022-05-01,Central,74.0176,23.0,516.0,90.3201,VALIDATION
WH005,2022-05-01,Central,55.7336,5.0,1548.0,96.6799,VALIDATION
WH005,2022-05-01,Central,,29.0,2240.0,98.0327,VALIDATION
WH005,2022-05-01,East,57.1868,34.0,818.0,90.2394,VALIDATION
WH006,2022-05-01,South,93.3146,18.0,1170.0,87.4331,VALIDATION
WH006,2022-05-01,Central,65.3109,24.0,196.0,98.6157,VALIDATION
WH006,2022-05-01,Central,77.2031,6.0,2079.0,86.3051,VALIDATION
WH007,2022-05-01,East,49.4934,11.0,177.0,93.7309,VALIDATION
WH007,2022-05-01,North,83.2723,29.0,322.0,88.3781,VALIDATION
WH007,2022-05-01,Central,94.8891,25.0,805.0,,VALIDATION
WH008,2022-05-01,North,54.8882,38.0,1852.0,86.432,VALIDATION
WH008,2022-05-01,East,66.6378,40.0,915.0,85.573,VALIDATION
WH008,2022-05-01,Central,62.9333,24.0,151.0,89.208,VALIDATION
WH009,2022-05-01,West,91.4778,33.0,2227.0,91.472,VALIDATION
WH009,2022-05-01,Central,97.7027,20.0,2238.0,89.2518,VALIDATION
WH009,2022-05-01,Central,51.5785,11.0,1390.0,92.9486,VALIDATION
WH010,2022-05-01,North,77.1829,32.0,2415.0,89.0121,VALIDATION
WH010,2022-05-01,West,41.6154,30.0,,92.3185,VALIDATION
WH010,2022-05-01,West,41.0635,28.0,2311.0,90.0106,VALIDATION
WH011,2022-05-01,North,49.2117,30.0,443.0,,VALIDATION
WH011,2022-05-01,East,70.9367,38.0,1273.0,88.3093,VALIDATION
WH011,2022-05-01,West,74.0765,31.0,1027.0,85.7733,VALIDATION
WH012,2022-05-01,East,96.4666,38.0,629.0,95.9342,VALIDATION
WH012,2022-05-01,West,60.9537,19.0,370.0,90.0637,VALIDATION
WH012,2022-05-01,Central,,37.0,1582.0,85.7887,VALIDATION
WH013,2022-05-01,West,43.0011,12.0,381.0,98.4993,VALIDATION
WH013,2022-05-01,West,49.8688,30.0,845.0,96.9377,VALIDATION
WH013,2022-05-01,South,46.9091,33.0,1440.0,96.9794,VALIDATION
WH014,2022-05-01,West,60.8851,5.0,1590.0,,VALIDATION
WH014,2022-05-01,North,70.5417,40.0,1540.0,88.9743,VALIDATION
WH014,2022-05-01,East,66.973,36.0,1683.0,90.4595,VALIDATION
WH015,2022-05-01,East,65.4252,23.0,2019.0,98.2908,VALIDATION
WH015,2022-05-01,South,90.303,9.0,336.0,97.51,VALIDATION
WH015,2022-05-01,West,48.8155,31.0,182.0,90.4796,VALIDATION
WH016,2022-05-01,North,67.0131,33.0,1388.0,88.8459,VALIDATION
WH016,2022-05-01,Central,,29.0,2265.0,,VALIDATION
WH016,2022-05-01,Central,53.0712,5.0,876.0,87.3912,VALIDATION
WH017,2022-05-01,East,67.531,13.0,453.0,98.7041,VALIDATION
WH017,2022-05-01,East,75.4237,5.0,2393.0,88.6408,VALIDATION
WH017,2022-05-01,West,47.4834,5.0,1333.0,96.1609,VALIDATION
WH018,2022-05-01,South,62.2796,25.0,806.0,93.6793,VALIDATION
WH018,2022-05-01,North,54.5251,23.0,2122.0,94.1413,VALIDATION
WH018,2022-05-01,East,78.9218,18.0,2088.0,86.738,VALIDATION
WH019,2022-05-01,South,90.3635,7.0,244.0,89.6818,VALIDATION
WH019,2022-05-01,South,76.52,30.0,326.0,92.2664,VALIDATION
WH019,2022-05-01,North,49.0919,5.0,2354.0,90.8442,VALIDATION
WH020,2022-05-01,Central,90.8124,27.0,1346.0,88.9585,VALIDATION
WH020,2022-05-01,Central,44.2045,13.0,1364.0,87.3311,VALIDATION
WH020,2022-05-01,North,96.8391,9.0,1984.0,92.0547,VALIDATION
WH021,2022-05-01,Central,77.1062,32.0,2060.0,88.7171,VALIDATION
WH021,2022-05-01,North,66.0143,32.0,1719.0,87.2636,VALIDATION
WH021,2022-05-01,North,46.4624,18.0,712.0,93.7976,VALIDATION
WH022,2022-05-01,West,79.1615,26.0,928.0,87.3787,VALIDATION
WH022,2022-05-01,South,96.9627,28.0,790.0,88.0421,VALIDATION
WH022,2022-05-01,West,40.3013,13.0,2400.0,85.8825,VALIDATION
WH023,2022-05-01,Central,49.6402,27.0,1631.0,97.9007,VALIDATION
WH023,2022-05-01,North,45.972,19.0,,94.7433,VALIDATION
WH023,2022-05-01,East,40.8521,20.0,,98.9473,VALIDATION
WH024,2022-05-01,West,,7.0,1128.0,95.6123,VALIDATION
WH024,2022-05-01,Central,94.1385,36.0,1669.0,88.1716,VALIDATION
WH024,2022-05-01,Central,57.1519,38.0,1725.0,85.6571,VALIDATION
WH025,2022-05-01,North,80.3249,23.0,953.0,88.6645,VALIDATION
WH025,2022-05-01,North,45.4045,35.0,293.0,88.1894,VALIDATION
WH025,2022-05-01,South,62.9918,19.0,599.0,92.9561,VALIDATION
WH026,2022-05-01,North,86.8252,35.0,858.0,89.124,VALIDATION
WH026,2022-05-01,North,72.7286,23.0,341.0,96.5114,VALIDATION
WH026,2022-05-01,West,78.6069,29.0,1541.0,96.3042,VALIDATION
WH027,2022-05-01,North,76.9539,9.0,849.0,98.5355,VALIDATION
WH027,2022-05-01,North,54.4511,41.0,1205.0,92.5678,VALIDATION
WH027,2022-05-01,North,95.5817,25.0,2256.0,95.4307,VALIDATION
WH028,2022-05-01,Central,87.3903,25.0,365.0,91.2396,VALIDATION
WH028,2022-05-01,West,,8.0,359.0,88.43,VALIDATION
WH028,2022-05-01,South,44.0748,43.0,1275.0,87.3966,VALIDATION
WH029,2022-05-01,North,83.8004,6.0,1612.0,92.5549,VALIDATION
WH029,2022-05-01,North,58.5178,40.0,1658.0,93.451,VALIDATION
WH029,2022-05-01,North,79.4137,15.0,487.0,85.8188,VALIDATION
WH030,2022-05-01,South,49.5918,16.0,1952.0,86.9435,VALIDATION
WH030,2022-05-01,Central,93.5769,8.0,367.0,95.9254,VALIDATION
WH030,2022-05-01,South,40.6337,22.0,1799.0,98.9297,VALIDATION
WH031,2022-05-01,West,79.9753,30.0,1109.0,89.8037,VALIDATION
WH031,2022-05-01,West,55.1407,29.0,572.0,98.1782,VALIDATION
WH031,2022-05-01,Central,63.7818,28.0,2232.0,95.6091,VALIDATION
WH032,2022-05-01,North,77.1458,44.0,275.0,96.002,VALIDATION
WH032,2022-05-01,Central,60.3696,43.0,2048.0,88.3003,VALIDATION
WH032,2022-05-01,South,48.6326,17.0,1665.0,91.2429,VALIDATION
WH033,2022-05-01,East,67.1706,5.0,1944.0,91.8169,VALIDATION
WH033,2022-05-01,West,70.3415,14.0,313.0,98.9725,VALIDATION
WH033,2022-05-01,North,47.088,20.0,760.0,91.1123,VALIDATION
WH034,2022-05-01,South,82.6087,6.0,2090.0,90.3838,VALIDATION
WH034,2022-05-01,South,89.499,24.0,,92.5851,VALIDATION
WH034,2022-05-01,East,61.07,31.0,541.0,86.8778,VALIDATION
WH035,2022-05-01,North,44.7851,15.0,1798.0,91.1188,VALIDATION
WH035,2022-05-01,West,80.549,42.0,977.0,93.7326,VALIDATION
WH035,2022-05-01,East,70.1876,21.0,2021.0,97.8286,VALIDATION
WH036,2022-05-01,Central,83.5297,32.0,285.0,87.9303,VALIDATION
WH036,2022-05-01,East,49.546,37.0,1871.0,95.754,VALIDATION
WH036,2022-05-01,North,54.7148,18.0,1926.0,94.0395,VALIDATION
WH037,2022-05-01,North,97.9752,31.0,1711.0,88.3597,VALIDATION
WH037,2022-05-01,Central,49.9808,42.0,2221.0,96.482,VALIDATION
WH037,2022-05-01,West,69.6495,15.0,343.0,89.9517,VALIDATION
WH038,2022-05-01,West,81.042,19.0,219.0,92.8262,VALIDATION
WH038,2022-05-01,South,63.9491,16.0,,89.0626,VALIDATION
WH038,2022-05-01,West,64.3901,40.0,1070.0,91.6495,VALIDATION
WH039,2022-05-01,Central,62.6058,20.0,903.0,88.8644,VALIDATION
WH039,2022-05-01,Central,76.6147,10.0,727.0,94.9639,VALIDATION
WH039,2022-05-01,Central,65.2537,10.0,,86.9864,VALIDATION
WH040,2022-05-01,North,41.3777,25.0,2270.0,88.1324,VALIDATION
WH040,2022-05-01,West,79.7766,10.0,1648.0,86.5905,VALIDATION
WH040,2022-05-01,Central,81.7625,17.0,1237.0,96.625,VALIDATION
WH041,2022-05-01,Central,82.8783,37.0,1541.0,92.0927,VALIDATION
WH041,2022-05-01,Central,50.2573,13.0,1291.0,97.5844,VALIDATION
WH041,2022-05-01,Central,57.8381,16.0,1015.0,87.6935,VALIDATION
WH042,2022-05-01,East,68.6906,16.0,1801.0,97.6526,VALIDATION
WH042,2022-05-01,East,76.7252,24.0,496.0,86.6042,VALIDATION
WH042,2022-05-01,East,51.0689,18.0,2051.0,90.3779,VALIDATION
WH043,2022-05-01,Central,54.5309,18.0,1138.0,95.2925,VALIDATION
WH043,2022-05-01,West,41.686,10.0,2310.0,98.4602,VALIDATION
WH043,2022-05-01,West,62.6981,8.0,2105.0,97.03,VALIDATION
WH044,2022-05-01,North,82.2051,24.0,939.0,96.6926,VALIDATION
WH044,2022-05-01,Central,55.898,32.0,1571.0,90.3024,VALIDATION
WH044,2022-05-01,Central,84.0693,29.0,2171.0,93.9613,VALIDATION
WH045,2022-05-01,Central,75.5068,6.0,2223.0,86.6501,VALIDATION
WH045,2022-05-01,Central,50.8385,32.0,2021.0,92.0566,VALIDATION
WH045,2022-05-01,North,43.596,24.0,548.0,94.0814,VALIDATION
WH046,2022-05-01,West,82.1547,15.0,471.0,86.5205,VALIDATION
WH046,2022-05-01,South,89.8404,31.0,1647.0,93.3487,VALIDATION
WH046,2022-05-01,West,65.2646,18.0,283.0,95.0523,VALIDATION
WH047,2022-05-01,Central,93.1069,33.0,1409.0,,VALIDATION
WH047,2022-05-01,North,53.5685,20.0,1231.0,92.5392,VALIDATION
WH047,2022-05-01,West,96.0079,43.0,1629.0,88.4047,VALIDATION
WH048,2022-05-01,Central,,8.0,569.0,92.8835,VALIDATION
WH048,2022-05-01,South,95.0896,19.0,200.0,88.1634,VALIDATION
WH048,2022-05-01,Central,62.324,34.0,1423.0,89.6748,VALIDATION
WH049,2022-05-01,West,52.1413,18.0,2160.0,95.4765,VALIDATION
WH049,2022-05-01,East,97.6617,15.0,1966.0,85.4885,VALIDATION
WH049,2022-05-01,West,85.5889,15.0,171.0,88.5496,VALIDATION
WH050,2022-05-01,East,85.9298,37.0,1276.0,85.7731,VALIDATION
WH050,2022-05-01,North,68.0846,29.0,220.0,88.9447,VALIDATION
WH050,2022-05-01,East,42.9892,30.0,376.0,93.2929,VALIDATION
WH001,2022-06-01,North,97.2943,31.0,1525.0,97.5493,VALIDATION
WH001,2022-06-01,North,43.1843,9.0,934.0,94.8528,VALIDATION
WH001,2022-06-01,Central,53.2944,,2355.0,86.0073,VALIDATION
WH002,2022-06-01,East,69.4944,25.0,829.0,85.4768,VALIDATION
WH002,2022-06-01,North,93.5597,33.0,2089.0,85.2612,VALIDATION
WH002,2022-06-01,West,67.3741,44.0,1806.0,85.0064,VALIDATION
WH003,2022-06-01,East,96.7106,41.0,419.0,90.3023,VALIDATION
WH003,2022-06-01,Central,49.9774,39.0,995.0,92.5301,VALIDATION
WH003,2022-06-01,East,50.6814,,391.0,87.8993,VALIDATION
WH004,2022-06-01,East,58.5749,14.0,353.0,87.637,VALIDATION
WH004,2022-06-01,Central,80.596,38.0,1252.0,90.2059,VALIDATION
WH004,2022-06-01,Central,51.745,25.0,2362.0,85.8486,VALIDATION
WH005,2022-06-01,Central,54.7077,8.0,2408.0,87.7914,VALIDATION
WH005,2022-06-01,North,52.9047,31.0,2497.0,85.8809,VALIDATION
WH005,2022-06-01,West,68.6651,29.0,618.0,98.2222,VALIDATION
WH006,2022-06-01,West,73.8136,20.0,1159.0,98.087,VALIDATION
WH006,2022-06-01,North,94.3781,22.0,2016.0,88.342,VALIDATION
WH006,2022-06-01,West,67.2638,28.0,687.0,93.6959,VALIDATION
WH007,2022-06-01,South,89.7199,24.0,,94.3064,VALIDATION
WH007,2022-06-01,West,86.2055,38.0,1361.0,88.8079,VALIDATION
WH007,2022-06-01,North,58.6881,41.0,929.0,97.6584,VALIDATION
WH008,2022-06-01,East,92.1798,35.0,858.0,97.7192,VALIDATION
WH008,2022-06-01,South,67.6651,19.0,1205.0,93.5914,VALIDATION
WH008,2022-06-01,Central,88.3193,19.0,1329.0,98.8475,VALIDATION
WH009,2022-06-01,East,81.2709,35.0,1731.0,88.9996,VALIDATION
WH009,2022-06-01,West,79.9449,11.0,2073.0,98.677,VALIDATION
WH009,2022-06-01,West,65.9296,38.0,700.0,91.9638,VALIDATION
WH010,2022-06-01,South,65.0424,15.0,,87.4066,VALIDATION
WH010,2022-06-01,West,51.4286,14.0,1326.0,86.2794,VALIDATION
WH010,2022-06-01,West,69.8429,37.0,2351.0,94.9451,VALIDATION
WH011,2022-06-01,North,40.1262,36.0,1598.0,91.1062,VALIDATION
WH011,2022-06-01,East,76.6014,22.0,196.0,87.6449,VALIDATION
WH011,2022-06-01,Central,94.494,,2078.0,98.5842,VALIDATION
WH012,2022-06-01,South,65.0621,41.0,,87.2285,VALIDATION
WH012,2022-06-01,Central,64.4638,8.0,1412.0,97.7603,VALIDATION
WH012,2022-06-01,Central,80.5769,41.0,304.0,91.8088,VALIDATION
WH013,2022-06-01,Central,97.4224,21.0,1027.0,97.8175,VALIDATION
WH013,2022-06-01,North,95.0483,8.0,1839.0,98.758,VALIDATION
WH013,2022-06-01,South,88.9727,24.0,788.0,88.2158,VALIDATION
WH014,2022-06-01,Central,63.6187,12.0,536.0,89.4757,VALIDATION
WH014,2022-06-01,East,82.6959,34.0,591.0,94.6134,VALIDATION
WH014,2022-06-01,South,55.0488,34.0,1709.0,96.0646,VALIDATION
WH015,2022-06-01,East,41.6599,14.0,2097.0,86.1459,VALIDATION
WH015,2022-06-01,West,77.8449,12.0,1990.0,94.2365,VALIDATION
WH015,2022-06-01,West,63.6938,30.0,1226.0,91.1639,VALIDATION
WH016,2022-06-01,North,50.708,8.0,2327.0,90.2476,VALIDATION
WH016,2022-06-01,East,85.633,25.0,717.0,,VALIDATION
WH016,2022-06-01,North,53.4765,36.0,396.0,87.6141,VALIDATION
WH017,2022-06-01,East,93.8307,15.0,761.0,93.7832,VALIDATION
WH017,2022-06-01,East,61.9488,44.0,403.0,90.3406,VALIDATION
WH017,2022-06-01,East,62.8316,33.0,129.0,96.7495,VALIDATION
WH018,2022-06-01,South,47.3466,18.0,2358.0,95.9748,VALIDATION
WH018,2022-06-01,Central,94.7507,42.0,1087.0,91.1715,VALIDATION
WH018,2022-06-01,Central,40.5317,23.0,,96.2748,VALIDATION
WH019,2022-06-01,North,90.6835,29.0,354.0,95.037,VALIDATION
WH019,2022-06-01,East,55.4403,34.0,397.0,87.7607,VALIDATION
WH019,2022-06-01,West,77.7461,14.0,527.0,90.8162,VALIDATION
WH020,2022-06-01,Central,90.2923,,180.0,86.3794,VALIDATION
WH020,2022-06-01,East,91.5578,12.0,2029.0,95.1153,VALIDATION
WH020,2022-06-01,East,60.62,34.0,2479.0,89.0425,VALIDATION
WH021,2022-06-01,East,50.8523,30.0,1930.0,98.3616,VALIDATION
WH021,2022-06-01,South,77.2839,13.0,2283.0,86.6138,VALIDATION
WH021,2022-06-01,South,65.5073,28.0,1384.0,91.5717,VALIDATION
WH022,2022-06-01,West,74.0919,32.0,1760.0,95.7347,VALIDATION
WH022,2022-06-01,West,69.4406,33.0,389.0,98.9798,VALIDATION
WH022,2022-06-01,West,77.5027,16.0,693.0,93.0039,VALIDATION
WH023,2022-06-01,South,48.0949,42.0,2393.0,95.6082,VALIDATION
WH023,2022-06-01,South,72.8992,9.0,888.0,94.291,VALIDATION
WH023,2022-06-01,North,47.3839,37.0,2153.0,94.8214,VALIDATION
WH024,2022-06-01,South,92.2324,38.0,841.0,86.3625,VALIDATION
WH024,2022-06-01,East,76.9573,7.0,815.0,90.783,VALIDATION
WH024,2022-06-01,South,94.5406,10.0,1082.0,98.4179,VALIDATION
WH025,2022-06-01,East,57.4642,8.0,113.0,96.5423,VALIDATION
WH025,2022-06-01,South,64.3637,11.0,2073.0,93.1294,VALIDATION
WH025,2022-06-01,Central,78.2002,13.0,521.0,88.781,VALIDATION
WH026,2022-06-01,North,43.9624,20.0,506.0,92.3178,VALIDATION
WH026,2022-06-01,West,,26.0,2334.0,97.1715,VALIDATION
WH026,2022-06-01,North,44.7839,33.0,120.0,86.3787,VALIDATION
WH027,2022-06-01,North,44.0289,29.0,2206.0,98.02,VALIDATION
WH027,2022-06-01,Central,44.4228,26.0,881.0,86.9371,VALIDATION
WH027,2022-06-01,South,57.1229,31.0,1401.0,92.0758,VALIDATION
WH028,2022-06-01,North,56.5451,9.0,1326.0,85.4804,VALIDATION
WH028,2022-06-01,South,62.5083,14.0,2330.0,85.6799,VALIDATION
WH028,2022-06-01,South,70.8098,31.0,1699.0,94.7012,VALIDATION
WH029,2022-06-01,East,49.8469,21.0,2273.0,97.3308,VALIDATION
WH029,2022-06-01,North,52.4252,23.0,1272.0,94.0899,VALIDATION
WH029,2022-06-01,West,90.1164,16.0,992.0,96.0578,VALIDATION
WH030,2022-06-01,North,95.4346,,968.0,88.8115,VALIDATION
WH030,2022-06-01,Central,44.9887,30.0,176.0,85.0281,VALIDATION
WH030,2022-06-01,West,71.9278,18.0,247.0,85.1132,VALIDATION
WH031,2022-06-01,West,51.6544,44.0,,87.8114,VALIDATION
WH031,2022-06-01,North,84.0718,39.0,1660.0,96.3044,VALIDATION
WH031,2022-06-01,North,88.4425,33.0,148.0,91.8364,VALIDATION
WH032,2022-06-01,East,81.1922,16.0,490.0,90.1866,VALIDATION
WH032,2022-06-01,South,60.0803,40.0,1373.0,85.9515,VALIDATION
WH032,2022-06-01,East,75.9758,17.0,1419.0,98.7903,VALIDATION
WH033,2022-06-01,Central,66.0871,41.0,934.0,86.8652,VALIDATION
WH033,2022-06-01,East,62.8492,30.0,1560.0,98.5627,VALIDATION
WH033,2022-06-01,North,74.757,10.0,1330.0,88.6574,VALIDATION
WH034,2022-06-01,South,54.6158,16.0,1010.0,94.7855,VALIDATION
WH034,2022-06-01,West,95.546,7.0,1666.0,98.3863,VALIDATION
WH034,2022-06-01,North,97.6123,8.0,697.0,88.3799,VALIDATION
WH035,2022-06-01,West,47.9479,6.0,2490.0,91.0695,VALIDATION
WH035,2022-06-01,East,60.357,25.0,1337.0,96.9615,VALIDATION
WH035,2022-06-01,East,71.8604,,2145.0,87.91,VALIDATION
WH036,2022-06-01,North,87.3831,16.0,1685.0,94.6641,VALIDATION
WH036,2022-06-01,Central,47.159,19.0,2107.0,87.6537,VALIDATION
WH036,2022-06-01,South,54.2869,9.0,2430.0,88.2674,VALIDATION
WH037,2022-06-01,Central,86.4821,33.0,909.0,98.6301,VALIDATION
WH037,2022-06-01,Central,92.1571,29.0,1917.0,88.0341,VALIDATION
WH037,2022-06-01,East,89.0047,31.0,1610.0,90.5956,VALIDATION
WH038,2022-06-01,South,62.9136,38.0,1075.0,87.8945,VALIDATION
WH038,2022-06-01,East,93.5549,18.0,495.0,88.2202,VALIDATION
WH038,2022-06-01,East,77.8015,27.0,2361.0,88.646,VALIDATION
WH039,2022-06-01,East,49.8547,12.0,1959.0,91.0523,VALIDATION
WH039,2022-06-01,South,73.0759,28.0,1266.0,94.043,VALIDATION
WH039,2022-06-01,Central,92.2442,29.0,354.0,86.3309,VALIDATION
WH040,2022-06-01,North,96.832,11.0,2101.0,94.4056,VALIDATION
WH040,2022-06-01,West,,37.0,1727.0,93.8479,VALIDATION
WH040,2022-06-01,North,81.8288,43.0,2468.0,90.8197,VALIDATION
WH041,2022-06-01,North,63.9149,42.0,1175.0,92.5571,VALIDATION
WH041,2022-06-01,Central,62.7775,10.0,697.0,90.8369,VALIDATION
WH041,2022-06-01,North,63.1543,6.0,1345.0,87.7528,VALIDATION
WH042,2022-06-01,South,81.8898,35.0,935.0,87.093,VALIDATION
WH042,2022-06-01,West,62.0354,36.0,257.0,87.1645,VALIDATION
WH042,2022-06-01,East,48.054,35.0,515.0,87.5999,VALIDATION
WH043,2022-06-01,Central,97.4487,8.0,2378.0,86.4356,VALIDATION
WH043,2022-06-01,Central,84.2123,14.0,828.0,92.6598,VALIDATION
WH043,2022-06-01,East,71.7958,31.0,1629.0,94.089,VALIDATION
WH044,2022-06-01,West,85.5071,34.0,836.0,87.9284,VALIDATION
WH044,2022-06-01,Central,48.5624,13.0,996.0,94.9689,VALIDATION
WH044,2022-06-01,North,54.5126,19.0,564.0,97.5838,VALIDATION
WH045,2022-06-01,Central,,37.0,1303.0,94.659,VALIDATION
WH045,2022-06-01,South,92.07,,1096.0,92.5875,VALIDATION
WH045,2022-06-01,North,67.2991,24.0,997.0,97.9591,VALIDATION
WH046,2022-06-01,Central,88.8032,32.0,660.0,85.5958,VALIDATION
WH046,2022-06-01,North,85.5866,,180.0,92.5491,VALIDATION
WH046,2022-06-01,South,91.4253,19.0,503.0,96.468,VALIDATION
WH047,2022-06-01,Central,96.0257,20.0,2408.0,90.4215,VALIDATION
WH047,2022-06-01,Central,94.2269,10.0,2412.0,89.8734,VALIDATION
WH047,2022-06-01,East,51.1327,24.0,1610.0,86.9969,VALIDATION
WH048,2022-06-01,East,93.4622,13.0,434.0,88.5131,VALIDATION
WH048,2022-06-01,South,60.6202,,1096.0,86.0585,VALIDATION
WH048,2022-06-01,West,45.8953,9.0,1097.0,96.591,VALIDATION
WH049,2022-06-01,East,51.6691,35.0,517.0,87.9734,VALIDATION
WH049,2022-06-01,West,72.3046,41.0,1244.0,98.2641,VALIDATION
WH049,2022-06-01,West,78.3962,12.0,1648.0,97.7091,VALIDATION
WH050,2022-06-01,Central,72.9323,41.0,740.0,94.3406,VALIDATION
WH050,2022-06-01,South,71.8378,23.0,1281.0,85.6402,VALIDATION
WH050,2022-06-01,North,47.0386,26.0,1535.0,93.6936,VALIDATION
WH001,2022-07-01,East,69.3814,17.0,1334.0,,TEST
WH001,2022-07-01,East,97.7194,39.0,1680.0,,TEST
WH001,2022-07-01,Central,76.4855,8.0,1179.0,96.8831,TEST
WH002,2022-07-01,North,81.0758,41.0,681.0,94.6555,TEST
WH002,2022-07-01,North,75.6245,37.0,1376.0,87.1295,TEST
WH002,2022-07-01,North,70.9574,25.0,1677.0,91.8326,TEST
WH003,2022-07-01,West,61.0793,21.0,829.0,94.9597,TEST
WH003,2022-07-01,North,89.8897,20.0,133.0,,TEST
WH003,2022-07-01,South,88.4179,16.0,,98.9678,TEST
WH004,2022-07-01,Central,70.2597,12.0,1039.0,88.0355,TEST
WH004,2022-07-01,Central,60.7106,,2480.0,98.9063,TEST
WH004,2022-07-01,East,54.0329,30.0,2123.0,98.4948,TEST
WH005,2022-07-01,East,57.6953,36.0,335.0,85.9025,TEST
WH005,2022-07-01,East,61.6463,30.0,963.0,92.1118,TEST
WH005,2022-07-01,Central,46.1906,38.0,1505.0,91.0822,TEST
WH006,2022-07-01,East,70.0125,31.0,836.0,97.6388,TEST
WH006,2022-07-01,Central,73.2068,30.0,221.0,97.3531,TEST
WH006,2022-07-01,West,81.7002,7.0,598.0,98.6265,TEST
WH007,2022-07-01,North,65.1033,20.0,454.0,86.5923,TEST
WH007,2022-07-01,West,89.4116,9.0,722.0,85.0303,TEST
WH007,2022-07-01,South,69.7914,38.0,929.0,89.2807,TEST
WH008,2022-07-01,North,72.6999,13.0,135.0,92.0794,TEST
WH008,2022-07-01,North,84.2816,25.0,1294.0,90.8303,TEST
WH008,2022-07-01,Central,73.0756,14.0,375.0,91.4291,TEST
WH009,2022-07-01,East,58.4451,44.0,1518.0,96.9808,TEST
WH009,2022-07-01,Central,54.4433,34.0,2351.0,93.2633,TEST
WH009,2022-07-01,Central,71.8553,39.0,2136.0,92.1192,TEST
WH010,2022-07-01,West,82.7104,13.0,1084.0,87.8299,TEST
WH010,2022-07-01,West,74.8821,40.0,982.0,94.308,TEST
WH010,2022-07-01,South,67.9098,37.0,2245.0,92.0924,TEST
WH011,2022-07-01,Central,88.6451,31.0,116.0,87.9532,TEST
WH011,2022-07-01,East,91.318,12.0,2310.0,88.7956,TEST
WH011,2022-07-01,South,79.9589,15.0,1917.0,93.1365,TEST
WH012,2022-07-01,North,76.56,10.0,1565.0,87.6276,TEST
WH012,2022-07-01,East,91.1163,42.0,1306.0,97.2397,TEST
WH012,2022-07-01,West,70.718,24.0,1351.0,88.0044,TEST
WH013,2022-07-01,West,58.3646,30.0,,95.7478,TEST
WH013,2022-07-01,East,,9.0,367.0,98.4087,TEST
WH013,2022-07-01,West,60.7328,43.0,1013.0,96.6396,TEST
WH014,2022-07-01,South,71.368,26.0,576.0,95.9137,TEST
WH014,2022-07-01,East,46.94,33.0,425.0,88.0278,TEST
WH014,2022-07-01,East,41.9256,39.0,1670.0,95.616,TEST
WH015,2022-07-01,North,72.614,8.0,1311.0,97.9725,TEST
WH015,2022-07-01,West,71.906,6.0,2336.0,90.296,TEST
WH015,2022-07-01,West,47.2812,11.0,2345.0,96.2505,TEST
WH016,2022-07-01,East,67.1782,28.0,2095.0,96.409,TEST
WH016,2022-07-01,North,70.3642,33.0,314.0,90.552,TEST
WH016,2022-07-01,North,96.9549,12.0,569.0,85.9233,TEST
WH017,2022-07-01,Central,68.4884,42.0,762.0,94.8978,TEST
WH017,2022-07-01,Central,82.1133,24.0,928.0,93.5975,TEST
WH017,2022-07-01,West,85.1479,10.0,883.0,86.5225,TEST
WH018,2022-07-01,South,68.849,37.0,1817.0,89.1778,TEST
WH018,2022-07-01,Central,83.0106,9.0,296.0,86.4885,TEST
WH018,2022-07-01,West,93.6038,37.0,2240.0,97.439,TEST
WH019,2022-07-01,East,43.696,20.0,2404.0,87.7452,TEST
WH019,2022-07-01,East,50.5224,18.0,2494.0,91.6972,TEST
WH019,2022-07-01,Central,90.4243,36.0,427.0,87.0691,TEST
WH020,2022-07-01,South,45.2824,17.0,415.0,95.1998,TEST
WH020,2022-07-01,North,68.8937,14.0,1195.0,93.787,TEST
WH020,2022-07-01,North,44.6749,12.0,687.0,96.5885,TEST
WH021,2022-07-01,West,56.94,21.0,1482.0,87.7571,TEST
WH021,2022-07-01,Central,67.0671,15.0,1459.0,86.2563,TEST
WH021,2022-07-01,West,91.7785,43.0,2473.0,93.9743,TEST
WH022,2022-07-01,South,56.6283,11.0,540.0,90.878,TEST
WH022,2022-07-01,East,50.5623,9.0,545.0,88.1831,TEST
WH022,2022-07-01,East,62.1765,18.0,849.0,94.1876,TEST
WH023,2022-07-01,North,44.0076,28.0,2456.0,91.3043,TEST
WH023,2022-07-01,Central,46.8425,27.0,792.0,98.3317,TEST
WH023,2022-07-01,South,41.6075,16.0,1559.0,92.8239,TEST
WH024,2022-07-01,West,94.0743,5.0,2350.0,96.3025,TEST
WH024,2022-07-01,North,61.9254,8.0,1987.0,89.1944,TEST
WH024,2022-07-01,East,81.7669,22.0,326.0,90.8265,TEST
WH025,2022-07-01,Central,90.854,36.0,1285.0,94.7719,TEST
WH025,2022-07-01,Central,,,551.0,98.2229,TEST
WH025,2022-07-01,North,60.2745,11.0,110.0,89.8361,TEST
WH026,2022-07-01,West,63.7696,26.0,1083.0,93.8641,TEST
WH026,2022-07-01,North,55.6044,21.0,1937.0,87.4193,TEST
WH026,2022-07-01,East,56.0718,20.0,1315.0,,TEST
WH027,2022-07-01,Central,65.513,40.0,1245.0,92.9815,TEST
WH027,2022-07-01,West,83.8185,20.0,1748.0,98.4468,TEST
WH027,2022-07-01,East,85.7754,34.0,1117.0,86.0337,TEST
WH028,2022-07-01,North,44.7546,18.0,533.0,86.1345,TEST
WH028,2022-07-01,South,57.2865,17.0,367.0,90.0293,TEST
WH028,2022-07-01,West,77.3726,9.0,1640.0,94.4498,TEST
WH029,2022-07-01,Central,51.7593,14.0,1066.0,87.8146,TEST
WH029,2022-07-01,South,48.5653,28.0,416.0,88.2286,TEST
WH029,2022-07-01,Central,62.2779,5.0,242.0,89.2151,TEST
WH030,2022-07-01,East,84.1138,18.0,1101.0,95.202,TEST
WH030,2022-07-01,West,92.1317,6.0,1141.0,91.1919,TEST
WH030,2022-07-01,South,66.627,37.0,974.0,91.8946,TEST
WH031,2022-07-01,East,,7.0,840.0,97.271,TEST
WH031,2022-07-01,East,85.1923,35.0,2356.0,98.2169,TEST
WH031,2022-07-01,West,90.0609,29.0,558.0,86.9731,TEST
WH032,2022-07-01,South,66.3633,42.0,1542.0,89.7145,TEST
WH032,2022-07-01,South,48.3778,36.0,429.0,92.8376,TEST
WH032,2022-07-01,Central,69.169,36.0,778.0,93.4143,TEST
WH033,2022-07-01,South,63.3418,14.0,609.0,92.4361,TEST
WH033,2022-07-01,West,47.0736,10.0,775.0,86.717,TEST
WH033,2022-07-01,West,73.6499,9.0,2052.0,96.5851,TEST
WH034,2022-07-01,Central,43.0379,39.0,1466.0,90.6088,TEST
WH034,2022-07-01,East,78.3126,30.0,2469.0,85.054,TEST
WH034,2022-07-01,East,93.5263,17.0,1264.0,87.4344,TEST
WH035,2022-07-01,North,62.7224,31.0,1611.0,86.6287,TEST
WH035,2022-07-01,South,69.9813,6.0,2235.0,95.3284,TEST
WH035,2022-07-01,East,54.8427,30.0,451.0,86.9245,TEST
WH036,2022-07-01,East,47.0713,37.0,1468.0,85.304,TEST
WH036,2022-07-01,South,95.4792,24.0,2434.0,97.6049,TEST
WH036,2022-07-01,North,90.6563,22.0,363.0,92.0968,TEST
WH037,2022-07-01,North,40.4262,7.0,,98.9509,TEST
WH037,2022-07-01,East,40.066,25.0,979.0,,TEST
WH037,2022-07-01,West,68.9376,10.0,1923.0,86.4129,TEST
WH038,2022-07-01,East,75.6064,12.0,2478.0,86.2157,TEST
WH038,2022-07-01,East,71.2467,8.0,895.0,95.319,TEST
WH038,2022-07-01,South,43.2724,24.0,1263.0,94.9899,TEST
WH039,2022-07-01,South,61.9968,31.0,1100.0,91.5196,TEST
WH039,2022-07-01,Central,86.9207,37.0,1865.0,95.0795,TEST
WH039,2022-07-01,South,87.0032,5.0,1917.0,96.99,TEST
WH040,2022-07-01,North,58.2349,34.0,248.0,93.5469,TEST
WH040,2022-07-01,Central,72.1729,26.0,1440.0,90.6855,TEST
WH040,2022-07-01,East,64.7695,21.0,2246.0,97.8138,TEST
WH041,2022-07-01,Central,55.4727,24.0,1213.0,89.6716,TEST
WH041,2022-07-01,North,72.795,19.0,810.0,91.9088,TEST
WH041,2022-07-01,East,42.0027,41.0,810.0,,TEST
WH042,2022-07-01,Central,58.313,25.0,2035.0,88.3397,TEST
WH042,2022-07-01,South,62.8343,43.0,814.0,97.7014,TEST
WH042,2022-07-01,East,69.5091,25.0,1578.0,97.3043,TEST
WH043,2022-07-01,Central,78.9722,13.0,2018.0,92.5218,TEST
WH043,2022-07-01,East,68.5478,44.0,1129.0,89.5017,TEST
WH043,2022-07-01,Central,,7.0,312.0,85.0415,TEST
WH044,2022-07-01,Central,96.9593,14.0,891.0,87.4564,TEST
WH044,2022-07-01,West,94.9998,24.0,2387.0,97.2931,TEST
WH044,2022-07-01,South,92.3328,43.0,1184.0,91.1498,TEST
WH045,2022-07-01,North,40.9697,14.0,827.0,90.408,TEST
WH045,2022-07-01,East,65.1486,7.0,1682.0,89.2682,TEST
WH045,2022-07-01,West,57.0138,23.0,478.0,95.2505,TEST
WH046,2022-07-01,East,41.5043,26.0,1990.0,90.9611,TEST
WH046,2022-07-01,East,77.2696,32.0,2146.0,,TEST
WH046,2022-07-01,South,75.9833,13.0,964.0,91.6305,TEST
WH047,2022-07-01,East,88.3448,,524.0,97.1104,TEST
WH047,2022-07-01,Central,83.4784,44.0,1859.0,93.8955,TEST
WH047,2022-07-01,West,81.1313,16.0,2360.0,86.657,TEST
WH048,2022-07-01,South,45.1721,38.0,966.0,98.1987,TEST
WH048,2022-07-01,West,,37.0,1630.0,92.4877,TEST
WH048,2022-07-01,West,82.3646,13.0,826.0,96.2601,TEST
WH049,2022-07-01,South,50.2392,7.0,2079.0,98.7858,TEST
WH049,2022-07-01,West,75.2561,34.0,2045.0,88.4274,TEST
WH049,2022-07-01,West,,34.0,1978.0,93.6962,TEST
WH050,2022-07-01,North,51.2323,19.0,1762.0,95.5107,TEST
WH050,2022-07-01,North,89.7637,10.0,2489.0,92.2286,TEST
WH050,2022-07-01,Central,97.3607,40.0,968.0,88.8408,TEST
WH001,2022-08-01,East,50.766,7.0,277.0,95.1243,TEST
WH001,2022-08-01,Central,56.2848,5.0,1410.0,94.3225,TEST
WH001,2022-08-01,South,59.9639,27.0,1276.0,97.2734,TEST
WH002,2022-08-01,Central,58.299,21.0,1963.0,88.3213,TEST
WH002,2022-08-01,South,54.1634,20.0,229.0,88.6496,TEST
WH002,2022-08-01,North,52.2935,39.0,858.0,91.2891,TEST
WH003,2022-08-01,West,45.3615,13.0,2003.0,89.0452,TEST
WH003,2022-08-01,Central,54.7094,21.0,1876.0,95.3959,TEST
WH003,2022-08-01,North,45.4668,,122.0,90.1522,TEST
WH004,2022-08-01,East,50.8459,10.0,1110.0,,TEST
WH004,2022-08-01,North,56.1561,15.0,676.0,93.7085,TEST
WH004,2022-08-01,West,54.1686,7.0,1581.0,96.4188,TEST
WH005,2022-08-01,South,46.4365,28.0,2299.0,89.8804,TEST
WH005,2022-08-01,South,53.5693,6.0,,87.1143,TEST
WH005,2022-08-01,West,58.2176,7.0,831.0,95.835,TEST
WH006,2022-08-01,North,46.3414,37.0,1979.0,92.9077,TEST
WH006,2022-08-01,Central,47.4153,27.0,2170.0,95.2888,TEST
WH006,2022-08-01,East,47.6939,15.0,435.0,86.0944,TEST
WH007,2022-08-01,Central,49.7966,6.0,215.0,89.08,TEST
WH007,2022-08-01,East,,,1162.0,97.7825,TEST
WH007,2022-08-01,South,,32.0,706.0,91.2815,TEST
WH008,2022-08-01,West,58.2081,44.0,1316.0,90.1156,TEST
WH008,2022-08-01,North,45.9826,14.0,309.0,92.2816,TEST
WH008,2022-08-01,South,58.2958,26.0,754.0,86.9355,TEST
WH009,2022-08-01,North,46.6791,28.0,2398.0,98.8761,TEST
WH009,2022-08-01,North,57.6981,33.0,639.0,93.1492,TEST
WH009,2022-08-01,East,46.661,26.0,1200.0,86.4839,TEST
WH010,2022-08-01,Central,52.7972,39.0,1473.0,97.1689,TEST
WH010,2022-08-01,East,47.4392,40.0,655.0,88.5141,TEST
WH010,2022-08-01,Central,56.4902,14.0,2140.0,98.4062,TEST
WH011,2022-08-01,North,51.9165,42.0,287.0,96.7222,TEST
WH011,2022-08-01,East,46.2729,8.0,2386.0,95.9764,TEST
WH011,2022-08-01,East,48.9182,8.0,2348.0,95.0123,TEST
WH012,2022-08-01,North,54.4186,42.0,1603.0,93.2222,TEST
WH012,2022-08-01,Central,48.925,9.0,930.0,89.4068,TEST
WH012,2022-08-01,South,55.694,42.0,1972.0,94.2004,TEST
WH013,2022-08-01,Central,57.8032,12.0,879.0,92.9906,TEST
WH013,2022-08-01,Central,57.7854,35.0,1255.0,92.3645,TEST
WH013,2022-08-01,West,49.9811,25.0,1238.0,92.5157,TEST
WH014,2022-08-01,East,55.3611,21.0,594.0,90.1158,TEST
WH014,2022-08-01,East,56.9145,38.0,1451.0,98.4984,TEST
WH014,2022-08-01,South,49.1553,32.0,1732.0,89.3064,TEST
WH015,2022-08-01,West,46.7239,39.0,927.0,87.8732,TEST
WH015,2022-08-01,North,59.8936,10.0,677.0,85.0446,TEST
WH015,2022-08-01,Central,48.6858,29.0,818.0,90.2966,TEST
WH016,2022-08-01,Central,50.3027,24.0,960.0,93.4202,TEST
WH016,2022-08-01,Central,59.7976,12.0,266.0,92.6157,TEST
WH016,2022-08-01,East,58.4185,33.0,1362.0,98.3569,TEST
WH017,2022-08-01,North,56.6762,7.0,1630.0,98.3248,TEST
WH017,2022-08-01,East,45.3746,20.0,723.0,92.5094,TEST
WH017,2022-08-01,South,46.6609,29.0,286.0,85.0887,TEST
WH018,2022-08-01,South,50.4363,15.0,1179.0,95.9072,TEST
WH018,2022-08-01,South,51.8641,11.0,1136.0,97.294,TEST
WH018,2022-08-01,Central,51.5328,14.0,701.0,98.5883,TEST
WH019,2022-08-01,South,52.64,24.0,2325.0,91.788,TEST
WH019,2022-08-01,West,55.5151,37.0,1728.0,96.077,TEST
WH019,2022-08-01,West,58.229,36.0,1252.0,85.8308,TEST
WH020,2022-08-01,South,49.5927,37.0,1512.0,91.8626,TEST
WH020,2022-08-01,North,50.5,16.0,2206.0,87.4036,TEST
WH020,2022-08-01,West,55.3858,17.0,1497.0,95.3167,TEST
WH021,2022-08-01,Central,47.6703,17.0,602.0,86.3967,TEST
WH021,2022-08-01,West,53.1747,32.0,2123.0,98.4789,TEST
WH021,2022-08-01,Central,47.8703,14.0,1730.0,85.834,TEST
WH022,2022-08-01,West,47.9398,10.0,1358.0,93.9035,TEST
WH022,2022-08-01,South,55.1143,9.0,,90.2872,TEST
WH022,2022-08-01,West,53.3329,9.0,305.0,91.4297,TEST
WH023,2022-08-01,Central,56.6396,17.0,1271.0,91.4854,TEST
WH023,2022-08-01,West,54.6256,33.0,1402.0,94.1761,TEST
WH023,2022-08-01,West,46.1548,36.0,2125.0,91.1196,TEST
WH024,2022-08-01,Central,56.7749,17.0,1983.0,87.026,TEST
WH024,2022-08-01,Central,55.4203,,,86.0946,TEST
WH024,2022-08-01,East,59.7779,18.0,1135.0,90.0837,TEST
WH025,2022-08-01,North,48.6524,32.0,1075.0,92.1276,TEST
WH025,2022-08-01,South,52.8482,40.0,252.0,90.6004,TEST
WH025,2022-08-01,North,55.3994,40.0,343.0,95.1741,TEST
WH026,2022-08-01,North,46.8212,44.0,2127.0,91.1542,TEST
WH026,2022-08-01,South,51.8357,42.0,116.0,90.4973,TEST
WH026,2022-08-01,Central,57.2997,40.0,1732.0,94.0435,TEST
WH027,2022-08-01,West,59.2394,25.0,2165.0,85.3355,TEST
WH027,2022-08-01,West,55.1734,11.0,702.0,91.591,TEST
WH027,2022-08-01,South,59.6338,16.0,2420.0,95.9434,TEST
WH028,2022-08-01,South,55.3052,13.0,2404.0,86.6019,TEST
WH028,2022-08-01,North,59.9402,26.0,1173.0,92.3499,TEST
WH028,2022-08-01,West,54.5996,14.0,930.0,96.4858,TEST
WH029,2022-08-01,East,47.0439,12.0,2253.0,90.5648,TEST
WH029,2022-08-01,Central,56.8106,6.0,631.0,97.8863,TEST
WH029,2022-08-01,North,49.9792,5.0,1308.0,86.8779,TEST
WH030,2022-08-01,South,56.8455,25.0,1733.0,,TEST
WH030,2022-08-01,South,50.384,37.0,185.0,85.0218,TEST
WH030,2022-08-01,South,50.1052,35.0,1147.0,94.0222,TEST
WH031,2022-08-01,South,55.6373,26.0,488.0,96.9842,TEST
WH031,2022-08-01,East,48.8117,12.0,1317.0,98.3645,TEST
WH031,2022-08-01,East,52.1477,30.0,457.0,89.5827,TEST
WH032,2022-08-01,North,,34.0,2019.0,89.8906,TEST
WH032,2022-08-01,South,57.7401,17.0,1615.0,96.471,TEST
WH032,2022-08-01,East,51.9035,6.0,2314.0,97.764,TEST
WH033,2022-08-01,East,51.0306,6.0,2075.0,92.5281,TEST
WH033,2022-08-01,West,59.9872,36.0,2417.0,91.82,TEST
WH033,2022-08-01,South,51.9312,23.0,1465.0,86.8113,TEST
WH034,2022-08-01,Central,52.0446,,593.0,98.3653,TEST
WH034,2022-08-01,West,56.9277,30.0,377.0,98.7847,TEST
WH034,2022-08-01,Central,48.4302,33.0,1531.0,97.3216,TEST
WH035,2022-08-01,Central,55.1143,5.0,208.0,96.0338,TEST
WH035,2022-08-01,North,48.714,10.0,1948.0,89.0446,TEST
WH035,2022-08-01,East,49.5914,19.0,1480.0,92.7477,TEST
WH036,2022-08-01,North,48.2545,35.0,576.0,91.6222,TEST
WH036,2022-08-01,East,47.4322,41.0,629.0,90.6235,TEST
WH036,2022-08-01,South,53.0524,27.0,225.0,94.032,TEST
WH037,2022-08-01,South,52.6235,13.0,2354.0,87.118,TEST
WH037,2022-08-01,North,59.6035,26.0,1611.0,85.4202,TEST
WH037,2022-08-01,West,59.2807,35.0,2191.0,95.6132,TEST
WH038,2022-08-01,Central,54.6478,37.0,555.0,97.4461,TEST
WH038,2022-08-01,East,53.3345,16.0,1660.0,96.374,TEST
WH038,2022-08-01,East,52.0152,5.0,1777.0,88.2966,TEST
WH039,2022-08-01,West,53.2081,12.0,557.0,85.6665,TEST
WH039,2022-08-01,South,52.6679,5.0,382.0,93.6674,TEST
WH039,2022-08-01,Central,45.4363,34.0,2356.0,95.079,TEST
WH040,2022-08-01,West,49.9162,35.0,2472.0,90.1953,TEST
WH040,2022-08-01,East,57.7837,36.0,2140.0,97.1281,TEST
WH040,2022-08-01,South,57.8224,43.0,364.0,86.5165,TEST
WH041,2022-08-01,Central,52.7848,12.0,2009.0,91.1451,TEST
WH041,2022-08-01,South,59.5225,14.0,2020.0,89.9384,TEST
WH041,2022-08-01,East,,38.0,198.0,97.3012,TEST
WH042,2022-08-01,Central,52.7748,10.0,1301.0,93.4378,TEST
WH042,2022-08-01,West,51.1292,,156.0,93.4963,TEST
WH042,2022-08-01,South,47.8528,25.0,1677.0,94.5063,TEST
WH043,2022-08-01,Central,51.6016,5.0,1362.0,93.3641,TEST
WH043,2022-08-01,Central,50.3498,8.0,1716.0,86.0818,TEST
WH043,2022-08-01,South,46.9778,42.0,1443.0,98.1915,TEST
WH044,2022-08-01,South,58.4331,18.0,657.0,93.5873,TEST
WH044,2022-08-01,South,59.0266,7.0,1266.0,91.4662,TEST
WH044,2022-08-01,Central,49.991,42.0,887.0,85.5959,TEST
WH045,2022-08-01,Central,46.4312,24.0,1720.0,91.0477,TEST
WH045,2022-08-01,West,50.6349,16.0,193.0,90.8289,TEST
WH045,2022-08-01,South,58.3658,28.0,313.0,93.5552,TEST
WH046,2022-08-01,Central,59.0665,24.0,2002.0,91.4752,TEST
WH046,2022-08-01,West,48.2686,15.0,709.0,97.7976,TEST
WH046,2022-08-01,North,55.1625,18.0,1378.0,85.5397,TEST
WH047,2022-08-01,East,52.8165,32.0,,87.9454,TEST
WH047,2022-08-01,East,47.7127,41.0,1146.0,91.8824,TEST
WH047,2022-08-01,Central,54.628,11.0,1144.0,90.2538,TEST
WH048,2022-08-01,Central,58.6848,41.0,1305.0,91.2151,TEST
WH048,2022-08-01,North,57.312,22.0,1392.0,92.2986,TEST
WH048,2022-08-01,East,49.7111,22.0,1817.0,89.0045,TEST
WH049,2022-08-01,South,,12.0,2397.0,91.3786,TEST
WH049,2022-08-01,Central,54.1312,17.0,1263.0,96.5352,TEST
WH049,2022-08-01,North,52.9852,10.0,825.0,93.6553,TEST
WH050,2022-08-01,South,56.7647,44.0,1526.0,95.2278,TEST
WH050,2022-08-01,East,51.3605,13.0,554.0,86.3163,TEST
WH050,2022-08-01,South,46.6306,22.0,555.0,97.805,TEST
WH001,2022-09-01,Central,52.8687,24.0,2071.0,93.2225,TEST
WH001,2022-09-01,East,46.3537,28.0,883.0,95.6907,TEST
WH001,2022-09-01,West,52.87,26.0,1051.0,90.2759,TEST
WH002,2022-09-01,Central,49.0333,11.0,164.0,98.6161,TEST
WH002,2022-09-01,South,46.0862,35.0,245.0,90.4032,TEST
WH002,2022-09-01,North,47.993,10.0,2419.0,86.6498,TEST
WH003,2022-09-01,North,51.5982,12.0,1233.0,91.7983,TEST
WH003,2022-09-01,East,51.578,9.0,251.0,89.784,TEST
WH003,2022-09-01,Central,52.1472,5.0,,93.9434,TEST
WH004,2022-09-01,Central,57.6009,33.0,384.0,89.9347,TEST
WH004,2022-09-01,South,54.291,,2428.0,90.0634,TEST
WH004,2022-09-01,Central,58.2434,19.0,1598.0,97.7109,TEST
WH005,2022-09-01,North,47.1164,29.0,492.0,95.4142,TEST
WH005,2022-09-01,South,45.9279,13.0,1025.0,89.6373,TEST
WH005,2022-09-01,East,49.3474,18.0,229.0,87.9988,TEST
WH006,2022-09-01,North,57.5551,26.0,1177.0,97.2863,TEST
WH006,2022-09-01,East,55.0559,20.0,1328.0,90.0864,TEST
WH006,2022-09-01,Central,48.8332,,1289.0,89.4937,TEST
WH007,2022-09-01,North,55.8773,20.0,1358.0,97.7871,TEST
WH007,2022-09-01,South,52.5959,22.0,1468.0,94.4651,TEST
WH007,2022-09-01,North,48.8078,5.0,1797.0,97.1494,TEST
WH008,2022-09-01,North,57.5521,37.0,1807.0,86.7781,TEST
WH008,2022-09-01,West,51.5458,17.0,272.0,98.2133,TEST
WH008,2022-09-01,North,56.4206,11.0,1088.0,92.6845,TEST
WH009,2022-09-01,Central,58.5674,43.0,1863.0,90.1359,TEST
WH009,2022-09-01,South,53.9414,10.0,1445.0,89.1408,TEST
WH009,2022-09-01,North,54.0954,21.0,1146.0,96.2736,TEST
WH010,2022-09-01,East,49.3942,43.0,542.0,98.5721,TEST
WH010,2022-09-01,East,53.9636,23.0,998.0,96.4555,TEST
WH010,2022-09-01,West,56.2827,41.0,1607.0,85.737,TEST
WH011,2022-09-01,South,57.26,22.0,2106.0,98.6355,TEST
WH011,2022-09-01,Central,53.6183,35.0,2221.0,98.7053,TEST
WH011,2022-09-01,Central,51.5217,37.0,587.0,92.364,TEST
WH012,2022-09-01,South,57.7555,32.0,639.0,89.3592,TEST
WH012,2022-09-01,West,56.0831,13.0,944.0,89.9081,TEST
WH012,2022-09-01,West,54.8115,7.0,1300.0,94.2857,TEST
WH013,2022-09-01,West,48.3075,6.0,310.0,95.2565,TEST
WH013,2022-09-01,East,55.7418,5.0,693.0,91.1202,TEST
WH013,2022-09-01,West,54.7809,32.0,1473.0,86.2578,TEST
WH014,2022-09-01,South,54.9243,11.0,699.0,95.8817,TEST
WH014,2022-09-01,East,52.6863,18.0,2060.0,85.7845,TEST
WH014,2022-09-01,Central,48.4993,44.0,1867.0,92.2528,TEST
WH015,2022-09-01,West,53.3317,27.0,1762.0,95.9801,TEST
WH015,2022-09-01,East,58.8302,11.0,1021.0,98.6139,TEST
WH015,2022-09-01,East,46.2246,11.0,877.0,,TEST
WH016,2022-09-01,North,46.0338,37.0,2456.0,95.2627,TEST
WH016,2022-09-01,West,52.9491,42.0,2345.0,97.5137,TEST
WH016,2022-09-01,North,49.3306,,1491.0,90.372,TEST
WH017,2022-09-01,East,47.6208,16.0,648.0,91.5399,TEST
WH017,2022-09-01,East,50.5557,24.0,1149.0,94.5732,TEST
WH017,2022-09-01,West,45.5017,44.0,417.0,87.7254,TEST
WH018,2022-09-01,South,46.7387,16.0,662.0,87.3388,TEST
WH018,2022-09-01,North,52.974,14.0,936.0,93.6974,TEST
WH018,2022-09-01,Central,48.7562,31.0,477.0,92.4985,TEST
WH019,2022-09-01,North,47.3324,41.0,580.0,88.9534,TEST
WH019,2022-09-01,West,56.6985,22.0,486.0,85.8013,TEST
WH019,2022-09-01,South,,15.0,1142.0,94.3805,TEST
WH020,2022-09-01,South,56.557,15.0,962.0,85.903,TEST
WH020,2022-09-01,North,50.0488,23.0,239.0,87.296,TEST
WH020,2022-09-01,West,45.5394,19.0,1413.0,95.5595,TEST
WH021,2022-09-01,South,54.3009,21.0,631.0,96.9243,TEST
WH021,2022-09-01,Central,50.6467,28.0,2415.0,95.4923,TEST
WH021,2022-09-01,Central,45.2526,7.0,1456.0,85.341,TEST
WH022,2022-09-01,Central,56.3003,40.0,1485.0,97.9252,TEST
WH022,2022-09-01,Central,55.5437,16.0,900.0,87.0094,TEST
WH022,2022-09-01,West,57.8082,44.0,628.0,98.5836,TEST
WH023,2022-09-01,Central,45.6354,32.0,839.0,90.8009,TEST
WH023,2022-09-01,West,59.3167,39.0,1169.0,,TEST
WH023,2022-09-01,West,55.0428,26.0,1096.0,97.1065,TEST
WH024,2022-09-01,West,48.9176,27.0,2195.0,86.9951,TEST
WH024,2022-09-01,Central,49.7596,12.0,1930.0,86.9887,TEST
WH024,2022-09-01,West,55.9115,22.0,492.0,97.3409,TEST
WH025,2022-09-01,North,45.847,9.0,1438.0,89.8208,TEST
WH025,2022-09-01,East,58.7294,15.0,119.0,93.368,TEST
WH025,2022-09-01,South,52.0965,13.0,2266.0,98.9493,TEST
WH026,2022-09-01,East,52.8308,13.0,2479.0,85.7638,TEST
WH026,2022-09-01,West,53.7862,18.0,2373.0,87.6098,TEST
WH026,2022-09-01,North,56.3001,22.0,2372.0,94.5106,TEST
WH027,2022-09-01,North,57.679,5.0,251.0,98.7713,TEST
WH027,2022-09-01,Central,45.4201,30.0,2329.0,88.047,TEST
WH027,2022-09-01,West,57.6558,12.0,1374.0,87.7725,TEST
WH028,2022-09-01,North,54.7364,26.0,1366.0,93.4017,TEST
WH028,2022-09-01,Central,54.5537,7.0,2105.0,97.2066,TEST
WH028,2022-09-01,North,57.2172,41.0,234.0,97.4766,TEST
WH029,2022-09-01,West,55.4833,39.0,399.0,94.6926,TEST
WH029,2022-09-01,Central,47.1814,18.0,1365.0,96.5426,TEST
WH029,2022-09-01,West,56.8669,24.0,2234.0,88.2212,TEST
WH030,2022-09-01,West,56.186,11.0,2291.0,89.2222,TEST
WH030,2022-09-01,Central,51.98,8.0,1222.0,87.8393,TEST
WH030,2022-09-01,North,51.5716,32.0,218.0,97.5996,TEST
WH031,2022-09-01,East,48.9264,14.0,2160.0,86.8511,TEST
WH031,2022-09-01,East,52.0244,22.0,1511.0,87.7776,TEST
WH031,2022-09-01,South,51.5858,37.0,,91.8784,TEST
WH032,2022-09-01,North,59.0074,28.0,2354.0,88.0875,TEST
WH032,2022-09-01,East,45.0028,36.0,518.0,93.1585,TEST
WH032,2022-09-01,East,56.9462,12.0,1125.0,85.6398,TEST
WH033,2022-09-01,Central,48.6434,7.0,1894.0,85.2941,TEST
WH033,2022-09-01,South,50.6958,20.0,1075.0,86.9329,TEST
WH033,2022-09-01,North,45.5944,41.0,1237.0,86.0961,TEST
WH034,2022-09-01,Central,54.1924,44.0,578.0,92.3927,TEST
WH034,2022-09-01,West,54.4523,17.0,1351.0,86.4423,TEST
WH034,2022-09-01,South,49.2172,43.0,1031.0,86.7389,TEST
WH035,2022-09-01,West,54.4543,,245.0,87.2513,TEST
WH035,2022-09-01,West,,6.0,1533.0,86.8162,TEST
WH035,2022-09-01,South,50.463,17.0,2216.0,85.2535,TEST
WH036,2022-09-01,South,47.6882,40.0,1978.0,88.6822,TEST
WH036,2022-09-01,East,55.3503,12.0,130.0,97.2362,TEST
WH036,2022-09-01,West,47.0768,21.0,1857.0,90.149,TEST
WH037,2022-09-01,West,50.6417,5.0,1017.0,95.5651,TEST
WH037,2022-09-01,South,53.3532,16.0,1723.0,86.5555,TEST
WH037,2022-09-01,South,48.5801,8.0,2307.0,86.1088,TEST
WH038,2022-09-01,West,55.2377,5.0,,91.3557,TEST
WH038,2022-09-01,East,57.2745,32.0,2435.0,96.0342,TEST
WH038,2022-09-01,West,45.3278,25.0,1762.0,91.9382,TEST
WH039,2022-09-01,East,45.7813,35.0,995.0,95.1965,TEST
WH039,2022-09-01,East,59.8706,32.0,852.0,88.973,TEST
WH039,2022-09-01,Central,45.271,19.0,1191.0,89.4715,TEST
WH040,2022-09-01,East,48.3154,7.0,1865.0,90.9535,TEST
WH040,2022-09-01,South,59.744,19.0,546.0,97.6497,TEST
WH040,2022-09-01,South,48.5443,32.0,1369.0,98.1948,TEST
WH041,2022-09-01,Central,57.8309,27.0,1109.0,97.6625,TEST
WH041,2022-09-01,South,55.1262,32.0,1706.0,96.5337,TEST
WH041,2022-09-01,South,57.8716,12.0,314.0,94.5701,TEST
WH042,2022-09-01,South,,27.0,1765.0,91.8836,TEST
WH042,2022-09-01,East,51.767,29.0,2151.0,93.8619,TEST
WH042,2022-09-01,North,55.3367,18.0,1434.0,93.7582,TEST
WH043,2022-09-01,South,47.4967,13.0,2155.0,89.6376,TEST
WH043,2022-09-01,Central,49.1967,37.0,1153.0,87.5777,TEST
WH043,2022-09-01,West,51.4097,26.0,948.0,93.7558,TEST
WH044,2022-09-01,East,57.8761,14.0,2418.0,88.9558,TEST
WH044,2022-09-01,West,45.2465,26.0,386.0,86.107,TEST
WH044,2022-09-01,South,53.3887,21.0,383.0,86.0715,TEST
WH045,2022-09-01,West,52.4707,30.0,1983.0,89.6045,TEST
WH045,2022-09-01,East,47.2297,15.0,1423.0,90.4637,TEST
WH045,2022-09-01,Central,51.6337,38.0,1260.0,91.0321,TEST
WH046,2022-09-01,North,,23.0,1838.0,94.4807,TEST
WH046,2022-09-01,West,52.7188,23.0,839.0,,TEST
WH046,2022-09-01,North,53.8339,11.0,491.0,89.1552,TEST
WH047,2022-09-01,Central,52.9019,6.0,2459.0,95.0982,TEST
WH047,2022-09-01,West,54.371,27.0,1262.0,93.8647,TEST
WH047,2022-09-01,West,49.4259,25.0,966.0,94.0523,TEST
WH048,2022-09-01,West,58.6384,25.0,1266.0,94.8962,TEST
WH048,2022-09-01,North,57.5155,13.0,2271.0,93.9948,TEST
WH048,2022-09-01,West,48.1373,43.0,2376.0,88.1647,TEST
WH049,2022-09-01,South,57.5111,12.0,628.0,92.9982,TEST
WH049,2022-09-01,East,57.7174,42.0,2272.0,98.6645,TEST
WH049,2022-09-01,East,48.0399,15.0,477.0,92.4589,TEST
WH050,2022-09-01,East,59.1443,27.0,,87.5206,TEST
WH050,2022-09-01,North,47.628,7.0,1992.0,93.7676,TEST
WH050,2022-09-01,East,48.4978,24.0,1096.0,92.6018,TEST
WH001,2022-10-01,North,73.0241,26.0,2373.0,87.667,TEST
WH001,2022-10-01,East,42.6294,12.0,2408.0,93.6155,TEST
WH001,2022-10-01,South,64.4282,5.0,1797.0,94.4546,TEST
WH002,2022-10-01,South,58.2218,22.0,336.0,96.5641,TEST
WH002,2022-10-01,Central,93.8744,28.0,2222.0,95.8724,TEST
WH002,2022-10-01,North,70.0794,20.0,1647.0,94.6502,TEST
WH003,2022-10-01,South,50.8415,11.0,1807.0,94.5775,TEST
WH003,2022-10-01,East,42.8446,25.0,568.0,98.9667,TEST
WH003,2022-10-01,South,52.391,24.0,806.0,86.6976,TEST
WH004,2022-10-01,North,45.3678,32.0,954.0,88.3433,TEST
WH004,2022-10-01,North,68.8589,29.0,1923.0,92.068,TEST
WH004,2022-10-01,South,95.3581,42.0,137.0,91.4315,TEST
WH005,2022-10-01,South,46.1578,22.0,512.0,85.2376,TEST
WH005,2022-10-01,East,91.1713,28.0,142.0,94.5372,TEST
WH005,2022-10-01,East,81.2631,32.0,2221.0,93.9637,TEST
WH006,2022-10-01,West,55.6508,40.0,1859.0,94.3512,TEST
WH006,2022-10-01,East,60.3045,5.0,2048.0,85.2502,TEST
WH006,2022-10-01,Central,,7.0,2419.0,98.1343,TEST
WH007,2022-10-01,South,68.0574,41.0,646.0,85.5565,TEST
WH007,2022-10-01,Central,65.4328,19.0,1722.0,96.3225,TEST
WH007,2022-10-01,Central,49.0235,37.0,411.0,96.1168,TEST
WH008,2022-10-01,Central,79.1703,22.0,1641.0,97.3131,TEST
WH008,2022-10-01,North,52.87,39.0,520.0,85.6943,TEST
WH008,2022-10-01,South,70.704,24.0,404.0,96.0236,TEST
WH009,2022-10-01,South,81.6507,12.0,370.0,98.6462,TEST
WH009,2022-10-01,South,83.3684,21.0,2347.0,97.0482,TEST
WH009,2022-10-01,South,88.8113,38.0,854.0,97.6016,TEST
WH010,2022-10-01,Central,90.487,43.0,843.0,94.8476,TEST
WH010,2022-10-01,East,47.004,13.0,2285.0,88.3149,TEST
WH010,2022-10-01,Central,86.39,16.0,416.0,85.722,TEST
WH011,2022-10-01,East,80.1921,11.0,1985.0,98.4763,TEST
WH011,2022-10-01,Central,91.9429,32.0,1646.0,95.4496,TEST
WH011,2022-10-01,Central,75.3249,13.0,1441.0,93.6382,TEST
WH012,2022-10-01,West,43.5369,44.0,476.0,88.4031,TEST
WH012,2022-10-01,Central,78.7665,7.0,1584.0,98.9982,TEST
WH012,2022-10-01,Central,81.5081,35.0,679.0,85.5849,TEST
WH013,2022-10-01,North,92.7583,6.0,1172.0,85.0721,TEST
WH013,2022-10-01,East,,34.0,653.0,97.2199,TEST
WH013,2022-10-01,Central,70.762,16.0,960.0,86.5145,TEST
WH014,2022-10-01,East,81.9959,,1873.0,97.5192,TEST
WH014,2022-10-01,West,77.5336,9.0,685.0,89.2034,TEST
WH014,2022-10-01,Central,96.1471,19.0,224.0,96.5457,TEST
WH015,2022-10-01,Central,74.7151,11.0,2032.0,90.8239,TEST
WH015,2022-10-01,South,62.8899,7.0,1092.0,92.8147,TEST
WH015,2022-10-01,West,83.0654,11.0,270.0,96.3434,TEST
WH016,2022-10-01,South,96.6826,42.0,1415.0,87.9231,TEST
WH016,2022-10-01,North,54.0014,40.0,1718.0,96.6361,TEST
WH016,2022-10-01,North,53.7051,42.0,414.0,94.1388,TEST
WH017,2022-10-01,South,47.1002,32.0,1286.0,91.5113,TEST
WH017,2022-10-01,Central,81.864,20.0,1997.0,98.7671,TEST
WH017,2022-10-01,South,88.9494,17.0,2403.0,95.171,TEST
WH018,2022-10-01,West,87.8833,15.0,1929.0,89.8257,TEST
WH018,2022-10-01,West,42.852,14.0,486.0,92.5036,TEST
WH018,2022-10-01,Central,48.8483,14.0,1881.0,97.8957,TEST
WH019,2022-10-01,South,55.4775,16.0,1692.0,85.5671,TEST
WH019,2022-10-01,East,63.0382,35.0,1052.0,94.65,TEST
WH019,2022-10-01,North,66.0517,30.0,604.0,92.3843,TEST
WH020,2022-10-01,South,80.4917,18.0,1661.0,98.0385,TEST
WH020,2022-10-01,Central,96.907,11.0,461.0,96.7762,TEST
WH020,2022-10-01,Central,87.2401,38.0,1108.0,86.0309,TEST
WH021,2022-10-01,Central,88.7651,6.0,664.0,98.938,TEST
WH021,2022-10-01,West,67.6473,7.0,1356.0,,TEST
WH021,2022-10-01,Central,50.1083,27.0,2259.0,,TEST
WH022,2022-10-01,North,96.425,36.0,2310.0,85.254,TEST
WH022,2022-10-01,East,47.942,25.0,2059.0,85.1361,TEST
WH022,2022-10-01,North,92.8567,42.0,885.0,89.4931,TEST
WH023,2022-10-01,South,70.6352,18.0,843.0,93.9861,TEST
WH023,2022-10-01,North,41.642,30.0,1489.0,97.5122,TEST
WH023,2022-10-01,Central,56.0006,7.0,1027.0,97.5093,TEST
WH024,2022-10-01,North,59.6564,18.0,1982.0,91.5424,TEST
WH024,2022-10-01,South,85.2121,22.0,,98.2059,TEST
WH024,2022-10-01,West,58.7172,27.0,782.0,98.7023,TEST
WH025,2022-10-01,North,75.3257,9.0,833.0,89.2479,TEST
WH025,2022-10-01,South,80.2374,35.0,2203.0,92.1328,TEST
WH025,2022-10-01,Central,63.3578,5.0,295.0,86.9891,TEST
WH026,2022-10-01,East,41.3993,25.0,1707.0,95.5985,TEST
WH026,2022-10-01,Central,58.5249,24.0,1073.0,89.2602,TEST
WH026,2022-10-01,South,,40.0,137.0,90.8326,TEST
WH027,2022-10-01,East,95.8692,26.0,670.0,85.621,TEST
WH027,2022-10-01,South,44.5568,14.0,774.0,95.9891,TEST
WH027,2022-10-01,South,40.7231,16.0,804.0,98.9576,TEST
WH028,2022-10-01,North,71.8436,23.0,2026.0,85.0154,TEST
WH028,2022-10-01,South,96.7781,44.0,1062.0,98.8053,TEST
WH028,2022-10-01,North,62.0566,7.0,2424.0,88.1738,TEST
WH029,2022-10-01,Central,52.0908,32.0,724.0,92.5326,TEST
WH029,2022-10-01,North,63.036,24.0,679.0,89.8893,TEST
WH029,2022-10-01,Central,64.8341,39.0,1110.0,92.1298,TEST
WH030,2022-10-01,East,62.6548,40.0,956.0,98.3711,TEST
WH030,2022-10-01,North,43.0121,39.0,406.0,86.9064,TEST
WH030,2022-10-01,South,51.0979,28.0,1034.0,96.8791,TEST
WH031,2022-10-01,East,50.03,30.0,1503.0,90.9089,TEST
WH031,2022-10-01,East,76.2758,15.0,1179.0,88.5043,TEST
WH031,2022-10-01,West,96.6105,35.0,1602.0,91.4085,TEST
WH032,2022-10-01,Central,46.9227,37.0,1157.0,86.9114,TEST
WH032,2022-10-01,South,70.9592,9.0,1848.0,85.6726,TEST
WH032,2022-10-01,South,61.2334,38.0,918.0,91.9457,TEST
WH033,2022-10-01,North,94.3328,9.0,2261.0,89.8764,TEST
WH033,2022-10-01,West,62.3622,38.0,1440.0,,TEST
WH033,2022-10-01,Central,66.477,44.0,1297.0,95.754,TEST
WH034,2022-10-01,South,,,2303.0,85.2971,TEST
WH034,2022-10-01,North,77.4585,9.0,430.0,,TEST
WH034,2022-10-01,West,87.9806,38.0,1927.0,94.9598,TEST
WH035,2022-10-01,West,71.0489,14.0,1169.0,85.9438,TEST
WH035,2022-10-01,South,47.0215,21.0,2194.0,87.2823,TEST
WH035,2022-10-01,Central,72.1842,36.0,1724.0,94.3744,TEST
WH036,2022-10-01,North,78.3323,32.0,1304.0,94.5419,TEST
WH036,2022-10-01,West,72.2813,33.0,1589.0,95.0607,TEST
WH036,2022-10-01,West,50.0219,42.0,2075.0,98.4541,TEST
WH037,2022-10-01,North,51.8932,35.0,2394.0,95.2774,TEST
WH037,2022-10-01,West,97.2999,26.0,1459.0,95.6983,TEST
WH037,2022-10-01,South,44.2541,37.0,100.0,97.2406,TEST
WH038,2022-10-01,South,,44.0,2462.0,92.3905,TEST
WH038,2022-10-01,West,40.9142,38.0,2275.0,90.8688,TEST
WH038,2022-10-01,East,90.9928,39.0,2238.0,89.9669,TEST
WH039,2022-10-01,North,93.8494,13.0,539.0,94.5971,TEST
WH039,2022-10-01,Central,64.5073,12.0,791.0,87.978,TEST
WH039,2022-10-01,South,73.613,23.0,1944.0,96.177,TEST
WH040,2022-10-01,North,57.8834,35.0,1570.0,86.1878,TEST
WH040,2022-10-01,East,97.3263,41.0,1765.0,89.9633,TEST
WH040,2022-10-01,South,87.2759,12.0,2074.0,92.5551,TEST
WH041,2022-10-01,South,91.6713,20.0,337.0,85.2071,TEST
WH041,2022-10-01,West,67.8084,37.0,597.0,94.5397,TEST
WH041,2022-10-01,Central,72.5176,36.0,1261.0,86.6573,TEST
WH042,2022-10-01,North,40.8069,29.0,1058.0,87.323,TEST
WH042,2022-10-01,Central,89.0163,22.0,715.0,98.6031,TEST
WH042,2022-10-01,South,53.2837,28.0,1792.0,93.3376,TEST
WH043,2022-10-01,East,61.3318,41.0,1317.0,96.9883,TEST
WH043,2022-10-01,North,75.6246,29.0,2151.0,93.1642,TEST
WH043,2022-10-01,South,72.7456,39.0,1243.0,98.5867,TEST
WH044,2022-10-01,South,77.4566,29.0,2444.0,95.2761,TEST
WH044,2022-10-01,South,86.2017,24.0,1417.0,98.5334,TEST
WH044,2022-10-01,West,55.2081,12.0,1457.0,87.0161,TEST
WH045,2022-10-01,West,81.2481,13.0,1571.0,89.4343,TEST
WH045,2022-10-01,North,56.6051,29.0,665.0,98.4725,TEST
WH045,2022-10-01,Central,65.9511,38.0,2152.0,91.1455,TEST
WH046,2022-10-01,West,75.0249,36.0,1095.0,,TEST
WH046,2022-10-01,North,89.4052,15.0,1168.0,97.0236,TEST
WH046,2022-10-01,South,55.979,34.0,1795.0,85.0642,TEST
WH047,2022-10-01,North,87.952,30.0,1120.0,,TEST
WH047,2022-10-01,North,,,866.0,85.7844,TEST
WH047,2022-10-01,East,43.4334,37.0,477.0,96.1993,TEST
WH048,2022-10-01,South,87.3545,21.0,2159.0,93.0842,TEST
WH048,2022-10-01,West,54.7741,22.0,2067.0,90.5275,TEST
WH048,2022-10-01,Central,71.5622,42.0,1672.0,85.9361,TEST
WH049,2022-10-01,Central,93.6392,9.0,2197.0,93.5437,TEST
WH049,2022-10-01,South,63.2798,,1551.0,90.9348,TEST
WH049,2022-10-01,Central,84.2021,42.0,1036.0,98.69,TEST
WH050,2022-10-01,West,91.1967,40.0,2165.0,93.4115,TEST
WH050,2022-10-01,East,90.3716,6.0,212.0,87.1135,TEST
WH050,2022-10-01,South,71.78,6.0,1476.0,89.2592,TEST
WH001,2022-11-01,South,48.6496,20.0,891.0,90.4331,TEST
WH001,2022-11-01,North,45.5234,42.0,637.0,97.0661,TEST
WH001,2022-11-01,South,41.0257,39.0,1171.0,94.6808,TEST
WH002,2022-11-01,North,44.1357,31.0,,95.93,TEST
WH002,2022-11-01,South,83.6638,26.0,1720.0,88.3069,TEST
WH002,2022-11-01,South,42.1803,21.0,1523.0,87.6781,TEST
WH003,2022-11-01,South,90.4299,21.0,2203.0,85.1378,TEST
WH003,2022-11-01,West,65.4775,10.0,1627.0,89.4967,TEST
WH003,2022-11-01,Central,58.0005,13.0,1159.0,97.4713,TEST
WH004,2022-11-01,East,79.4681,32.0,985.0,95.2446,TEST
WH004,2022-11-01,North,75.9546,15.0,1090.0,86.2146,TEST
WH004,2022-11-01,West,66.1778,20.0,1527.0,96.0723,TEST
WH005,2022-11-01,North,85.859,40.0,629.0,90.7139,TEST
WH005,2022-11-01,East,68.097,21.0,2428.0,97.026,TEST
WH005,2022-11-01,West,72.4657,38.0,564.0,98.8519,TEST
WH006,2022-11-01,West,66.9478,12.0,317.0,93.3125,TEST
WH006,2022-11-01,Central,72.5632,12.0,871.0,91.162,TEST
WH006,2022-11-01,South,82.8065,23.0,507.0,87.6237,TEST
WH007,2022-11-01,North,56.7298,41.0,1396.0,94.8602,TEST
WH007,2022-11-01,East,62.9333,41.0,849.0,86.0107,TEST
WH007,2022-11-01,North,44.0336,15.0,795.0,89.5258,TEST
WH008,2022-11-01,East,43.6901,43.0,146.0,92.3975,TEST
WH008,2022-11-01,South,85.8287,33.0,183.0,87.7915,TEST
WH008,2022-11-01,North,64.4329,35.0,436.0,94.36,TEST
WH009,2022-11-01,East,84.2801,,1950.0,87.8086,TEST
WH009,2022-11-01,North,44.5626,37.0,244.0,88.8572,TEST
WH009,2022-11-01,West,97.0937,20.0,149.0,98.7943,TEST
WH010,2022-11-01,South,53.6345,19.0,404.0,91.5408,TEST
WH010,2022-11-01,West,65.4249,15.0,1217.0,96.441,TEST
WH010,2022-11-01,Central,62.0482,18.0,2213.0,89.1295,TEST
WH011,2022-11-01,West,40.1801,38.0,1042.0,87.245,TEST
WH011,2022-11-01,South,48.0632,9.0,1415.0,86.0609,TEST
WH011,2022-11-01,West,70.6119,17.0,1918.0,87.653,TEST
WH012,2022-11-01,Central,87.1458,30.0,698.0,93.7481,TEST
WH012,2022-11-01,Central,97.7076,38.0,459.0,93.3551,TEST
WH012,2022-11-01,North,48.7043,22.0,1633.0,92.7183,TEST
WH013,2022-11-01,Central,79.5631,,1776.0,97.3994,TEST
WH013,2022-11-01,Central,75.0042,28.0,473.0,97.7498,TEST
WH013,2022-11-01,East,85.1758,,,98.0825,TEST
WH014,2022-11-01,East,51.0893,43.0,2156.0,88.4813,TEST
WH014,2022-11-01,West,42.6263,25.0,706.0,97.206,TEST
WH014,2022-11-01,South,45.4243,18.0,1108.0,89.5947,TEST
WH015,2022-11-01,South,49.6852,26.0,2135.0,,TEST
WH015,2022-11-01,East,76.9968,42.0,1066.0,91.9071,TEST
WH015,2022-11-01,West,79.3728,16.0,2137.0,92.6327,TEST
WH016,2022-11-01,South,53.0852,41.0,160.0,89.5888,TEST
WH016,2022-11-01,West,48.7543,5.0,2069.0,93.442,TEST
WH016,2022-11-01,West,58.4517,,2350.0,91.7953,TEST
WH017,2022-11-01,South,88.4586,44.0,1833.0,95.469,TEST
WH017,2022-11-01,West,41.1803,44.0,824.0,87.7338,TEST
WH017,2022-11-01,West,54.766,34.0,1407.0,97.5493,TEST
WH018,2022-11-01,South,67.1395,38.0,811.0,86.5249,TEST
WH018,2022-11-01,West,64.2285,13.0,857.0,95.0104,TEST
WH018,2022-11-01,South,96.7832,20.0,142.0,92.9171,TEST
WH019,2022-11-01,North,65.6003,42.0,1707.0,95.6219,TEST
WH019,2022-11-01,South,68.1401,21.0,2190.0,91.7868,TEST
WH019,2022-11-01,Central,68.5251,29.0,1859.0,88.1212,TEST
WH020,2022-11-01,North,51.1719,34.0,1337.0,98.545,TEST
WH020,2022-11-01,North,75.6978,40.0,261.0,91.8078,TEST
WH020,2022-11-01,West,66.9942,38.0,2204.0,96.3451,TEST
WH021,2022-11-01,Central,57.6672,21.0,2047.0,98.2029,TEST
WH021,2022-11-01,South,41.1667,26.0,826.0,88.1451,TEST
WH021,2022-11-01,Central,89.4985,,813.0,90.241,TEST
WH022,2022-11-01,Central,74.6854,,1097.0,89.3618,TEST
WH022,2022-11-01,Central,57.7518,26.0,346.0,87.9828,TEST
WH022,2022-11-01,East,96.6935,37.0,1551.0,88.2217,TEST
WH023,2022-11-01,East,96.84,20.0,1044.0,85.9518,TEST
WH023,2022-11-01,East,61.5569,8.0,769.0,98.6628,TEST
WH023,2022-11-01,West,76.2964,41.0,229.0,95.3619,TEST
WH024,2022-11-01,North,97.0399,5.0,483.0,94.6501,TEST
WH024,2022-11-01,South,65.5685,34.0,2022.0,91.3232,TEST
WH024,2022-11-01,North,77.7888,38.0,725.0,85.8493,TEST
WH025,2022-11-01,West,59.4143,5.0,2360.0,90.3834,TEST
WH025,2022-11-01,North,73.6303,20.0,1364.0,86.3478,TEST
WH025,2022-11-01,North,82.8846,40.0,2155.0,89.6084,TEST
WH026,2022-11-01,North,84.9716,38.0,661.0,92.6555,TEST
WH026,2022-11-01,Central,81.6595,40.0,532.0,92.9864,TEST
WH026,2022-11-01,East,55.2194,14.0,1722.0,85.5375,TEST
WH027,2022-11-01,West,60.1707,44.0,777.0,88.7287,TEST
WH027,2022-11-01,East,76.2332,12.0,1178.0,87.2368,TEST
WH027,2022-11-01,West,43.8149,37.0,1283.0,96.5845,TEST
WH028,2022-11-01,South,44.6718,23.0,2049.0,94.295,TEST
WH028,2022-11-01,Central,91.9102,25.0,1730.0,94.2997,TEST
WH028,2022-11-01,West,92.1661,33.0,838.0,92.322,TEST
WH029,2022-11-01,East,64.5055,22.0,1724.0,96.8417,TEST
WH029,2022-11-01,South,72.06,39.0,1850.0,85.6027,TEST
WH029,2022-11-01,Central,53.2691,11.0,799.0,89.6698,TEST
WH030,2022-11-01,Central,92.7806,14.0,1210.0,94.1706,TEST
WH030,2022-11-01,South,95.4252,36.0,2078.0,,TEST
WH030,2022-11-01,West,61.2623,18.0,1063.0,87.55,TEST
WH031,2022-11-01,South,57.7536,33.0,708.0,85.8517,TEST
WH031,2022-11-01,South,69.4393,16.0,1880.0,93.2071,TEST
WH031,2022-11-01,Central,44.1683,42.0,,95.036,TEST
WH032,2022-11-01,North,65.5919,15.0,1556.0,88.5886,TEST
WH032,2022-11-01,South,83.2867,39.0,123.0,92.8512,TEST
WH032,2022-11-01,Central,52.5705,22.0,,94.4365,TEST
WH033,2022-11-01,Central,,17.0,1070.0,87.233,TEST
WH033,2022-11-01,West,65.3081,44.0,991.0,86.0117,TEST
WH033,2022-11-01,West,70.7883,42.0,2072.0,,TEST
WH034,2022-11-01,North,81.3997,40.0,461.0,88.1711,TEST
WH034,2022-11-01,East,85.8655,24.0,169.0,93.4234,TEST
WH034,2022-11-01,East,63.0083,18.0,756.0,86.9375,TEST
WH035,2022-11-01,East,58.1956,33.0,810.0,90.7993,TEST
WH035,2022-11-01,South,54.11,36.0,1688.0,85.0728,TEST
WH035,2022-11-01,Central,87.8517,25.0,1990.0,89.2193,TEST
WH036,2022-11-01,West,59.5088,10.0,1100.0,85.32,TEST
WH036,2022-11-01,South,84.7477,21.0,688.0,85.3101,TEST
WH036,2022-11-01,East,71.0676,36.0,2413.0,98.7164,TEST
WH037,2022-11-01,Central,48.846,35.0,994.0,91.1438,TEST
WH037,2022-11-01,South,65.5655,41.0,818.0,96.3693,TEST
WH037,2022-11-01,East,74.2482,38.0,1687.0,90.0248,TEST
WH038,2022-11-01,East,43.7988,28.0,2351.0,89.6951,TEST
WH038,2022-11-01,West,81.2,27.0,743.0,98.2319,TEST
WH038,2022-11-01,West,77.4415,9.0,766.0,91.0848,TEST
WH039,2022-11-01,South,92.3646,19.0,1756.0,86.9787,TEST
WH039,2022-11-01,East,74.6032,19.0,1637.0,,TEST
WH039,2022-11-01,North,45.341,33.0,1698.0,98.1026,TEST
WH040,2022-11-01,West,55.5586,13.0,1355.0,92.4863,TEST
WH040,2022-11-01,East,69.9434,21.0,340.0,97.6484,TEST
WH040,2022-11-01,North,58.0674,13.0,749.0,90.6083,TEST
WH041,2022-11-01,South,52.952,12.0,1628.0,90.8612,TEST
WH041,2022-11-01,Central,95.7987,21.0,2475.0,92.7027,TEST
WH041,2022-11-01,Central,96.0097,8.0,1051.0,97.2784,TEST
WH042,2022-11-01,Central,63.5815,11.0,,86.1609,TEST
WH042,2022-11-01,West,65.6193,27.0,588.0,90.5938,TEST
WH042,2022-11-01,West,71.6551,25.0,2158.0,88.8433,TEST
WH043,2022-11-01,South,58.5626,23.0,2233.0,97.5061,TEST
WH043,2022-11-01,North,,38.0,2123.0,86.8403,TEST
WH043,2022-11-01,North,91.6561,,1298.0,94.2375,TEST
WH044,2022-11-01,Central,92.2381,22.0,241.0,88.0923,TEST
WH044,2022-11-01,South,85.3516,31.0,724.0,90.2149,TEST
WH044,2022-11-01,East,41.7817,24.0,1854.0,93.2351,TEST
WH045,2022-11-01,East,89.3908,23.0,1765.0,97.5318,TEST
WH045,2022-11-01,West,51.3924,42.0,1303.0,,TEST
WH045,2022-11-01,South,74.2246,35.0,287.0,93.9588,TEST
WH046,2022-11-01,Central,71.5529,40.0,164.0,93.6728,TEST
WH046,2022-11-01,South,51.335,5.0,1529.0,88.5402,TEST
WH046,2022-11-01,South,55.0437,15.0,1752.0,87.0032,TEST
WH047,2022-11-01,Central,60.1606,28.0,2414.0,95.2294,TEST
WH047,2022-11-01,West,58.0277,21.0,1893.0,85.1144,TEST
WH047,2022-11-01,West,52.0371,37.0,839.0,90.4178,TEST
WH048,2022-11-01,South,76.556,34.0,2291.0,85.516,TEST
WH048,2022-11-01,East,97.2924,10.0,1978.0,86.2235,TEST
WH048,2022-11-01,West,47.7878,35.0,1951.0,92.8102,TEST
WH049,2022-11-01,North,79.2336,35.0,1937.0,89.3379,TEST
WH049,2022-11-01,North,80.6432,31.0,1714.0,93.6823,TEST
WH049,2022-11-01,Central,64.9603,33.0,886.0,97.1145,TEST
WH050,2022-11-01,Central,97.9657,28.0,1990.0,93.3225,TEST
WH050,2022-11-01,Central,52.6296,8.0,1084.0,90.1007,TEST
WH050,2022-11-01,East,83.7887,10.0,743.0,86.9603,TEST
WH001,2022-12-01,East,81.1829,,2025.0,93.1611,TEST
WH001,2022-12-01,West,81.3019,41.0,1120.0,90.1939,TEST
WH001,2022-12-01,East,74.1491,21.0,1438.0,93.5004,TEST
WH002,2022-12-01,Central,50.4017,32.0,1309.0,85.5149,TEST
WH002,2022-12-01,East,95.0876,,802.0,93.7831,TEST
WH002,2022-12-01,Central,71.5895,7.0,1115.0,85.8123,TEST
WH003,2022-12-01,West,96.1467,37.0,629.0,90.4667,TEST
WH003,2022-12-01,East,83.251,19.0,345.0,89.8374,TEST
WH003,2022-12-01,East,63.6637,23.0,685.0,94.5529,TEST
WH004,2022-12-01,East,80.7731,11.0,2464.0,92.7466,TEST
WH004,2022-12-01,East,73.7628,11.0,929.0,87.5153,TEST
WH004,2022-12-01,East,46.5562,25.0,408.0,98.7326,TEST
WH005,2022-12-01,East,53.3658,31.0,272.0,98.4162,TEST
WH005,2022-12-01,South,92.8772,29.0,823.0,98.7296,TEST
WH005,2022-12-01,Central,94.564,42.0,784.0,93.093,TEST
WH006,2022-12-01,South,84.0199,20.0,1260.0,97.2752,TEST
WH006,2022-12-01,Central,41.9889,14.0,1989.0,92.5544,TEST
WH006,2022-12-01,West,63.7556,22.0,2002.0,87.8168,TEST
WH007,2022-12-01,East,72.1093,10.0,461.0,86.0615,TEST
WH007,2022-12-01,North,,38.0,758.0,93.3382,TEST
WH007,2022-12-01,North,41.7584,21.0,2483.0,86.9746,TEST
WH008,2022-12-01,South,50.0396,28.0,1625.0,94.1617,TEST
WH008,2022-12-01,North,,30.0,1609.0,85.1135,TEST
WH008,2022-12-01,West,46.1894,41.0,206.0,97.8052,TEST
WH009,2022-12-01,Central,56.5822,9.0,2249.0,98.9367,TEST
WH009,2022-12-01,Central,47.4771,9.0,1944.0,89.5219,TEST
WH009,2022-12-01,East,83.6461,26.0,1791.0,91.1005,TEST
WH010,2022-12-01,East,56.8704,42.0,1593.0,85.7641,TEST
WH010,2022-12-01,South,74.8458,30.0,276.0,,TEST
WH010,2022-12-01,South,45.0247,,530.0,95.0465,TEST
WH011,2022-12-01,Central,57.0909,40.0,518.0,98.3109,TEST
WH011,2022-12-01,South,91.7649,36.0,2281.0,94.1022,TEST
WH011,2022-12-01,Central,89.8886,41.0,1321.0,87.2123,TEST
WH012,2022-12-01,North,44.3549,6.0,715.0,98.3512,TEST
WH012,2022-12-01,South,,18.0,587.0,85.6855,TEST
WH012,2022-12-01,Central,76.8013,39.0,1532.0,85.6324,TEST
WH013,2022-12-01,North,89.3235,22.0,1239.0,92.0153,TEST
WH013,2022-12-01,Central,81.0994,27.0,1262.0,91.4894,TEST
WH013,2022-12-01,North,55.4191,38.0,627.0,92.9937,TEST
WH014,2022-12-01,Central,94.6887,29.0,2075.0,95.5528,TEST
WH014,2022-12-01,North,93.5875,,510.0,98.5062,TEST
WH014,2022-12-01,West,93.4748,31.0,525.0,92.2588,TEST
WH015,2022-12-01,West,63.9012,,1433.0,86.2792,TEST
WH015,2022-12-01,East,66.074,34.0,332.0,89.6689,TEST
WH015,2022-12-01,Central,78.4764,13.0,2231.0,90.7315,TEST
WH016,2022-12-01,East,67.9258,36.0,898.0,98.2202,TEST
WH016,2022-12-01,North,74.1749,25.0,1565.0,89.6375,TEST
WH016,2022-12-01,East,93.2821,10.0,1062.0,93.2788,TEST
WH017,2022-12-01,West,54.0025,6.0,2188.0,89.8735,TEST
WH017,2022-12-01,West,58.0364,33.0,1780.0,94.0042,TEST
WH017,2022-12-01,South,93.3089,31.0,691.0,95.4251,TEST
WH018,2022-12-01,Central,90.1235,43.0,1258.0,86.4985,TEST
WH018,2022-12-01,South,51.5242,41.0,1825.0,93.4511,TEST
WH018,2022-12-01,East,69.5323,6.0,2402.0,97.5963,TEST
WH019,2022-12-01,South,46.2075,16.0,524.0,85.1709,TEST
WH019,2022-12-01,Central,40.686,37.0,778.0,91.2986,TEST
WH019,2022-12-01,Central,86.2474,38.0,2406.0,94.2742,TEST
WH020,2022-12-01,West,87.2826,36.0,1344.0,95.0346,TEST
WH020,2022-12-01,West,40.458,10.0,2178.0,89.7812,TEST
WH020,2022-12-01,West,78.4157,27.0,686.0,93.8971,TEST
WH021,2022-12-01,South,48.7331,34.0,955.0,98.8413,TEST
WH021,2022-12-01,South,63.4469,14.0,1850.0,91.4705,TEST
WH021,2022-12-01,West,51.5548,24.0,2406.0,88.5359,TEST
WH022,2022-12-01,East,41.6187,38.0,1683.0,91.7322,TEST
WH022,2022-12-01,Central,62.219,29.0,2474.0,88.6644,TEST
WH022,2022-12-01,West,51.6086,41.0,966.0,85.099,TEST
WH023,2022-12-01,Central,84.7206,27.0,2293.0,97.5188,TEST
WH023,2022-12-01,South,85.1458,14.0,2281.0,86.7977,TEST
WH023,2022-12-01,East,58.739,7.0,223.0,93.7289,TEST
WH024,2022-12-01,Central,68.1794,7.0,952.0,94.8515,TEST
WH024,2022-12-01,South,84.0855,42.0,502.0,88.483,TEST
WH024,2022-12-01,North,73.1942,26.0,1350.0,95.4494,TEST
WH025,2022-12-01,South,92.3314,34.0,471.0,86.4191,TEST
WH025,2022-12-01,West,59.8799,,322.0,96.8893,TEST
WH025,2022-12-01,South,46.9659,30.0,730.0,94.8522,TEST
WH026,2022-12-01,North,82.4358,,423.0,85.6126,TEST
WH026,2022-12-01,Central,85.0888,39.0,1646.0,91.9914,TEST
WH026,2022-12-01,South,58.1121,15.0,1486.0,93.4515,TEST
WH027,2022-12-01,Central,51.5469,34.0,966.0,93.6519,TEST
WH027,2022-12-01,South,56.54,13.0,376.0,89.2554,TEST
WH027,2022-12-01,South,43.2982,6.0,496.0,91.7108,TEST
WH028,2022-12-01,West,79.3214,32.0,1907.0,85.3675,TEST
WH028,2022-12-01,South,78.8027,26.0,953.0,94.3518,TEST
WH028,2022-12-01,South,87.5994,7.0,567.0,85.7655,TEST
WH029,2022-12-01,Central,52.3628,22.0,1269.0,,TEST
WH029,2022-12-01,Central,42.8414,15.0,1918.0,88.1039,TEST
WH029,2022-12-01,Central,61.5588,36.0,807.0,86.2935,TEST
WH030,2022-12-01,South,58.1593,39.0,2010.0,92.5472,TEST
WH030,2022-12-01,West,84.0809,28.0,,90.8039,TEST
WH030,2022-12-01,Central,96.3431,17.0,1115.0,89.9806,TEST
WH031,2022-12-01,North,81.8945,17.0,1943.0,86.8333,TEST
WH031,2022-12-01,West,50.6893,23.0,201.0,85.312,TEST
WH031,2022-12-01,Central,53.0995,12.0,1290.0,89.9547,TEST
WH032,2022-12-01,East,59.0989,13.0,1025.0,86.7903,TEST
WH032,2022-12-01,Central,43.467,11.0,1508.0,93.2081,TEST
WH032,2022-12-01,East,69.5651,44.0,1290.0,88.8394,TEST
WH033,2022-12-01,East,97.1935,,1947.0,97.0654,TEST
WH033,2022-12-01,West,61.4807,16.0,353.0,88.7073,TEST
WH033,2022-12-01,East,81.2411,14.0,1922.0,87.1837,TEST
WH034,2022-12-01,West,90.3642,30.0,1405.0,90.2076,TEST
WH034,2022-12-01,West,45.3071,29.0,517.0,96.7823,TEST
WH034,2022-12-01,South,96.3651,40.0,1867.0,87.7174,TEST
WH035,2022-12-01,Central,55.1378,24.0,2358.0,93.4742,TEST
WH035,2022-12-01,West,42.4758,15.0,1249.0,98.7499,TEST
WH035,2022-12-01,North,66.1398,19.0,665.0,92.8608,TEST
WH036,2022-12-01,East,50.9816,44.0,856.0,89.2821,TEST
WH036,2022-12-01,North,62.516,24.0,357.0,90.3645,TEST
WH036,2022-12-01,Central,72.0319,15.0,1390.0,85.7235,TEST
WH037,2022-12-01,West,88.5821,16.0,1269.0,86.3386,TEST
WH037,2022-12-01,North,63.0393,43.0,939.0,85.8594,TEST
WH037,2022-12-01,North,46.8277,42.0,473.0,96.3293,TEST
WH038,2022-12-01,West,53.0475,39.0,1038.0,95.1208,TEST
WH038,2022-12-01,North,67.4534,14.0,894.0,89.2436,TEST
WH038,2022-12-01,North,82.2807,32.0,1382.0,93.712,TEST
WH039,2022-12-01,North,97.9613,35.0,777.0,97.2644,TEST
WH039,2022-12-01,East,57.8638,40.0,224.0,88.559,TEST
WH039,2022-12-01,Central,55.3813,30.0,642.0,98.8602,TEST
WH040,2022-12-01,Central,78.7991,44.0,218.0,96.8473,TEST
WH040,2022-12-01,East,85.2733,14.0,2030.0,86.5807,TEST
WH040,2022-12-01,Central,64.8028,17.0,2494.0,90.0316,TEST
WH041,2022-12-01,Central,62.721,26.0,2018.0,87.4966,TEST
WH041,2022-12-01,North,40.1904,30.0,579.0,97.3495,TEST
WH041,2022-12-01,Central,96.3534,17.0,1645.0,90.0571,TEST
WH042,2022-12-01,West,94.6727,29.0,2079.0,94.5961,TEST
WH042,2022-12-01,South,52.4941,7.0,1524.0,87.4614,TEST
WH042,2022-12-01,West,92.2937,19.0,783.0,86.7245,TEST
WH043,2022-12-01,South,80.4052,42.0,2109.0,95.0247,TEST
WH043,2022-12-01,Central,77.1084,19.0,1819.0,86.8595,TEST
WH043,2022-12-01,South,62.4388,27.0,1103.0,97.7278,TEST
WH044,2022-12-01,East,80.0732,31.0,1078.0,93.7213,TEST
WH044,2022-12-01,South,80.2075,15.0,719.0,85.152,TEST
WH044,2022-12-01,West,63.8782,17.0,1276.0,91.7276,TEST
WH045,2022-12-01,West,74.247,34.0,1196.0,,TEST
WH045,2022-12-01,East,82.2196,41.0,1203.0,92.5362,TEST
WH045,2022-12-01,East,73.5435,31.0,1826.0,94.011,TEST
WH046,2022-12-01,South,44.8243,,2131.0,92.7286,TEST
WH046,2022-12-01,North,70.3601,8.0,1634.0,94.8918,TEST
WH046,2022-12-01,South,42.5713,28.0,671.0,90.2888,TEST
WH047,2022-12-01,West,67.8951,36.0,1549.0,85.5667,TEST
WH047,2022-12-01,South,93.2551,39.0,2098.0,90.3003,TEST
WH047,2022-12-01,East,79.3011,14.0,1311.0,86.8183,TEST
WH048,2022-12-01,Central,74.6912,6.0,1845.0,88.6577,TEST
WH048,2022-12-01,West,,22.0,1572.0,98.2399,TEST
WH048,2022-12-01,North,76.8887,9.0,2118.0,91.5851,TEST
WH049,2022-12-01,Central,53.2176,12.0,1058.0,97.4878,TEST
WH049,2022-12-01,South,66.0184,44.0,377.0,98.7348,TEST
WH049,2022-12-01,East,84.4847,,545.0,86.3861,TEST
WH050,2022-12-01,South,69.4248,39.0,1792.0,92.4256,TEST
WH050,2022-12-01,West,52.5427,44.0,1673.0,93.2284,TEST
WH050,2022-12-01,West,55.1285,27.0,2016.0,89.4547,TEST
WH001,2023-01-01,East,84.7065,40.0,599.0,87.5259,TEST
WH001,2023-01-01,South,42.3906,22.0,1397.0,96.4337,TEST
WH001,2023-01-01,West,83.5924,42.0,1391.0,97.5136,TEST
WH002,2023-01-01,East,70.7174,21.0,303.0,93.3414,TEST
WH002,2023-01-01,West,73.1043,42.0,969.0,93.2428,TEST
WH002,2023-01-01,North,84.1445,33.0,1689.0,89.5831,TEST
WH003,2023-01-01,South,66.6465,5.0,1746.0,94.8921,TEST
WH003,2023-01-01,East,71.4613,32.0,,93.8846,TEST
WH003,2023-01-01,North,88.6906,29.0,611.0,94.7401,TEST
WH004,2023-01-01,West,97.3041,17.0,985.0,85.0445,TEST
WH004,2023-01-01,East,72.2056,13.0,,91.6904,TEST
WH004,2023-01-01,East,57.5721,41.0,2423.0,95.8901,TEST
WH005,2023-01-01,South,58.8697,34.0,1803.0,85.7629,TEST
WH005,2023-01-01,Central,96.4197,35.0,736.0,85.5409,TEST
WH005,2023-01-01,South,60.6107,15.0,2452.0,86.0851,TEST
WH006,2023-01-01,West,46.6433,10.0,1024.0,97.7848,TEST
WH006,2023-01-01,East,63.3697,33.0,1169.0,89.2452,TEST
WH006,2023-01-01,Central,65.7369,7.0,2002.0,93.8369,TEST
WH007,2023-01-01,South,94.6022,28.0,1818.0,92.9597,TEST
WH007,2023-01-01,North,93.8308,22.0,1270.0,95.3949,TEST
WH007,2023-01-01,West,94.7012,15.0,1053.0,95.9456,TEST
WH008,2023-01-01,North,63.8098,21.0,330.0,96.6525,TEST
WH008,2023-01-01,Central,89.3362,25.0,440.0,86.8919,TEST
WH008,2023-01-01,Central,73.8396,15.0,736.0,89.4454,TEST
WH009,2023-01-01,South,94.2992,8.0,1235.0,98.0575,TEST
WH009,2023-01-01,East,84.5387,38.0,948.0,95.5178,TEST
WH009,2023-01-01,North,89.2883,13.0,2446.0,98.2755,TEST
WH010,2023-01-01,Central,72.7106,14.0,169.0,91.833,TEST
WH010,2023-01-01,Central,96.7489,23.0,2435.0,93.6399,TEST
WH010,2023-01-01,Central,94.6615,44.0,1324.0,92.5069,TEST
WH011,2023-01-01,South,55.5607,42.0,2237.0,89.0559,TEST
WH011,2023-01-01,West,66.501,5.0,1908.0,91.1218,TEST
WH011,2023-01-01,Central,73.4604,34.0,1078.0,98.7006,TEST
WH012,2023-01-01,North,67.2974,37.0,2001.0,95.1831,TEST
WH012,2023-01-01,Central,48.5013,29.0,1122.0,88.245,TEST
WH012,2023-01-01,North,64.0854,31.0,340.0,96.5838,TEST
WH013,2023-01-01,West,62.4535,22.0,485.0,87.948,TEST
WH013,2023-01-01,Central,85.1991,19.0,2315.0,85.3236,TEST
WH013,2023-01-01,East,96.503,30.0,2325.0,97.8445,TEST
WH014,2023-01-01,North,42.6775,43.0,2197.0,91.8968,TEST
WH014,2023-01-01,East,86.2316,22.0,201.0,87.0734,TEST
WH014,2023-01-01,North,40.1604,24.0,1697.0,94.8573,TEST
WH015,2023-01-01,West,95.5553,11.0,1934.0,89.9005,TEST
WH015,2023-01-01,North,78.3494,9.0,2054.0,87.536,TEST
WH015,2023-01-01,East,42.2423,26.0,897.0,85.0058,TEST
WH016,2023-01-01,South,60.1882,,2429.0,88.4408,TEST
WH016,2023-01-01,West,63.784,36.0,954.0,97.7503,TEST
WH016,2023-01-01,West,69.9883,43.0,1922.0,89.1052,TEST
WH017,2023-01-01,North,44.2478,29.0,1086.0,93.431,TEST
WH017,2023-01-01,South,52.9289,37.0,1030.0,93.8035,TEST
WH017,2023-01-01,West,75.4182,12.0,1363.0,92.9075,TEST
WH018,2023-01-01,Central,91.3615,41.0,131.0,96.5346,TEST
WH018,2023-01-01,West,56.1634,18.0,872.0,93.1296,TEST
WH018,2023-01-01,South,60.887,35.0,1984.0,98.8358,TEST
WH019,2023-01-01,Central,49.2314,24.0,,95.7656,TEST
WH019,2023-01-01,East,74.7674,43.0,1288.0,86.0523,TEST
WH019,2023-01-01,North,45.824,33.0,1502.0,90.902,TEST
WH020,2023-01-01,Central,,5.0,2352.0,93.3899,TEST
WH020,2023-01-01,Central,49.2951,44.0,646.0,97.7239,TEST
WH020,2023-01-01,East,75.8621,43.0,744.0,91.2899,TEST
WH021,2023-01-01,West,67.801,44.0,1843.0,91.4896,TEST
WH021,2023-01-01,East,93.5834,22.0,323.0,89.5429,TEST
WH021,2023-01-01,North,53.6337,11.0,1961.0,97.632,TEST
WH022,2023-01-01,East,54.5654,26.0,602.0,94.6177,TEST
WH022,2023-01-01,South,74.6541,30.0,1926.0,95.5575,TEST
WH022,2023-01-01,North,56.6801,6.0,236.0,94.9537,TEST
WH023,2023-01-01,East,68.8542,37.0,346.0,85.7632,TEST
WH023,2023-01-01,South,71.7064,41.0,2116.0,92.0652,TEST
WH023,2023-01-01,East,88.9394,44.0,2039.0,96.7314,TEST
WH024,2023-01-01,Central,63.9811,33.0,303.0,92.3471,TEST
WH024,2023-01-01,South,43.44,40.0,306.0,94.4902,TEST
WH024,2023-01-01,North,52.2195,27.0,252.0,88.5574,TEST
WH025,2023-01-01,South,82.1291,32.0,552.0,97.9414,TEST
WH025,2023-01-01,South,72.4518,29.0,2257.0,95.6447,TEST
WH025,2023-01-01,South,68.8769,15.0,499.0,93.8855,TEST
WH026,2023-01-01,North,61.7406,22.0,1499.0,94.6669,TEST
WH026,2023-01-01,West,84.6603,12.0,1416.0,89.6114,TEST
WH026,2023-01-01,Central,75.7686,36.0,659.0,98.4297,TEST
WH027,2023-01-01,West,92.8484,5.0,492.0,88.9338,TEST
WH027,2023-01-01,East,40.6462,25.0,2341.0,87.3911,TEST
WH027,2023-01-01,Central,44.035,44.0,277.0,96.4339,TEST
WH028,2023-01-01,South,45.9193,38.0,1559.0,94.6956,TEST
WH028,2023-01-01,Central,71.0189,16.0,818.0,88.391,TEST
WH028,2023-01-01,North,46.3403,18.0,1761.0,91.8067,TEST
WH029,2023-01-01,South,91.6276,37.0,104.0,89.1771,TEST
WH029,2023-01-01,North,63.3448,12.0,1254.0,94.1375,TEST
WH029,2023-01-01,South,90.5409,6.0,1496.0,91.1458,TEST
WH030,2023-01-01,Central,75.7088,32.0,212.0,89.6444,TEST
WH030,2023-01-01,South,40.1251,16.0,655.0,92.1058,TEST
WH030,2023-01-01,South,62.47,38.0,1280.0,96.2902,TEST
WH031,2023-01-01,East,66.1781,23.0,2285.0,85.5038,TEST
WH031,2023-01-01,South,78.7809,27.0,407.0,92.8952,TEST
WH031,2023-01-01,North,42.8943,5.0,946.0,97.8047,TEST
WH032,2023-01-01,East,,37.0,2380.0,98.2522,TEST
WH032,2023-01-01,South,74.3406,6.0,858.0,,TEST
WH032,2023-01-01,Central,93.7281,25.0,2425.0,93.4474,TEST
WH033,2023-01-01,North,91.1306,23.0,2471.0,95.6331,TEST
WH033,2023-01-01,Central,79.5017,11.0,336.0,86.5908,TEST
WH033,2023-01-01,West,64.1243,36.0,705.0,94.7681,TEST
WH034,2023-01-01,East,61.8485,43.0,241.0,89.5982,TEST
WH034,2023-01-01,East,48.3011,44.0,2445.0,87.9731,TEST
WH034,2023-01-01,North,86.7823,38.0,1046.0,85.8613,TEST
WH035,2023-01-01,Central,87.9801,20.0,2059.0,91.3638,TEST
WH035,2023-01-01,South,45.6733,,1633.0,96.521,TEST
WH035,2023-01-01,West,53.0806,33.0,825.0,87.3366,TEST
WH036,2023-01-01,North,58.6633,10.0,1111.0,98.6261,TEST
WH036,2023-01-01,South,62.784,22.0,321.0,94.0646,TEST
WH036,2023-01-01,Central,61.1094,27.0,897.0,92.6193,TEST
WH037,2023-01-01,North,81.6773,23.0,2096.0,97.1092,TEST
WH037,2023-01-01,West,43.3866,8.0,348.0,98.2702,TEST
WH037,2023-01-01,North,48.9208,31.0,1719.0,92.7455,TEST
WH038,2023-01-01,West,69.7706,42.0,1027.0,92.9074,TEST
WH038,2023-01-01,South,66.343,34.0,208.0,87.0652,TEST
WH038,2023-01-01,Central,75.3394,30.0,166.0,86.8029,TEST
WH039,2023-01-01,North,67.6929,20.0,227.0,,TEST
WH039,2023-01-01,Central,42.5114,44.0,1820.0,87.0261,TEST
WH039,2023-01-01,Central,72.0007,34.0,497.0,93.1643,TEST
WH040,2023-01-01,South,54.2369,9.0,1494.0,90.6921,TEST
WH040,2023-01-01,North,78.1553,28.0,2486.0,89.7456,TEST
WH040,2023-01-01,South,64.1673,16.0,338.0,95.7743,TEST
WH041,2023-01-01,Central,92.7549,7.0,1938.0,93.3967,TEST
WH041,2023-01-01,West,,6.0,1707.0,85.3162,TEST
WH041,2023-01-01,South,88.9458,35.0,496.0,86.3734,TEST
WH042,2023-01-01,East,79.3693,29.0,2452.0,97.2196,TEST
WH042,2023-01-01,North,80.4373,43.0,1881.0,88.3974,TEST
WH042,2023-01-01,North,77.3211,32.0,2410.0,92.2457,TEST
WH043,2023-01-01,West,70.1563,41.0,1357.0,92.0988,TEST
WH043,2023-01-01,Central,55.5336,20.0,1197.0,89.5292,TEST
WH043,2023-01-01,West,90.6594,21.0,1123.0,95.3327,TEST
WH044,2023-01-01,North,57.0365,17.0,1113.0,92.4287,TEST
WH044,2023-01-01,Central,77.9035,14.0,585.0,94.0554,TEST
WH044,2023-01-01,Central,66.9405,27.0,2226.0,85.3158,TEST
WH045,2023-01-01,Central,47.0153,9.0,1752.0,97.6962,TEST
WH045,2023-01-01,North,94.9293,14.0,1965.0,91.0078,TEST
WH045,2023-01-01,North,95.1335,29.0,668.0,96.661,TEST
WH046,2023-01-01,Central,89.4963,29.0,1151.0,94.6956,TEST
WH046,2023-01-01,North,74.4049,32.0,240.0,98.6848,TEST
WH046,2023-01-01,South,65.3295,10.0,508.0,86.8162,TEST
WH047,2023-01-01,East,61.7302,24.0,1156.0,89.9127,TEST
WH047,2023-01-01,Central,67.2878,,326.0,95.9629,TEST
WH047,2023-01-01,South,76.4551,39.0,1687.0,,TEST
WH048,2023-01-01,East,84.3926,16.0,2330.0,87.4435,TEST
WH048,2023-01-01,North,51.5775,43.0,525.0,93.5552,TEST
WH048,2023-01-01,East,52.3429,9.0,700.0,94.6373,TEST
WH049,2023-01-01,South,41.1457,29.0,1305.0,94.3085,TEST
WH049,2023-01-01,West,,29.0,685.0,97.1528,TEST
WH049,2023-01-01,North,40.508,16.0,2360.0,90.6857,TEST
WH050,2023-01-01,East,89.6793,15.0,903.0,97.2485,TEST
WH050,2023-01-01,East,78.8333,9.0,1608.0,98.5047,TEST
WH050,2023-01-01,Central,40.9184,15.0,1273.0,97.6091,TEST
WH001,2023-02-01,East,87.316,18.0,544.0,97.704,TEST
WH001,2023-02-01,Central,91.6078,30.0,271.0,97.1906,TEST
WH001,2023-02-01,North,92.5323,30.0,1425.0,89.5896,TEST
WH002,2023-02-01,Central,90.6932,25.0,,94.2531,TEST
WH002,2023-02-01,South,90.4088,25.0,1000.0,97.1838,TEST
WH002,2023-02-01,Central,89.7425,25.0,419.0,87.6926,TEST
WH003,2023-02-01,North,86.7881,43.0,2158.0,90.6523,TEST
WH003,2023-02-01,North,91.7599,13.0,1749.0,88.9705,TEST
WH003,2023-02-01,Central,86.3182,16.0,526.0,93.4426,TEST
WH004,2023-02-01,Central,94.0603,30.0,202.0,85.8156,TEST
WH004,2023-02-01,West,92.9517,22.0,1811.0,88.9675,TEST
WH004,2023-02-01,East,89.5159,13.0,2374.0,92.2402,TEST
WH005,2023-02-01,North,91.9319,10.0,,92.9002,TEST
WH005,2023-02-01,East,88.6537,11.0,270.0,87.4036,TEST
WH005,2023-02-01,South,93.5085,12.0,1651.0,93.2448,TEST
WH006,2023-02-01,North,87.5488,13.0,905.0,96.2368,TEST
WH006,2023-02-01,Central,93.3605,36.0,2225.0,91.3202,TEST
WH006,2023-02-01,East,93.5729,43.0,2404.0,85.9834,TEST
WH007,2023-02-01,West,91.5694,10.0,2150.0,86.4987,TEST
WH007,2023-02-01,East,90.5369,36.0,525.0,87.1495,TEST
WH007,2023-02-01,Central,85.5647,10.0,2279.0,97.8169,TEST
WH008,2023-02-01,North,85.4916,15.0,733.0,89.7865,TEST
WH008,2023-02-01,North,88.8952,37.0,1931.0,94.1894,TEST
WH008,2023-02-01,North,89.3329,10.0,1587.0,98.3924,TEST
WH009,2023-02-01,North,88.3138,16.0,1218.0,93.9698,TEST
WH009,2023-02-01,Central,92.6865,18.0,100.0,96.1816,TEST
WH009,2023-02-01,East,94.9477,33.0,1084.0,90.1605,TEST
WH010,2023-02-01,Central,85.5072,32.0,1187.0,88.8639,TEST
WH010,2023-02-01,East,87.9954,25.0,1947.0,86.0705,TEST
WH010,2023-02-01,South,93.5024,18.0,2415.0,87.7622,TEST
WH011,2023-02-01,East,91.3422,15.0,1367.0,98.2543,TEST
WH011,2023-02-01,South,87.5416,22.0,2058.0,89.1217,TEST
WH011,2023-02-01,North,87.3924,12.0,,86.4434,TEST
WH012,2023-02-01,South,92.7124,34.0,,96.7254,TEST
WH012,2023-02-01,South,87.4328,18.0,1012.0,95.0319,TEST
WH012,2023-02-01,Central,94.8693,37.0,1524.0,92.1448,TEST
WH013,2023-02-01,North,90.3468,26.0,689.0,97.8638,TEST
WH013,2023-02-01,South,87.4055,42.0,1459.0,93.0718,TEST
WH013,2023-02-01,West,88.7211,28.0,573.0,,TEST
WH014,2023-02-01,East,88.8045,44.0,806.0,98.462,TEST
WH014,2023-02-01,East,87.7845,35.0,178.0,96.6449,TEST
WH014,2023-02-01,South,88.3521,40.0,559.0,,TEST
WH015,2023-02-01,South,87.0197,40.0,1314.0,93.0504,TEST
WH015,2023-02-01,West,92.1884,44.0,1641.0,85.1483,TEST
WH015,2023-02-01,North,85.8006,15.0,1261.0,85.7905,TEST
WH016,2023-02-01,North,89.3525,39.0,1374.0,87.6904,TEST
WH016,2023-02-01,West,86.1132,11.0,,97.5111,TEST
WH016,2023-02-01,Central,,,871.0,92.0885,TEST
WH017,2023-02-01,East,87.1328,12.0,718.0,97.3006,TEST
WH017,2023-02-01,South,93.0261,29.0,1268.0,95.1031,TEST
WH017,2023-02-01,West,89.8986,9.0,1693.0,98.9487,TEST
WH018,2023-02-01,North,94.8469,33.0,371.0,94.0137,TEST
WH018,2023-02-01,North,85.2032,28.0,552.0,86.3501,TEST
WH018,2023-02-01,West,89.372,28.0,167.0,94.061,TEST
WH019,2023-02-01,South,89.6641,44.0,647.0,97.4416,TEST
WH019,2023-02-01,Central,92.2297,24.0,1267.0,90.9547,TEST
WH019,2023-02-01,West,86.1081,38.0,473.0,93.0233,TEST
WH020,2023-02-01,East,86.015,25.0,402.0,86.8722,TEST
WH020,2023-02-01,South,87.5318,,877.0,88.1362,TEST
WH020,2023-02-01,North,92.9463,36.0,1151.0,87.3432,TEST
WH021,2023-02-01,South,88.6098,15.0,2240.0,90.8984,TEST
WH021,2023-02-01,East,89.8199,37.0,482.0,,TEST
WH021,2023-02-01,Central,85.1365,11.0,2034.0,86.0986,TEST
WH022,2023-02-01,West,92.7116,22.0,1809.0,97.3415,TEST
WH022,2023-02-01,North,91.9252,16.0,452.0,85.0523,TEST
WH022,2023-02-01,Central,89.7949,14.0,2293.0,92.3304,TEST
WH023,2023-02-01,West,86.9701,16.0,2458.0,93.5403,TEST
WH023,2023-02-01,South,93.4695,14.0,261.0,98.9832,TEST
WH023,2023-02-01,Central,91.8367,25.0,1366.0,94.5418,TEST
WH024,2023-02-01,South,87.0249,15.0,1439.0,,TEST
WH024,2023-02-01,North,86.0296,26.0,,92.7169,TEST
WH024,2023-02-01,Central,,17.0,2331.0,86.0538,TEST
WH025,2023-02-01,West,91.9766,27.0,504.0,86.5548,TEST
WH025,2023-02-01,West,94.1909,43.0,342.0,87.0976,TEST
WH025,2023-02-01,North,94.7988,42.0,894.0,92.7952,TEST
WH026,2023-02-01,West,86.8382,37.0,2116.0,89.0462,TEST
WH026,2023-02-01,South,91.4321,,2081.0,,TEST
WH026,2023-02-01,West,88.7979,36.0,1649.0,96.0328,TEST
WH027,2023-02-01,Central,90.4777,31.0,1429.0,97.2817,TEST
WH027,2023-02-01,South,92.0171,28.0,1001.0,89.0422,TEST
WH027,2023-02-01,East,85.6501,23.0,834.0,85.6888,TEST
WH028,2023-02-01,South,93.5698,29.0,2212.0,98.7651,TEST
WH028,2023-02-01,East,85.8208,5.0,889.0,89.9769,TEST
WH028,2023-02-01,South,92.0671,37.0,1246.0,90.6314,TEST
WH029,2023-02-01,North,86.396,22.0,536.0,90.1042,TEST
WH029,2023-02-01,West,91.5422,29.0,1912.0,97.6317,TEST
WH029,2023-02-01,North,,17.0,800.0,93.0046,TEST
WH030,2023-02-01,West,89.92,38.0,2487.0,87.1762,TEST
WH030,2023-02-01,West,94.6739,18.0,1501.0,85.0046,TEST
WH030,2023-02-01,West,94.1421,15.0,455.0,98.3854,TEST
WH031,2023-02-01,North,91.0439,7.0,,89.0116,TEST
WH031,2023-02-01,East,91.7371,20.0,880.0,98.538,TEST
WH031,2023-02-01,South,87.025,12.0,2258.0,98.4929,TEST
WH032,2023-02-01,West,90.2542,34.0,1035.0,93.4903,TEST
WH032,2023-02-01,Central,94.5128,32.0,1495.0,93.6276,TEST
WH032,2023-02-01,Central,91.8839,36.0,528.0,92.6783,TEST
WH033,2023-02-01,North,94.9375,42.0,675.0,98.1308,TEST
WH033,2023-02-01,South,87.3052,18.0,2129.0,87.5298,TEST
WH033,2023-02-01,East,94.4878,20.0,2179.0,91.0386,TEST
WH034,2023-02-01,West,93.2371,38.0,1950.0,94.3635,TEST
WH034,2023-02-01,North,92.6905,,2357.0,89.5014,TEST
WH034,2023-02-01,East,90.1211,20.0,1793.0,95.0709,TEST
WH035,2023-02-01,South,87.3175,19.0,194.0,94.0166,TEST
WH035,2023-02-01,South,92.7473,26.0,1912.0,,TEST
WH035,2023-02-01,West,89.6418,7.0,2221.0,86.8568,TEST
WH036,2023-02-01,South,,29.0,1565.0,90.3021,TEST
WH036,2023-02-01,Central,87.6601,34.0,609.0,98.2137,TEST
WH036,2023-02-01,North,93.4107,13.0,152.0,86.6941,TEST
WH037,2023-02-01,East,92.6249,43.0,1901.0,96.8426,TEST
WH037,2023-02-01,South,86.4468,29.0,2057.0,92.3473,TEST
WH037,2023-02-01,East,87.6795,25.0,1101.0,89.9476,TEST
WH038,2023-02-01,East,89.8318,44.0,1130.0,92.3462,TEST
WH038,2023-02-01,South,89.992,9.0,1090.0,98.9397,TEST
WH038,2023-02-01,South,86.6065,39.0,142.0,96.9331,TEST
WH039,2023-02-01,West,92.1859,22.0,1565.0,93.1417,TEST
WH039,2023-02-01,North,92.7749,18.0,1506.0,89.0942,TEST
WH039,2023-02-01,Central,93.4827,13.0,1023.0,87.202,TEST
WH040,2023-02-01,South,91.7414,18.0,1732.0,87.7667,TEST
WH040,2023-02-01,North,92.0357,18.0,2011.0,97.2286,TEST
WH040,2023-02-01,North,90.7186,43.0,1111.0,98.3529,TEST
WH041,2023-02-01,West,88.1267,,211.0,98.9993,TEST
WH041,2023-02-01,South,92.4305,6.0,551.0,,TEST
WH041,2023-02-01,North,91.9676,33.0,,90.0825,TEST
WH042,2023-02-01,East,87.4512,44.0,1145.0,88.9492,TEST
WH042,2023-02-01,West,91.9542,39.0,437.0,95.8765,TEST
WH042,2023-02-01,Central,93.8456,22.0,1303.0,91.099,TEST
WH043,2023-02-01,Central,91.1846,38.0,1064.0,86.1402,TEST
WH043,2023-02-01,North,86.437,15.0,1419.0,85.7914,TEST
WH043,2023-02-01,Central,88.5925,5.0,2059.0,97.6446,TEST
WH044,2023-02-01,South,88.5287,10.0,2427.0,86.3876,TEST
WH044,2023-02-01,West,94.8249,36.0,1625.0,86.753,TEST
WH044,2023-02-01,South,91.8866,24.0,2183.0,92.3323,TEST
WH045,2023-02-01,East,93.4907,43.0,2144.0,89.6462,TEST
WH045,2023-02-01,West,85.6246,38.0,897.0,90.0322,TEST
WH045,2023-02-01,Central,87.1632,15.0,2094.0,97.723,TEST
WH046,2023-02-01,East,89.1694,,988.0,89.2774,TEST
WH046,2023-02-01,South,85.3528,28.0,689.0,94.308,TEST
WH046,2023-02-01,Central,92.8361,38.0,1810.0,90.1285,TEST
WH047,2023-02-01,Central,91.2541,9.0,485.0,86.8726,TEST
WH047,2023-02-01,Central,92.7718,15.0,1309.0,88.7452,TEST
WH047,2023-02-01,East,94.8941,,310.0,88.3092,TEST
WH048,2023-02-01,North,89.1683,7.0,1937.0,93.7168,TEST
WH048,2023-02-01,North,85.5652,13.0,830.0,97.3899,TEST
WH048,2023-02-01,Central,90.501,42.0,1098.0,86.408,TEST
WH049,2023-02-01,South,90.7798,30.0,1378.0,89.4398,TEST
WH049,2023-02-01,West,86.9011,26.0,1233.0,94.0179,TEST
WH049,2023-02-01,West,85.5987,6.0,1796.0,90.6943,TEST
WH050,2023-02-01,South,88.3258,12.0,249.0,96.1497,TEST
WH050,2023-02-01,East,92.5065,6.0,1009.0,89.5914,TEST
WH050,2023-02-01,West,94.3212,10.0,1081.0,91.5653,TEST
WH001,2023-03-01,South,90.8302,16.0,551.0,88.0032,TEST
WH001,2023-03-01,South,92.4056,34.0,1959.0,86.1255,TEST
WH001,2023-03-01,North,88.0975,35.0,1226.0,87.8642,TEST
WH002,2023-03-01,West,94.4537,43.0,1730.0,87.0356,TEST
WH002,2023-03-01,Central,93.2997,38.0,1881.0,98.9441,TEST
WH002,2023-03-01,Central,85.7683,31.0,1791.0,,TEST
WH003,2023-03-01,Central,90.1264,6.0,845.0,94.1429,TEST
WH003,2023-03-01,East,88.6566,43.0,825.0,86.7273,TEST
WH003,2023-03-01,North,93.9192,19.0,2272.0,86.4857,TEST
WH004,2023-03-01,West,94.8481,23.0,1580.0,89.2423,TEST
WH004,2023-03-01,West,92.3494,7.0,890.0,96.5482,TEST
WH004,2023-03-01,Central,90.2157,12.0,291.0,85.2091,TEST
WH005,2023-03-01,South,94.6521,30.0,180.0,89.4672,TEST
WH005,2023-03-01,North,,31.0,1198.0,95.6425,TEST
WH005,2023-03-01,Central,94.2652,8.0,2350.0,85.025,TEST
WH006,2023-03-01,East,92.4938,39.0,1806.0,96.5289,TEST
WH006,2023-03-01,South,89.2636,34.0,1394.0,85.2274,TEST
WH006,2023-03-01,Central,92.6429,41.0,629.0,93.3623,TEST
WH007,2023-03-01,North,85.0739,21.0,2032.0,89.0977,TEST
WH007,2023-03-01,South,94.6075,14.0,1167.0,96.0391,TEST
WH007,2023-03-01,West,86.9817,41.0,2274.0,90.6402,TEST
WH008,2023-03-01,East,90.842,33.0,1998.0,95.1818,TEST
WH008,2023-03-01,Central,91.4127,21.0,2041.0,98.1447,TEST
WH008,2023-03-01,South,89.0547,14.0,421.0,94.2444,TEST
WH009,2023-03-01,North,86.8976,20.0,2271.0,90.975,TEST
WH009,2023-03-01,North,92.6231,27.0,525.0,98.0621,TEST
WH009,2023-03-01,West,94.6902,37.0,1794.0,96.243,TEST
WH010,2023-03-01,South,91.9857,30.0,2305.0,94.8729,TEST
WH010,2023-03-01,West,94.6349,34.0,1577.0,90.6335,TEST
WH010,2023-03-01,South,,26.0,,96.6363,TEST
WH011,2023-03-01,West,90.1591,26.0,737.0,95.334,TEST
WH011,2023-03-01,West,86.2576,33.0,2385.0,93.779,TEST
WH011,2023-03-01,North,85.7619,33.0,2383.0,86.5588,TEST
WH012,2023-03-01,West,94.5596,43.0,403.0,94.7413,TEST
WH012,2023-03-01,Central,91.0489,13.0,1139.0,90.2646,TEST
WH012,2023-03-01,East,85.664,24.0,180.0,,TEST
WH013,2023-03-01,North,,36.0,1218.0,94.4135,TEST
WH013,2023-03-01,East,86.9488,31.0,623.0,95.6639,TEST
WH013,2023-03-01,Central,94.238,27.0,624.0,88.9682,TEST
WH014,2023-03-01,West,88.4465,39.0,2409.0,90.4602,TEST
WH014,2023-03-01,Central,86.1868,44.0,627.0,86.0545,TEST
WH014,2023-03-01,North,,27.0,409.0,91.5172,TEST
WH015,2023-03-01,Central,85.321,32.0,598.0,90.3737,TEST
WH015,2023-03-01,East,87.1146,32.0,,95.667,TEST
WH015,2023-03-01,East,93.73,9.0,2137.0,86.2673,TEST
WH016,2023-03-01,North,86.3493,37.0,2206.0,91.712,TEST
WH016,2023-03-01,West,88.2314,38.0,267.0,98.4362,TEST
WH016,2023-03-01,East,87.5946,38.0,212.0,86.4407,TEST
WH017,2023-03-01,West,94.6989,32.0,369.0,91.6626,TEST
WH017,2023-03-01,North,87.7742,36.0,328.0,95.9723,TEST
WH017,2023-03-01,Central,88.6942,38.0,2110.0,94.7216,TEST
WH018,2023-03-01,East,90.9515,26.0,758.0,86.8621,TEST
WH018,2023-03-01,South,94.8033,30.0,2211.0,98.9836,TEST
WH018,2023-03-01,West,94.4619,38.0,1407.0,98.2927,TEST
WH019,2023-03-01,Central,85.1217,15.0,2252.0,87.1737,TEST
WH019,2023-03-01,West,93.0041,33.0,1038.0,,TEST
WH019,2023-03-01,East,90.1516,41.0,2001.0,87.1508,TEST
WH020,2023-03-01,South,94.3163,25.0,1889.0,97.592,TEST
WH020,2023-03-01,North,88.835,16.0,865.0,95.4481,TEST
WH020,2023-03-01,North,94.6678,7.0,1728.0,94.353,TEST
WH021,2023-03-01,North,93.8465,21.0,1156.0,92.5233,TEST
WH021,2023-03-01,Central,86.5951,42.0,734.0,92.7448,TEST
WH021,2023-03-01,Central,90.8098,22.0,1082.0,92.3622,TEST
WH022,2023-03-01,East,,10.0,1206.0,86.6724,TEST
WH022,2023-03-01,West,94.2954,41.0,2484.0,88.5711,TEST
WH022,2023-03-01,West,90.1232,20.0,1929.0,95.632,TEST
WH023,2023-03-01,Central,93.4332,24.0,2157.0,94.1366,TEST
WH023,2023-03-01,West,88.729,40.0,1542.0,86.6453,TEST
WH023,2023-03-01,West,93.5065,36.0,904.0,85.5522,TEST
WH024,2023-03-01,West,92.6852,43.0,569.0,85.5481,TEST
WH024,2023-03-01,East,,43.0,716.0,95.0006,TEST
WH024,2023-03-01,West,87.8262,7.0,445.0,89.3838,TEST
WH025,2023-03-01,Central,89.4259,21.0,,91.3246,TEST
WH025,2023-03-01,Central,86.325,37.0,522.0,97.5303,TEST
WH025,2023-03-01,East,89.761,31.0,1822.0,97.2178,TEST
WH026,2023-03-01,North,,7.0,1547.0,89.6452,TEST
WH026,2023-03-01,North,,40.0,1537.0,87.7675,TEST
WH026,2023-03-01,West,,12.0,1683.0,92.874,TEST
WH027,2023-03-01,East,92.0767,14.0,1644.0,96.9444,TEST
WH027,2023-03-01,South,92.4852,16.0,1505.0,92.271,TEST
WH027,2023-03-01,North,93.2197,29.0,1607.0,92.51,TEST
WH028,2023-03-01,East,93.2712,44.0,726.0,98.1843,TEST
WH028,2023-03-01,East,85.3303,20.0,1137.0,92.5457,TEST
WH028,2023-03-01,West,92.213,5.0,112.0,98.8551,TEST
WH029,2023-03-01,South,87.1394,17.0,872.0,89.3815,TEST
WH029,2023-03-01,East,93.2626,43.0,1366.0,98.7232,TEST
WH029,2023-03-01,Central,93.6857,42.0,808.0,87.7639,TEST
WH030,2023-03-01,West,89.4687,41.0,703.0,92.7256,TEST
WH030,2023-03-01,North,88.9239,22.0,2388.0,95.5895,TEST
WH030,2023-03-01,North,92.0327,26.0,284.0,87.3449,TEST
WH031,2023-03-01,East,85.8756,10.0,2150.0,88.5993,TEST
WH031,2023-03-01,North,86.7449,28.0,1399.0,92.3477,TEST
WH031,2023-03-01,West,93.2942,9.0,2124.0,95.9761,TEST
WH032,2023-03-01,West,86.6644,36.0,1842.0,86.5065,TEST
WH032,2023-03-01,Central,85.8273,26.0,1360.0,89.9586,TEST
WH032,2023-03-01,South,92.136,25.0,1319.0,,TEST
WH033,2023-03-01,South,92.9026,9.0,292.0,91.101,TEST
WH033,2023-03-01,West,89.254,23.0,336.0,94.6785,TEST
WH033,2023-03-01,East,94.0944,9.0,1355.0,94.8146,TEST
WH034,2023-03-01,North,93.537,8.0,1008.0,87.5201,TEST
WH034,2023-03-01,West,,21.0,1389.0,92.3534,TEST
WH034,2023-03-01,West,90.2679,19.0,721.0,86.6178,TEST
WH035,2023-03-01,North,92.5035,41.0,1743.0,95.234,TEST
WH035,2023-03-01,East,90.9305,40.0,252.0,90.9015,TEST
WH035,2023-03-01,South,85.2771,5.0,395.0,88.8794,TEST
WH036,2023-03-01,South,90.8589,29.0,290.0,89.6602,TEST
WH036,2023-03-01,South,94.4734,33.0,400.0,85.4,TEST
WH036,2023-03-01,West,89.0221,32.0,1002.0,89.3699,TEST
WH037,2023-03-01,Central,89.1238,34.0,1000.0,86.3834,TEST
WH037,2023-03-01,Central,87.1038,22.0,2354.0,96.6918,TEST
WH037,2023-03-01,North,,38.0,956.0,97.6098,TEST
WH038,2023-03-01,South,94.611,13.0,1400.0,94.427,TEST
WH038,2023-03-01,Central,86.2077,25.0,2115.0,96.0772,TEST
WH038,2023-03-01,Central,86.022,10.0,147.0,94.4095,TEST
WH039,2023-03-01,Central,90.0124,19.0,1612.0,89.9266,TEST
WH039,2023-03-01,South,91.0468,38.0,1109.0,85.7127,TEST
WH039,2023-03-01,South,88.9707,8.0,1263.0,91.6498,TEST
WH040,2023-03-01,East,94.9649,34.0,2320.0,87.9104,TEST
WH040,2023-03-01,North,93.2001,24.0,1252.0,94.3196,TEST
WH040,2023-03-01,North,85.4861,27.0,2117.0,95.352,TEST
WH041,2023-03-01,South,87.5428,7.0,1400.0,91.0266,TEST
WH041,2023-03-01,East,85.2812,36.0,1994.0,87.9886,TEST
WH041,2023-03-01,South,88.9264,25.0,195.0,89.9659,TEST
WH042,2023-03-01,North,94.0507,27.0,1827.0,85.9451,TEST
WH042,2023-03-01,East,88.87,8.0,825.0,90.4254,TEST
WH042,2023-03-01,South,90.668,5.0,1979.0,98.7523,TEST
WH043,2023-03-01,East,92.9447,9.0,2191.0,98.7919,TEST
WH043,2023-03-01,West,90.6882,22.0,729.0,92.9639,TEST
WH043,2023-03-01,Central,92.1086,36.0,364.0,88.9396,TEST
WH044,2023-03-01,West,94.0191,24.0,112.0,90.9309,TEST
WH044,2023-03-01,Central,86.1001,14.0,1158.0,91.3619,TEST
WH044,2023-03-01,North,94.0347,18.0,266.0,92.8478,TEST
WH045,2023-03-01,South,92.1439,12.0,1558.0,90.3031,TEST
WH045,2023-03-01,East,89.5407,30.0,2203.0,,TEST
WH045,2023-03-01,West,90.8631,17.0,2043.0,93.5469,TEST
WH046,2023-03-01,Central,90.6101,28.0,,89.3225,TEST
WH046,2023-03-01,West,88.7348,32.0,1499.0,98.8836,TEST
WH046,2023-03-01,South,93.8613,39.0,676.0,90.0909,TEST
WH047,2023-03-01,East,85.9688,35.0,865.0,91.0654,TEST
WH047,2023-03-01,East,85.8929,17.0,1791.0,90.8541,TEST
WH047,2023-03-01,West,91.0197,10.0,,85.1018,TEST
WH048,2023-03-01,Central,89.7923,21.0,2370.0,98.388,TEST
WH048,2023-03-01,North,90.18,27.0,1007.0,90.715,TEST
WH048,2023-03-01,South,87.7481,13.0,460.0,96.5937,TEST
WH049,2023-03-01,South,88.0799,24.0,2381.0,94.8348,TEST
WH049,2023-03-01,South,90.432,44.0,2062.0,92.5906,TEST
WH049,2023-03-01,South,86.4392,19.0,1044.0,86.6645,TEST
WH050,2023-03-01,North,86.371,12.0,607.0,93.7084,TEST
WH050,2023-03-01,South,86.2588,23.0,1244.0,87.6865,TEST
WH050,2023-03-01,East,94.1153,36.0,2389.0,96.7612,TEST
WH001,2023-04-01,East,54.6429,24.0,945.0,90.8078,TEST
WH001,2023-04-01,East,94.4382,13.0,1492.0,,TEST
WH001,2023-04-01,North,65.2266,33.0,1749.0,93.5535,TEST
WH002,2023-04-01,East,52.1956,37.0,1828.0,88.5688,TEST
WH002,2023-04-01,West,46.0106,15.0,1275.0,88.2367,TEST
WH002,2023-04-01,West,51.8457,23.0,188.0,98.531,TEST
WH003,2023-04-01,West,57.8489,,1749.0,91.4239,TEST
WH003,2023-04-01,North,54.0912,28.0,1331.0,96.1213,TEST
WH003,2023-04-01,Central,71.0339,18.0,1822.0,89.014,TEST
WH004,2023-04-01,East,90.2866,20.0,2048.0,88.4856,TEST
WH004,2023-04-01,South,61.6961,40.0,1045.0,90.1712,TEST
WH004,2023-04-01,North,72.6963,30.0,609.0,85.7946,TEST
WH005,2023-04-01,South,68.2221,24.0,1528.0,95.6836,TEST
WH005,2023-04-01,North,44.4713,42.0,2079.0,91.0056,TEST
WH005,2023-04-01,North,80.304,12.0,1775.0,96.2647,TEST
WH006,2023-04-01,North,61.1373,33.0,1370.0,94.5312,TEST
WH006,2023-04-01,North,73.1724,5.0,1460.0,96.2132,TEST
WH006,2023-04-01,South,46.294,19.0,851.0,87.6147,TEST
WH007,2023-04-01,North,81.2298,42.0,1390.0,,TEST
WH007,2023-04-01,South,61.6994,5.0,2176.0,91.867,TEST
WH007,2023-04-01,North,91.4042,43.0,2045.0,97.7662,TEST
WH008,2023-04-01,North,44.6025,37.0,1044.0,85.7166,TEST
WH008,2023-04-01,North,63.5775,21.0,166.0,88.0858,TEST
WH008,2023-04-01,North,55.111,21.0,866.0,85.515,TEST
WH009,2023-04-01,South,89.4214,32.0,1767.0,89.4086,TEST
WH009,2023-04-01,Central,93.7592,32.0,1859.0,96.6646,TEST
WH009,2023-04-01,West,69.1531,,1126.0,97.8284,TEST
WH010,2023-04-01,East,64.432,20.0,904.0,87.925,TEST
WH010,2023-04-01,Central,85.5673,37.0,1097.0,97.2986,TEST
WH010,2023-04-01,Central,62.1101,16.0,490.0,88.8199,TEST
WH011,2023-04-01,East,49.7454,12.0,734.0,90.5614,TEST
WH011,2023-04-01,West,64.3707,43.0,905.0,97.9337,TEST
WH011,2023-04-01,South,84.8415,40.0,339.0,88.9773,TEST
WH012,2023-04-01,Central,57.1465,5.0,1047.0,85.1587,TEST
WH012,2023-04-01,West,77.0415,29.0,2180.0,89.935,TEST
WH012,2023-04-01,South,56.5275,,1539.0,85.077,TEST
WH013,2023-04-01,North,48.0949,38.0,998.0,98.616,TEST
WH013,2023-04-01,Central,94.602,35.0,1142.0,90.2561,TEST
WH013,2023-04-01,West,85.2295,35.0,,97.9334,TEST
WH014,2023-04-01,North,49.2549,25.0,1094.0,92.3006,TEST
WH014,2023-04-01,South,94.1647,8.0,1743.0,91.5722,TEST
WH014,2023-04-01,South,84.5458,14.0,1414.0,94.1906,TEST
WH015,2023-04-01,East,45.3674,32.0,2373.0,92.324,TEST
WH015,2023-04-01,North,58.8869,6.0,240.0,90.2123,TEST
WH015,2023-04-01,Central,48.4977,34.0,2174.0,85.8911,TEST
WH016,2023-04-01,West,46.0742,43.0,1539.0,86.5605,TEST
WH016,2023-04-01,West,67.4302,5.0,1011.0,98.5548,TEST
WH016,2023-04-01,South,56.3283,,510.0,93.5401,TEST
WH017,2023-04-01,Central,63.1783,34.0,1345.0,,TEST
WH017,2023-04-01,South,82.3131,13.0,,94.0646,TEST
WH017,2023-04-01,East,92.2475,44.0,251.0,89.1514,TEST
WH018,2023-04-01,Central,73.0979,23.0,208.0,91.838,TEST
WH018,2023-04-01,South,49.6516,43.0,1143.0,98.2203,TEST
WH018,2023-04-01,South,78.8607,37.0,1993.0,93.7323,TEST
WH019,2023-04-01,East,85.3022,18.0,2417.0,94.3544,TEST
WH019,2023-04-01,East,91.7277,25.0,623.0,97.612,TEST
WH019,2023-04-01,West,56.3892,30.0,1137.0,86.1283,TEST
WH020,2023-04-01,North,53.0315,41.0,431.0,86.5672,TEST
WH020,2023-04-01,Central,71.1763,42.0,2226.0,88.8167,TEST
WH020,2023-04-01,South,85.7635,32.0,1105.0,93.2996,TEST
WH021,2023-04-01,East,60.678,19.0,320.0,98.8606,TEST
WH021,2023-04-01,West,91.2249,22.0,1068.0,94.713,TEST
WH021,2023-04-01,West,64.3056,36.0,1184.0,98.2307,TEST
WH022,2023-04-01,Central,80.5113,19.0,279.0,90.9754,TEST
WH022,2023-04-01,North,44.4745,,1300.0,95.0497,TEST
WH022,2023-04-01,North,65.2046,35.0,395.0,89.2581,TEST
WH023,2023-04-01,Central,79.531,7.0,722.0,98.4933,TEST
WH023,2023-04-01,Central,76.0622,28.0,,96.0877,TEST
WH023,2023-04-01,East,45.4918,27.0,2274.0,92.6111,TEST
WH024,2023-04-01,West,50.9308,29.0,1559.0,88.4846,TEST
WH024,2023-04-01,Central,62.7758,20.0,1051.0,86.9258,TEST
WH024,2023-04-01,North,61.7643,33.0,1648.0,97.539,TEST
WH025,2023-04-01,South,76.8761,6.0,2348.0,98.0586,TEST
WH025,2023-04-01,South,86.6125,29.0,1312.0,85.2557,TEST
WH025,2023-04-01,East,97.1127,9.0,292.0,88.9815,TEST
WH026,2023-04-01,Central,48.1246,39.0,2456.0,97.1296,TEST
WH026,2023-04-01,West,57.7898,23.0,356.0,91.7305,TEST
WH026,2023-04-01,North,68.0205,43.0,2376.0,88.0472,TEST
WH027,2023-04-01,South,83.6691,19.0,1611.0,94.5363,TEST
WH027,2023-04-01,East,53.2814,16.0,585.0,96.1109,TEST
WH027,2023-04-01,South,84.8496,8.0,959.0,87.0146,TEST
WH028,2023-04-01,North,50.0975,40.0,2099.0,91.7792,TEST
WH028,2023-04-01,South,59.6857,12.0,395.0,92.5693,TEST
WH028,2023-04-01,South,91.0864,27.0,1517.0,97.2916,TEST
WH029,2023-04-01,West,73.3167,11.0,1874.0,92.8052,TEST
WH029,2023-04-01,Central,80.8134,29.0,682.0,98.0735,TEST
WH029,2023-04-01,South,74.2943,,1662.0,86.303,TEST
WH030,2023-04-01,North,80.8194,7.0,651.0,91.9078,TEST
WH030,2023-04-01,Central,88.5382,25.0,701.0,98.4945,TEST
WH030,2023-04-01,Central,52.2949,22.0,1630.0,98.5901,TEST
WH031,2023-04-01,East,83.997,13.0,1487.0,98.2616,TEST
WH031,2023-04-01,East,45.774,11.0,601.0,90.2531,TEST
WH031,2023-04-01,North,84.7694,16.0,1715.0,91.2502,TEST
WH032,2023-04-01,East,41.1979,20.0,558.0,,TEST
WH032,2023-04-01,Central,59.8968,17.0,1192.0,88.9116,TEST
WH032,2023-04-01,Central,43.3168,30.0,1694.0,97.4784,TEST
WH033,2023-04-01,Central,91.032,16.0,2440.0,95.1924,TEST
WH033,2023-04-01,East,88.4075,,399.0,87.3182,TEST
WH033,2023-04-01,West,85.6582,5.0,,91.0597,TEST
WH034,2023-04-01,West,66.4071,43.0,2105.0,91.1201,TEST
WH034,2023-04-01,North,61.5814,34.0,,91.0216,TEST
WH034,2023-04-01,West,94.7047,15.0,925.0,88.6359,TEST
WH035,2023-04-01,Central,93.7271,17.0,1276.0,92.3268,TEST
WH035,2023-04-01,West,48.862,29.0,1603.0,94.4524,TEST
WH035,2023-04-01,South,79.0888,24.0,2108.0,85.5156,TEST
WH036,2023-04-01,East,43.7002,,1892.0,97.457,TEST
WH036,2023-04-01,West,81.2395,9.0,1321.0,92.6007,TEST
WH036,2023-04-01,East,88.3707,17.0,290.0,88.6473,TEST
WH037,2023-04-01,Central,78.1147,11.0,101.0,90.2305,TEST
WH037,2023-04-01,Central,68.7064,10.0,443.0,86.4342,TEST
WH037,2023-04-01,Central,56.2978,20.0,1672.0,85.826,TEST
WH038,2023-04-01,East,87.2821,11.0,2334.0,95.7377,TEST
WH038,2023-04-01,West,46.7351,38.0,916.0,87.5962,TEST
WH038,2023-04-01,North,84.9123,34.0,297.0,95.1548,TEST
WH039,2023-04-01,Central,78.7883,29.0,1464.0,92.655,TEST
WH039,2023-04-01,East,84.6085,20.0,2288.0,86.1291,TEST
WH039,2023-04-01,East,47.4404,41.0,1881.0,95.043,TEST
WH040,2023-04-01,West,69.2933,8.0,1168.0,85.3464,TEST
WH040,2023-04-01,South,62.2172,37.0,977.0,98.1771,TEST
WH040,2023-04-01,Central,90.2104,26.0,1928.0,97.0639,TEST
WH041,2023-04-01,North,89.929,6.0,274.0,87.3924,TEST
WH041,2023-04-01,West,93.4961,15.0,,90.4968,TEST
WH041,2023-04-01,Central,70.6844,23.0,684.0,98.6174,TEST
WH042,2023-04-01,South,66.2697,16.0,658.0,90.1724,TEST
WH042,2023-04-01,East,95.3476,35.0,106.0,87.2467,TEST
WH042,2023-04-01,South,70.6639,43.0,1292.0,91.0263,TEST
WH043,2023-04-01,East,60.0933,43.0,2154.0,91.7686,TEST
WH043,2023-04-01,South,81.1231,37.0,2126.0,,TEST
WH043,2023-04-01,Central,62.6588,28.0,1155.0,94.6192,TEST
WH044,2023-04-01,Central,66.2113,24.0,804.0,89.8843,TEST
WH044,2023-04-01,South,74.867,24.0,1052.0,93.7776,TEST
WH044,2023-04-01,West,77.0945,28.0,1757.0,87.9034,TEST
WH045,2023-04-01,East,82.4347,13.0,982.0,85.2531,TEST
WH045,2023-04-01,West,83.1915,14.0,1713.0,90.38,TEST
WH045,2023-04-01,East,92.6291,27.0,1813.0,97.1177,TEST
WH046,2023-04-01,South,89.3923,40.0,1382.0,88.8842,TEST
WH046,2023-04-01,East,63.7957,13.0,2456.0,97.2004,TEST
WH046,2023-04-01,West,51.5101,25.0,2472.0,94.3444,TEST
WH047,2023-04-01,East,97.6007,26.0,1179.0,90.1704,TEST
WH047,2023-04-01,Central,41.8872,36.0,1718.0,97.7708,TEST
WH047,2023-04-01,Central,95.0257,5.0,1798.0,93.4753,TEST
WH048,2023-04-01,North,57.8203,26.0,850.0,93.6316,TEST
WH048,2023-04-01,Central,87.3419,16.0,,93.7785,TEST
WH048,2023-04-01,Central,89.3108,36.0,1952.0,95.9378,TEST
WH049,2023-04-01,Central,49.553,6.0,290.0,89.7031,TEST
WH049,2023-04-01,West,66.5612,5.0,1356.0,97.4794,TEST
WH049,2023-04-01,West,60.8303,24.0,459.0,92.6383,TEST
WH050,2023-04-01,North,74.515,13.0,1038.0,92.5084,TEST
WH050,2023-04-01,Central,90.1279,26.0,1946.0,93.5411,TEST
WH050,2023-04-01,East,79.7939,43.0,671.0,93.2346,TEST
WH001,2023-05-01,North,43.7848,22.0,1418.0,88.8768,TEST
WH001,2023-05-01,South,81.1593,38.0,628.0,93.7495,TEST
WH001,2023-05-01,Central,97.7779,27.0,934.0,98.6579,TEST
WH002,2023-05-01,East,,20.0,1872.0,93.452,TEST
WH002,2023-05-01,West,84.2935,19.0,2271.0,91.523,TEST
WH002,2023-05-01,Central,52.0055,11.0,224.0,96.6116,TEST
WH003,2023-05-01,East,76.8444,25.0,393.0,97.5201,TEST
WH003,2023-05-01,Central,51.1977,44.0,397.0,97.3423,TEST
WH003,2023-05-01,East,69.7979,15.0,1396.0,97.4892,TEST
WH004,2023-05-01,East,74.4595,7.0,861.0,92.7056,TEST
WH004,2023-05-01,West,42.8703,24.0,1773.0,95.577,TEST
WH004,2023-05-01,Central,92.6734,28.0,2181.0,89.3069,TEST
WH005,2023-05-01,South,45.2089,22.0,677.0,92.8806,TEST
WH005,2023-05-01,West,61.1248,10.0,700.0,90.0024,TEST
WH005,2023-05-01,Central,73.9915,32.0,2301.0,89.6121,TEST
WH006,2023-05-01,Central,72.8169,13.0,1413.0,92.5965,TEST
WH006,2023-05-01,East,41.1665,37.0,1502.0,93.9241,TEST
WH006,2023-05-01,South,58.5707,19.0,1907.0,89.2244,TEST
WH007,2023-05-01,North,51.4033,39.0,1401.0,95.723,TEST
WH007,2023-05-01,Central,75.9803,30.0,1200.0,94.2068,TEST
WH007,2023-05-01,East,49.0224,38.0,540.0,95.4692,TEST
WH008,2023-05-01,South,51.9976,9.0,678.0,89.1723,TEST
WH008,2023-05-01,Central,88.3642,7.0,271.0,94.8726,TEST
WH008,2023-05-01,Central,55.8624,33.0,,85.8991,TEST
WH009,2023-05-01,East,44.3004,17.0,399.0,93.2354,TEST
WH009,2023-05-01,Central,90.1135,29.0,483.0,,TEST
WH009,2023-05-01,South,86.4877,44.0,1093.0,94.0424,TEST
WH010,2023-05-01,East,49.8568,9.0,2142.0,91.3221,TEST
WH010,2023-05-01,West,67.518,,2016.0,95.5395,TEST
WH010,2023-05-01,Central,77.866,31.0,1378.0,91.6376,TEST
WH011,2023-05-01,Central,72.3295,38.0,505.0,96.5067,TEST
WH011,2023-05-01,Central,88.2817,36.0,427.0,86.6511,TEST
WH011,2023-05-01,North,47.4311,13.0,231.0,94.4427,TEST
WH012,2023-05-01,South,88.4543,44.0,1853.0,95.0271,TEST
WH012,2023-05-01,East,52.7682,44.0,2166.0,96.6711,TEST
WH012,2023-05-01,South,85.7431,14.0,2114.0,88.3066,TEST
WH013,2023-05-01,Central,59.8192,8.0,,87.7254,TEST
WH013,2023-05-01,North,63.9778,7.0,1259.0,91.3857,TEST
WH013,2023-05-01,North,62.0175,13.0,1926.0,97.4285,TEST
WH014,2023-05-01,North,58.488,16.0,382.0,85.3076,TEST
WH014,2023-05-01,East,88.8324,5.0,510.0,88.0863,TEST
WH014,2023-05-01,South,79.0865,19.0,271.0,91.7929,TEST
WH015,2023-05-01,East,97.312,32.0,1152.0,93.1813,TEST
WH015,2023-05-01,West,53.6048,19.0,1198.0,86.5182,TEST
WH015,2023-05-01,South,87.3771,22.0,2475.0,90.3489,TEST
WH016,2023-05-01,Central,44.187,22.0,1813.0,97.9726,TEST
WH016,2023-05-01,North,46.9711,18.0,306.0,88.6958,TEST
WH016,2023-05-01,West,48.1976,44.0,907.0,95.9738,TEST
WH017,2023-05-01,South,89.2212,42.0,853.0,96.3561,TEST
WH017,2023-05-01,South,76.7233,7.0,978.0,89.5997,TEST
WH017,2023-05-01,South,83.0043,11.0,2362.0,97.9236,TEST
WH018,2023-05-01,South,92.5636,28.0,1895.0,95.4936,TEST
WH018,2023-05-01,Central,54.6232,17.0,816.0,94.2253,TEST
WH018,2023-05-01,Central,46.3878,19.0,165.0,92.9623,TEST
WH019,2023-05-01,Central,75.056,38.0,2331.0,98.0631,TEST
WH019,2023-05-01,South,54.8881,37.0,582.0,88.746,TEST
WH019,2023-05-01,South,81.5129,,1410.0,87.9092,TEST
WH020,2023-05-01,Central,83.8799,39.0,1307.0,98.233,TEST
WH020,2023-05-01,North,77.0624,,1371.0,94.2394,TEST
WH020,2023-05-01,South,90.6836,37.0,2084.0,85.1472,TEST
WH021,2023-05-01,East,89.1615,44.0,1858.0,92.3371,TEST
WH021,2023-05-01,North,,29.0,712.0,95.7414,TEST
WH021,2023-05-01,South,65.0014,11.0,256.0,88.1792,TEST
WH022,2023-05-01,South,45.5716,34.0,1929.0,,TEST
WH022,2023-05-01,Central,67.3316,8.0,724.0,90.3182,TEST
WH022,2023-05-01,Central,97.0319,21.0,1528.0,94.8739,TEST
WH023,2023-05-01,East,55.7268,38.0,1579.0,92.0659,TEST
WH023,2023-05-01,East,95.9662,22.0,1918.0,92.6525,TEST
WH023,2023-05-01,Central,81.6313,16.0,2288.0,90.0019,TEST
WH024,2023-05-01,South,40.9699,,909.0,90.8541,TEST
WH024,2023-05-01,West,81.0177,14.0,1279.0,98.6293,TEST
WH024,2023-05-01,Central,40.8937,42.0,314.0,87.238,TEST
WH025,2023-05-01,South,66.4558,37.0,1256.0,97.7689,TEST
WH025,2023-05-01,East,78.0557,11.0,537.0,91.748,TEST
WH025,2023-05-01,North,77.6918,36.0,1595.0,87.0067,TEST
WH026,2023-05-01,East,89.6683,26.0,1407.0,85.754,TEST
WH026,2023-05-01,South,74.0668,19.0,733.0,93.7371,TEST
WH026,2023-05-01,East,52.1979,21.0,232.0,,TEST
WH027,2023-05-01,West,71.2005,27.0,1061.0,91.5208,TEST
WH027,2023-05-01,North,94.2045,44.0,593.0,90.1927,TEST
WH027,2023-05-01,Central,75.266,33.0,846.0,88.2788,TEST
WH028,2023-05-01,East,59.3709,8.0,2282.0,96.2978,TEST
WH028,2023-05-01,West,,,,95.4628,TEST
WH028,2023-05-01,North,58.2292,19.0,1852.0,88.4731,TEST
WH029,2023-05-01,North,,13.0,307.0,94.7717,TEST
WH029,2023-05-01,East,71.6971,6.0,2459.0,87.9818,TEST
WH029,2023-05-01,South,79.9893,11.0,817.0,91.5529,TEST
WH030,2023-05-01,East,88.9576,15.0,962.0,87.3506,TEST
WH030,2023-05-01,North,82.6361,,1626.0,93.9039,TEST
WH030,2023-05-01,West,66.0248,27.0,1538.0,90.8638,TEST
WH031,2023-05-01,East,,37.0,1397.0,96.7144,TEST
WH031,2023-05-01,Central,88.7255,27.0,2291.0,87.9839,TEST
WH031,2023-05-01,South,62.551,34.0,2106.0,88.8756,TEST
WH032,2023-05-01,Central,,16.0,362.0,85.6437,TEST
WH032,2023-05-01,West,58.1422,16.0,1817.0,92.5882,TEST
WH032,2023-05-01,South,61.9238,44.0,334.0,89.9204,TEST
WH033,2023-05-01,Central,84.7175,22.0,363.0,89.2812,TEST
WH033,2023-05-01,North,85.5273,22.0,2068.0,94.9654,TEST
WH033,2023-05-01,West,61.9897,20.0,990.0,94.519,TEST
WH034,2023-05-01,South,72.7212,8.0,2061.0,95.6201,TEST
WH034,2023-05-01,South,75.6046,13.0,879.0,92.1793,TEST
WH034,2023-05-01,South,91.467,15.0,589.0,94.1288,TEST
WH035,2023-05-01,South,77.9447,29.0,1903.0,87.3342,TEST
WH035,2023-05-01,West,49.2222,20.0,2254.0,97.5259,TEST
WH035,2023-05-01,Central,44.2354,31.0,2092.0,94.9692,TEST
WH036,2023-05-01,East,52.7639,16.0,227.0,90.1409,TEST
WH036,2023-05-01,Central,65.4286,17.0,665.0,88.7114,TEST
WH036,2023-05-01,South,41.1634,22.0,952.0,91.3916,TEST
WH037,2023-05-01,South,57.2888,39.0,2177.0,92.0516,TEST
WH037,2023-05-01,West,44.5951,44.0,1925.0,89.4723,TEST
WH037,2023-05-01,East,68.4402,12.0,311.0,94.384,TEST
WH038,2023-05-01,West,70.0025,33.0,1191.0,86.3098,TEST
WH038,2023-05-01,West,84.5558,30.0,1537.0,93.4614,TEST
WH038,2023-05-01,Central,40.2235,41.0,1287.0,98.6757,TEST
WH039,2023-05-01,East,49.8476,6.0,1807.0,88.6438,TEST
WH039,2023-05-01,South,64.7307,17.0,1770.0,96.7214,TEST
WH039,2023-05-01,Central,83.1719,17.0,451.0,91.4442,TEST
WH040,2023-05-01,East,84.6046,39.0,1518.0,93.7965,TEST
WH040,2023-05-01,West,63.5724,10.0,1729.0,92.9623,TEST
WH040,2023-05-01,Central,,10.0,2133.0,93.6336,TEST
WH041,2023-05-01,Central,69.1604,36.0,1197.0,,TEST
WH041,2023-05-01,South,72.9888,20.0,1086.0,96.7847,TEST
WH041,2023-05-01,South,65.0079,43.0,1612.0,86.1069,TEST
WH042,2023-05-01,South,46.8498,42.0,650.0,98.0343,TEST
WH042,2023-05-01,North,96.7446,17.0,574.0,90.9682,TEST
WH042,2023-05-01,North,,25.0,2244.0,86.462,TEST
WH043,2023-05-01,North,57.8756,,212.0,89.094,TEST
WH043,2023-05-01,Central,94.0163,9.0,1405.0,96.5846,TEST
WH043,2023-05-01,North,66.8379,23.0,2223.0,92.8742,TEST
WH044,2023-05-01,West,,32.0,1976.0,94.97,TEST
WH044,2023-05-01,East,63.0042,37.0,320.0,88.077,TEST
WH044,2023-05-01,North,75.3306,17.0,346.0,92.8156,TEST
WH045,2023-05-01,West,61.2235,28.0,2006.0,98.9118,TEST
WH045,2023-05-01,North,71.0869,20.0,1168.0,97.9273,TEST
WH045,2023-05-01,South,65.8971,15.0,177.0,96.3131,TEST
WH046,2023-05-01,Central,52.0808,21.0,123.0,98.9476,TEST
WH046,2023-05-01,East,85.2356,32.0,364.0,88.2867,TEST
WH046,2023-05-01,Central,43.1468,23.0,2220.0,,TEST
WH047,2023-05-01,Central,86.1502,39.0,1163.0,97.7347,TEST
WH047,2023-05-01,West,74.2082,33.0,1257.0,92.2979,TEST
WH047,2023-05-01,North,67.4907,17.0,1248.0,88.3885,TEST
WH048,2023-05-01,West,89.5475,20.0,285.0,88.3136,TEST
WH048,2023-05-01,South,68.9385,17.0,1579.0,90.1134,TEST
WH048,2023-05-01,North,85.7569,8.0,1554.0,,TEST
WH049,2023-05-01,North,73.0425,13.0,1177.0,87.0821,TEST
WH049,2023-05-01,Central,59.459,35.0,270.0,93.7647,TEST
WH049,2023-05-01,South,58.5696,18.0,114.0,96.9075,TEST
WH050,2023-05-01,West,69.4199,7.0,1992.0,97.7381,TEST
WH050,2023-05-01,South,93.0766,24.0,1486.0,90.0146,TEST
WH050,2023-05-01,West,49.8433,14.0,1460.0,96.2033,TEST
WH001,2023-06-01,West,95.76,13.0,1302.0,87.7158,TEST
WH001,2023-06-01,West,72.0954,,1319.0,89.5352,TEST
WH001,2023-06-01,East,43.5489,13.0,1359.0,90.6943,TEST
WH002,2023-06-01,North,43.9972,8.0,1352.0,85.7137,TEST
WH002,2023-06-01,South,85.2359,14.0,2369.0,97.2852,TEST
WH002,2023-06-01,Central,78.9309,7.0,1690.0,97.5203,TEST
WH003,2023-06-01,North,59.6234,14.0,2002.0,98.7197,TEST
WH003,2023-06-01,Central,97.2263,42.0,1646.0,85.217,TEST
WH003,2023-06-01,West,49.6622,40.0,370.0,86.1193,TEST
WH004,2023-06-01,Central,48.471,11.0,840.0,96.5426,TEST
WH004,2023-06-01,West,66.7176,37.0,2144.0,91.5529,TEST
WH004,2023-06-01,West,70.866,8.0,376.0,86.0941,TEST
WH005,2023-06-01,East,58.5621,35.0,136.0,94.8625,TEST
WH005,2023-06-01,South,76.23,,1275.0,95.7381,TEST
WH005,2023-06-01,South,85.4942,19.0,1313.0,88.6041,TEST
WH006,2023-06-01,South,94.5503,31.0,1273.0,91.2783,TEST
WH006,2023-06-01,West,97.128,41.0,858.0,90.6648,TEST
WH006,2023-06-01,North,47.0403,34.0,2369.0,89.4769,TEST
WH007,2023-06-01,Central,47.4625,34.0,175.0,90.0726,TEST
WH007,2023-06-01,South,67.907,40.0,109.0,97.7959,TEST
WH007,2023-06-01,North,95.3992,14.0,765.0,86.4724,TEST
WH008,2023-06-01,West,57.2767,39.0,1164.0,91.2542,TEST
WH008,2023-06-01,North,85.4897,16.0,1653.0,98.465,TEST
WH008,2023-06-01,North,57.3264,16.0,998.0,95.025,TEST
WH009,2023-06-01,West,87.2506,6.0,1489.0,87.0333,TEST
WH009,2023-06-01,Central,95.1759,27.0,613.0,93.9057,TEST
WH009,2023-06-01,South,,42.0,1692.0,92.3777,TEST
WH010,2023-06-01,North,43.9245,31.0,1289.0,96.0965,TEST
WH010,2023-06-01,East,86.4709,35.0,577.0,87.5386,TEST
WH010,2023-06-01,South,75.6414,33.0,2060.0,90.5028,TEST
WH011,2023-06-01,South,74.9793,15.0,2312.0,86.6165,TEST
WH011,2023-06-01,Central,47.83,8.0,2365.0,97.2299,TEST
WH011,2023-06-01,West,,22.0,1782.0,91.7791,TEST
WH012,2023-06-01,South,53.8012,8.0,576.0,89.8851,TEST
WH012,2023-06-01,Central,66.3345,17.0,1849.0,85.6652,TEST
WH012,2023-06-01,East,87.0081,28.0,1072.0,89.0151,TEST
WH013,2023-06-01,West,48.2375,28.0,1365.0,91.4158,TEST
WH013,2023-06-01,East,75.4202,22.0,453.0,92.7717,TEST
WH013,2023-06-01,Central,79.4083,38.0,1136.0,,TEST
WH014,2023-06-01,South,74.6138,25.0,1743.0,85.3766,TEST
WH014,2023-06-01,South,90.4226,10.0,2096.0,85.5525,TEST
WH014,2023-06-01,West,83.1786,14.0,2170.0,88.0244,TEST
WH015,2023-06-01,North,78.6078,24.0,403.0,89.778,TEST
WH015,2023-06-01,Central,41.7557,20.0,2123.0,90.5252,TEST
WH015,2023-06-01,East,81.3107,28.0,401.0,96.0745,TEST
WH016,2023-06-01,North,65.2526,33.0,863.0,98.8221,TEST
WH016,2023-06-01,North,40.4252,17.0,2065.0,98.1085,TEST
WH016,2023-06-01,North,66.5425,7.0,884.0,88.9421,TEST
WH017,2023-06-01,North,67.4475,28.0,623.0,92.6795,TEST
WH017,2023-06-01,East,40.4442,38.0,1642.0,,TEST
WH017,2023-06-01,South,60.7745,39.0,148.0,96.6756,TEST
WH018,2023-06-01,West,88.0272,7.0,489.0,97.4289,TEST
WH018,2023-06-01,North,69.6077,13.0,1511.0,88.3164,TEST
WH018,2023-06-01,East,92.8667,24.0,,92.2044,TEST
WH019,2023-06-01,East,54.7522,13.0,162.0,93.7334,TEST
WH019,2023-06-01,South,88.4859,43.0,2477.0,93.9405,TEST
WH019,2023-06-01,Central,69.8531,22.0,180.0,88.3295,TEST
WH020,2023-06-01,South,,19.0,1725.0,87.6525,TEST
WH020,2023-06-01,Central,43.0469,28.0,451.0,89.9977,TEST
WH020,2023-06-01,West,45.9597,36.0,1406.0,89.1348,TEST
WH021,2023-06-01,Central,93.5143,27.0,555.0,86.7521,TEST
WH021,2023-06-01,East,59.8965,22.0,210.0,95.8993,TEST
WH021,2023-06-01,Central,58.0109,17.0,1625.0,85.5225,TEST
WH022,2023-06-01,Central,95.8287,24.0,1087.0,91.004,TEST
WH022,2023-06-01,East,75.9835,43.0,1988.0,96.7219,TEST
WH022,2023-06-01,Central,,40.0,210.0,96.0944,TEST
WH023,2023-06-01,Central,75.2609,25.0,179.0,95.5052,TEST
WH023,2023-06-01,North,43.6036,15.0,504.0,91.3242,TEST
WH023,2023-06-01,North,58.9234,9.0,1407.0,89.6786,TEST
WH024,2023-06-01,South,79.441,44.0,1359.0,87.1062,TEST
WH024,2023-06-01,Central,53.3014,42.0,1959.0,93.5203,TEST
WH024,2023-06-01,North,76.2193,19.0,1903.0,95.7625,TEST
WH025,2023-06-01,West,63.9119,31.0,502.0,92.9268,TEST
WH025,2023-06-01,South,57.5938,40.0,611.0,92.2275,TEST
WH025,2023-06-01,South,71.6971,16.0,1028.0,91.8221,TEST
WH026,2023-06-01,West,58.9977,39.0,1171.0,96.7115,TEST
WH026,2023-06-01,South,91.9425,37.0,637.0,89.8376,TEST
WH026,2023-06-01,West,81.8704,35.0,2215.0,86.3421,TEST
WH027,2023-06-01,East,52.9044,22.0,645.0,94.289,TEST
WH027,2023-06-01,North,,41.0,603.0,94.9282,TEST
WH027,2023-06-01,South,94.13,43.0,2136.0,98.7183,TEST
WH028,2023-06-01,South,74.105,18.0,1028.0,94.5899,TEST
WH028,2023-06-01,West,59.5896,26.0,789.0,93.8536,TEST
WH028,2023-06-01,North,71.236,35.0,628.0,85.5544,TEST
WH029,2023-06-01,North,73.7895,19.0,1634.0,97.9778,TEST
WH029,2023-06-01,South,45.9296,15.0,1791.0,88.9431,TEST
WH029,2023-06-01,South,,42.0,1355.0,88.1901,TEST
WH030,2023-06-01,West,86.7718,,984.0,93.8755,TEST
WH030,2023-06-01,East,51.1018,31.0,1244.0,89.2779,TEST
WH030,2023-06-01,South,40.1869,9.0,1414.0,92.9077,TEST
WH031,2023-06-01,East,42.2244,9.0,178.0,86.7037,TEST
WH031,2023-06-01,West,72.1339,21.0,2444.0,95.2128,TEST
WH031,2023-06-01,East,80.8048,25.0,2084.0,86.4116,TEST
WH032,2023-06-01,South,67.4642,40.0,1817.0,90.2224,TEST
WH032,2023-06-01,East,50.3597,42.0,460.0,94.5121,TEST
WH032,2023-06-01,East,41.3797,30.0,212.0,94.7085,TEST
WH033,2023-06-01,East,,25.0,839.0,88.9022,TEST
WH033,2023-06-01,North,,12.0,1681.0,86.5715,TEST
WH033,2023-06-01,Central,84.311,23.0,1512.0,95.9558,TEST
WH034,2023-06-01,East,57.9154,30.0,1123.0,92.3487,TEST
WH034,2023-06-01,West,78.174,34.0,965.0,93.4808,TEST
WH034,2023-06-01,Central,79.9591,8.0,2433.0,98.3476,TEST
WH035,2023-06-01,North,97.4219,17.0,1719.0,90.3757,TEST
WH035,2023-06-01,East,51.7904,31.0,2263.0,95.5068,TEST
WH035,2023-06-01,East,86.0847,29.0,1061.0,85.5112,TEST
WH036,2023-06-01,Central,78.2409,9.0,908.0,94.0743,TEST
WH036,2023-06-01,Central,83.0382,10.0,2331.0,88.931,TEST
WH036,2023-06-01,South,59.3977,43.0,438.0,87.9985,TEST
WH037,2023-06-01,North,72.0201,34.0,560.0,91.4535,TEST
WH037,2023-06-01,West,83.2741,14.0,1271.0,,TEST
WH037,2023-06-01,Central,77.6283,44.0,2473.0,92.3079,TEST
WH038,2023-06-01,South,46.4689,41.0,1165.0,91.7778,TEST
WH038,2023-06-01,North,86.2855,39.0,824.0,93.1591,TEST
WH038,2023-06-01,East,57.5523,35.0,1787.0,93.0322,TEST
WH039,2023-06-01,North,62.3475,23.0,313.0,91.818,TEST
WH039,2023-06-01,West,51.418,32.0,637.0,87.7806,TEST
WH039,2023-06-01,East,67.8257,27.0,1818.0,,TEST
WH040,2023-06-01,West,55.0435,36.0,226.0,97.3076,TEST
WH040,2023-06-01,East,60.0539,17.0,1451.0,98.3567,TEST
WH040,2023-06-01,Central,86.2196,31.0,914.0,96.5637,TEST
WH041,2023-06-01,North,51.9593,13.0,1192.0,87.6457,TEST
WH041,2023-06-01,East,71.3156,10.0,444.0,86.1784,TEST
WH041,2023-06-01,South,72.7942,43.0,1423.0,94.2369,TEST
WH042,2023-06-01,South,86.0688,13.0,1842.0,98.6816,TEST
WH042,2023-06-01,North,94.1619,12.0,965.0,91.2528,TEST
WH042,2023-06-01,North,52.751,5.0,1650.0,,TEST
WH043,2023-06-01,East,72.2878,31.0,161.0,88.6893,TEST
WH043,2023-06-01,East,71.151,26.0,,92.7176,TEST
WH043,2023-06-01,South,69.5306,39.0,1396.0,91.3413,TEST
WH044,2023-06-01,West,70.6869,9.0,672.0,86.2492,TEST
WH044,2023-06-01,East,92.6832,14.0,349.0,94.6671,TEST
WH044,2023-06-01,South,48.337,39.0,2388.0,87.9456,TEST
WH045,2023-06-01,North,50.6958,42.0,1114.0,92.6875,TEST
WH045,2023-06-01,South,72.4459,20.0,2161.0,86.7698,TEST
WH045,2023-06-01,Central,51.4969,40.0,274.0,90.2682,TEST
WH046,2023-06-01,South,70.2763,24.0,1185.0,98.5002,TEST
WH046,2023-06-01,South,71.7977,7.0,1568.0,98.37,TEST
WH046,2023-06-01,West,90.8099,42.0,1870.0,87.3857,TEST
WH047,2023-06-01,South,65.4467,39.0,2254.0,92.0154,TEST
WH047,2023-06-01,North,88.6706,13.0,2081.0,88.3127,TEST
WH047,2023-06-01,North,60.6778,11.0,1597.0,85.9813,TEST
WH048,2023-06-01,North,80.6269,21.0,2409.0,93.4573,TEST
WH048,2023-06-01,East,75.1616,44.0,120.0,86.6992,TEST
WH048,2023-06-01,North,63.3598,40.0,1384.0,93.8267,TEST
WH049,2023-06-01,West,76.261,40.0,1302.0,96.8023,TEST
WH049,2023-06-01,West,87.181,9.0,111.0,87.7625,TEST
WH049,2023-06-01,East,43.8571,5.0,741.0,85.165,TEST
WH050,2023-06-01,South,87.4559,23.0,1070.0,94.5869,TEST
WH050,2023-06-01,West,44.604,21.0,1390.0,87.7867,TEST
WH050,2023-06-01,North,68.1094,13.0,861.0,96.9274,TEST
WH001,2023-07-01,North,56.9933,30.0,1383.0,95.7353,TEST
WH001,2023-07-01,East,92.8788,19.0,1233.0,85.6405,TEST
WH001,2023-07-01,South,79.5928,18.0,1253.0,91.1685,TEST
WH002,2023-07-01,East,45.8733,27.0,2408.0,85.6642,TEST
WH002,2023-07-01,East,88.8937,29.0,2387.0,92.4072,TEST
WH002,2023-07-01,Central,72.0445,8.0,788.0,98.1604,TEST
WH003,2023-07-01,East,56.0586,32.0,1155.0,97.4368,TEST
WH003,2023-07-01,North,79.877,13.0,447.0,98.1001,TEST
WH003,2023-07-01,North,94.8162,26.0,2449.0,89.4957,TEST
WH004,2023-07-01,North,63.1237,15.0,657.0,98.1867,TEST
WH004,2023-07-01,South,94.9151,28.0,120.0,88.5881,TEST
WH004,2023-07-01,Central,46.0937,18.0,2170.0,96.6647,TEST
WH005,2023-07-01,East,87.819,34.0,715.0,91.6717,TEST
WH005,2023-07-01,South,95.003,31.0,2273.0,85.25,TEST
WH005,2023-07-01,Central,77.1743,21.0,1538.0,94.7898,TEST
WH006,2023-07-01,South,76.2087,41.0,1933.0,95.8698,TEST
WH006,2023-07-01,South,66.6029,19.0,573.0,89.6812,TEST
WH006,2023-07-01,North,96.015,30.0,1345.0,86.1016,TEST
WH007,2023-07-01,South,79.6291,39.0,789.0,85.4173,TEST
WH007,2023-07-01,West,41.0936,16.0,1953.0,89.537,TEST
WH007,2023-07-01,South,96.5187,43.0,1667.0,93.0581,TEST
WH008,2023-07-01,East,77.725,14.0,2046.0,85.1766,TEST
WH008,2023-07-01,North,44.3449,43.0,1059.0,98.1015,TEST
WH008,2023-07-01,Central,92.7751,20.0,1959.0,91.7597,TEST
WH009,2023-07-01,North,87.8842,21.0,1748.0,94.3438,TEST
WH009,2023-07-01,North,90.7099,32.0,1956.0,97.9542,TEST
WH009,2023-07-01,North,57.7804,25.0,,94.5841,TEST
WH010,2023-07-01,West,,13.0,393.0,96.7956,TEST
WH010,2023-07-01,West,77.785,32.0,166.0,88.9787,TEST
WH010,2023-07-01,East,44.2256,16.0,1238.0,97.4971,TEST
WH011,2023-07-01,North,43.8961,32.0,1130.0,91.7419,TEST
WH011,2023-07-01,North,90.533,,1450.0,92.7952,TEST
WH011,2023-07-01,East,94.3898,25.0,1398.0,96.8412,TEST
WH012,2023-07-01,Central,89.9988,44.0,2327.0,86.7807,TEST
WH012,2023-07-01,North,87.8354,26.0,1996.0,89.962,TEST
WH012,2023-07-01,East,95.7489,22.0,1936.0,98.8752,TEST
WH013,2023-07-01,North,60.8138,22.0,1981.0,89.0888,TEST
WH013,2023-07-01,West,51.5791,37.0,1588.0,97.9622,TEST
WH013,2023-07-01,West,95.0189,31.0,509.0,98.4961,TEST
WH014,2023-07-01,East,69.6942,19.0,928.0,86.6458,TEST
WH014,2023-07-01,South,75.8605,,2409.0,97.0398,TEST
WH014,2023-07-01,South,65.2004,21.0,1928.0,,TEST
WH015,2023-07-01,Central,54.6373,41.0,280.0,98.2491,TEST
WH015,2023-07-01,South,95.4202,34.0,2054.0,90.6282,TEST
WH015,2023-07-01,North,85.5552,37.0,1781.0,87.0043,TEST
WH016,2023-07-01,West,88.0751,26.0,1558.0,,TEST
WH016,2023-07-01,North,71.4376,34.0,901.0,87.8613,TEST
WH016,2023-07-01,North,40.4432,13.0,2262.0,91.6686,TEST
WH017,2023-07-01,North,82.4695,24.0,1975.0,87.8297,TEST
WH017,2023-07-01,Central,54.3557,37.0,2206.0,91.3146,TEST
WH017,2023-07-01,Central,53.7154,34.0,1133.0,88.8864,TEST
WH018,2023-07-01,North,41.0088,33.0,2025.0,88.7787,TEST
WH018,2023-07-01,East,91.0616,19.0,2036.0,95.3416,TEST
WH018,2023-07-01,Central,63.5388,17.0,1338.0,86.4944,TEST
WH019,2023-07-01,North,54.076,38.0,1929.0,88.0094,TEST
WH019,2023-07-01,East,84.5524,18.0,2447.0,88.1605,TEST
WH019,2023-07-01,North,61.2427,37.0,2162.0,98.8226,TEST
WH020,2023-07-01,East,72.3098,23.0,1059.0,86.2017,TEST
WH020,2023-07-01,West,76.6461,44.0,1856.0,85.4502,TEST
WH020,2023-07-01,South,68.2737,13.0,1296.0,93.2355,TEST
WH021,2023-07-01,North,68.4082,32.0,1049.0,86.9248,TEST
WH021,2023-07-01,Central,93.1776,35.0,2149.0,87.9825,TEST
WH021,2023-07-01,Central,68.4273,16.0,1044.0,92.9318,TEST
WH022,2023-07-01,West,89.4929,14.0,817.0,90.0253,TEST
WH022,2023-07-01,South,57.0998,20.0,1739.0,90.4672,TEST
WH022,2023-07-01,Central,72.8565,40.0,137.0,90.2112,TEST
WH023,2023-07-01,North,60.9922,11.0,1095.0,85.5704,TEST
WH023,2023-07-01,Central,41.2269,23.0,1338.0,97.3336,TEST
WH023,2023-07-01,East,87.1903,26.0,657.0,97.2228,TEST
WH024,2023-07-01,South,60.2767,18.0,1146.0,91.195,TEST
WH024,2023-07-01,North,87.9101,38.0,1587.0,91.7864,TEST
WH024,2023-07-01,West,44.3147,8.0,1753.0,98.0338,TEST
WH025,2023-07-01,East,96.0408,9.0,1675.0,86.5429,TEST
WH025,2023-07-01,West,46.1342,11.0,1355.0,88.3397,TEST
WH025,2023-07-01,South,57.6263,11.0,888.0,91.2827,TEST
WH026,2023-07-01,Central,72.3231,38.0,2269.0,95.6933,TEST
WH026,2023-07-01,Central,61.0529,25.0,120.0,92.9801,TEST
WH026,2023-07-01,North,57.6687,17.0,1725.0,87.8385,TEST
WH027,2023-07-01,East,91.0361,33.0,681.0,95.3032,TEST
WH027,2023-07-01,West,49.5393,28.0,693.0,94.7747,TEST
WH027,2023-07-01,Central,85.9893,29.0,711.0,88.3225,TEST
WH028,2023-07-01,Central,72.5936,44.0,1181.0,97.4416,TEST
WH028,2023-07-01,North,71.8543,17.0,299.0,87.0793,TEST
WH028,2023-07-01,South,51.2441,5.0,794.0,96.3447,TEST
WH029,2023-07-01,South,62.2879,24.0,205.0,91.0132,TEST
WH029,2023-07-01,North,55.2541,40.0,1952.0,85.8393,TEST
WH029,2023-07-01,Central,40.5787,35.0,436.0,95.2445,TEST
WH030,2023-07-01,North,47.9255,41.0,2389.0,87.1011,TEST
WH030,2023-07-01,South,94.2262,35.0,535.0,85.6994,TEST
WH030,2023-07-01,South,,27.0,,91.1082,TEST
WH031,2023-07-01,East,52.2519,20.0,788.0,86.0575,TEST
WH031,2023-07-01,North,63.394,37.0,330.0,85.4558,TEST
WH031,2023-07-01,East,46.2759,7.0,388.0,94.0976,TEST
WH032,2023-07-01,North,74.9569,20.0,888.0,97.412,TEST
WH032,2023-07-01,North,68.4978,41.0,1733.0,85.8693,TEST
WH032,2023-07-01,East,88.6104,37.0,1458.0,,TEST
WH033,2023-07-01,North,52.7256,28.0,506.0,97.9334,TEST
WH033,2023-07-01,East,45.9437,32.0,1783.0,85.6759,TEST
WH033,2023-07-01,South,48.4683,7.0,2421.0,89.8824,TEST
WH034,2023-07-01,West,43.0077,18.0,107.0,94.6034,TEST
WH034,2023-07-01,West,83.5719,32.0,507.0,92.7288,TEST
WH034,2023-07-01,North,65.5615,22.0,939.0,95.6554,TEST
WH035,2023-07-01,Central,64.9604,40.0,166.0,85.4088,TEST
WH035,2023-07-01,West,82.8036,17.0,1008.0,95.7918,TEST
WH035,2023-07-01,Central,40.1247,12.0,680.0,92.4429,TEST
WH036,2023-07-01,North,43.863,23.0,655.0,95.7949,TEST
WH036,2023-07-01,North,97.0394,5.0,2334.0,97.1797,TEST
WH036,2023-07-01,North,97.1947,32.0,1729.0,85.4267,TEST
WH037,2023-07-01,North,94.0016,43.0,1994.0,86.8732,TEST
WH037,2023-07-01,South,85.5066,12.0,687.0,91.2686,TEST
WH037,2023-07-01,South,55.94,21.0,1571.0,88.4785,TEST
WH038,2023-07-01,West,83.0814,25.0,1745.0,87.3665,TEST
WH038,2023-07-01,South,86.7237,32.0,1661.0,95.7407,TEST
WH038,2023-07-01,East,63.0382,33.0,1393.0,98.4236,TEST
WH039,2023-07-01,Central,70.8287,28.0,2027.0,98.8957,TEST
WH039,2023-07-01,Central,90.0315,34.0,677.0,89.8472,TEST
WH039,2023-07-01,North,73.4587,23.0,913.0,91.4809,TEST
WH040,2023-07-01,East,79.0139,14.0,1147.0,97.802,TEST
WH040,2023-07-01,West,70.9753,27.0,928.0,88.6725,TEST
WH040,2023-07-01,East,74.8694,10.0,2342.0,90.7271,TEST
WH041,2023-07-01,South,59.2271,43.0,1141.0,97.8705,TEST
WH041,2023-07-01,Central,50.2792,23.0,1945.0,96.188,TEST
WH041,2023-07-01,West,78.6267,8.0,1701.0,98.0548,TEST
WH042,2023-07-01,South,69.3329,14.0,2029.0,92.3711,TEST
WH042,2023-07-01,East,74.4087,5.0,1364.0,95.3831,TEST
WH042,2023-07-01,North,47.4161,34.0,1351.0,97.6255,TEST
WH043,2023-07-01,East,75.5615,20.0,1816.0,97.0617,TEST
WH043,2023-07-01,East,40.0647,27.0,2479.0,97.3622,TEST
WH043,2023-07-01,South,61.2253,11.0,2429.0,90.3723,TEST
WH044,2023-07-01,East,61.6712,8.0,590.0,88.1956,TEST
WH044,2023-07-01,East,71.9007,40.0,170.0,86.1333,TEST
WH044,2023-07-01,South,96.1687,36.0,1305.0,97.9177,TEST
WH045,2023-07-01,West,68.4809,16.0,1570.0,96.2051,TEST
WH045,2023-07-01,Central,52.6664,24.0,540.0,89.5079,TEST
WH045,2023-07-01,North,93.6828,8.0,1812.0,93.9657,TEST
WH046,2023-07-01,South,43.9428,12.0,2205.0,86.2462,TEST
WH046,2023-07-01,West,44.0117,39.0,649.0,86.6429,TEST
WH046,2023-07-01,South,67.617,,2177.0,88.5911,TEST
WH047,2023-07-01,West,81.7788,11.0,1198.0,93.8228,TEST
WH047,2023-07-01,East,83.8291,44.0,1164.0,94.9515,TEST
WH047,2023-07-01,West,97.5574,37.0,1218.0,98.5851,TEST
WH048,2023-07-01,North,41.0787,39.0,2374.0,93.8657,TEST
WH048,2023-07-01,South,74.811,20.0,2054.0,95.5249,TEST
WH048,2023-07-01,East,65.3692,43.0,550.0,87.0648,TEST
WH049,2023-07-01,West,47.5168,35.0,,96.1572,TEST
WH049,2023-07-01,Central,96.6807,32.0,2416.0,96.671,TEST
WH049,2023-07-01,Central,79.2134,26.0,579.0,91.988,TEST
WH050,2023-07-01,West,,6.0,922.0,,TEST
WH050,2023-07-01,East,92.7918,28.0,1763.0,93.2378,TEST
WH050,2023-07-01,West,97.1404,13.0,167.0,95.6341,TEST
WH001,2023-08-01,West,58.7683,26.0,283.0,90.588,TEST
WH001,2023-08-01,East,46.77,16.0,692.0,97.0298,TEST
WH001,2023-08-01,Central,58.2299,5.0,586.0,88.405,TEST
WH002,2023-08-01,East,59.7766,21.0,1856.0,87.2503,TEST
WH002,2023-08-01,West,45.3097,13.0,690.0,95.8893,TEST
WH002,2023-08-01,North,55.5103,17.0,715.0,96.0037,TEST
WH003,2023-08-01,West,46.8623,37.0,1636.0,88.8285,TEST
WH003,2023-08-01,Central,59.8957,12.0,2043.0,93.0107,TEST
WH003,2023-08-01,Central,52.0385,31.0,362.0,88.4139,TEST
WH004,2023-08-01,North,47.8013,38.0,172.0,86.7681,TEST
WH004,2023-08-01,South,52.7951,43.0,1435.0,96.9147,TEST
WH004,2023-08-01,South,48.9649,37.0,1072.0,96.7637,TEST
WH005,2023-08-01,North,53.1124,20.0,2202.0,92.2542,TEST
WH005,2023-08-01,North,56.9308,33.0,1299.0,97.4502,TEST
WH005,2023-08-01,South,52.5569,15.0,1875.0,93.637,TEST
WH006,2023-08-01,West,55.3301,27.0,740.0,95.9585,TEST
WH006,2023-08-01,West,53.3945,23.0,778.0,85.5566,TEST
WH006,2023-08-01,East,53.7554,6.0,1869.0,92.4467,TEST
WH007,2023-08-01,South,55.5981,22.0,575.0,88.8181,TEST
WH007,2023-08-01,North,49.8437,37.0,1875.0,88.0649,TEST
WH007,2023-08-01,East,55.2649,31.0,386.0,92.3319,TEST
WH008,2023-08-01,North,58.904,7.0,299.0,89.6935,TEST
WH008,2023-08-01,East,57.7681,29.0,1034.0,98.0262,TEST
WH008,2023-08-01,East,53.2316,5.0,332.0,85.0033,TEST
WH009,2023-08-01,East,47.905,28.0,430.0,96.8727,TEST
WH009,2023-08-01,West,59.8931,35.0,1090.0,94.0202,TEST
WH009,2023-08-01,East,45.7932,17.0,685.0,98.6139,TEST
WH010,2023-08-01,South,53.4378,15.0,1902.0,91.0263,TEST
WH010,2023-08-01,North,48.1671,29.0,2034.0,97.792,TEST
WH010,2023-08-01,East,49.2082,11.0,1604.0,89.3241,TEST
WH011,2023-08-01,Central,58.0684,43.0,1613.0,98.6279,TEST
WH011,2023-08-01,South,54.0912,6.0,2090.0,88.5963,TEST
WH011,2023-08-01,Central,57.4501,44.0,2351.0,95.668,TEST
WH012,2023-08-01,South,48.4678,33.0,408.0,92.2294,TEST
WH012,2023-08-01,South,51.6511,6.0,218.0,91.7928,TEST
WH012,2023-08-01,East,48.59,32.0,2326.0,95.0331,TEST
WH013,2023-08-01,South,50.2686,,353.0,86.7479,TEST
WH013,2023-08-01,East,58.6429,42.0,1783.0,98.3262,TEST
WH013,2023-08-01,South,49.861,44.0,1979.0,88.1296,TEST
WH014,2023-08-01,Central,58.8209,39.0,,90.4639,TEST
WH014,2023-08-01,Central,51.3987,14.0,2198.0,,TEST
WH014,2023-08-01,East,47.3632,22.0,1710.0,87.7118,TEST
WH015,2023-08-01,North,47.6565,29.0,436.0,90.774,TEST
WH015,2023-08-01,West,47.8793,24.0,978.0,98.1432,TEST
WH015,2023-08-01,North,47.4181,11.0,2203.0,,TEST
WH016,2023-08-01,East,51.2648,32.0,1278.0,86.9408,TEST
WH016,2023-08-01,West,,39.0,1828.0,88.3366,TEST
WH016,2023-08-01,East,58.8436,14.0,1134.0,85.223,TEST
WH017,2023-08-01,East,48.227,25.0,590.0,95.272,TEST
WH017,2023-08-01,Central,56.8742,34.0,198.0,87.4969,TEST
WH017,2023-08-01,North,55.3924,44.0,1107.0,97.1053,TEST
WH018,2023-08-01,West,53.4254,5.0,723.0,88.2262,TEST
WH018,2023-08-01,East,57.4416,12.0,1632.0,96.5125,TEST
WH018,2023-08-01,North,47.2103,44.0,1220.0,97.6459,TEST
WH019,2023-08-01,Central,51.6647,25.0,1622.0,94.1443,TEST
WH019,2023-08-01,North,56.7854,5.0,1058.0,88.1671,TEST
WH019,2023-08-01,South,57.3141,36.0,1350.0,96.8332,TEST
WH020,2023-08-01,West,59.5519,37.0,1249.0,,TEST
WH020,2023-08-01,Central,52.7756,10.0,114.0,93.5049,TEST
WH020,2023-08-01,Central,45.2121,36.0,2139.0,86.4782,TEST
WH021,2023-08-01,East,56.8436,37.0,733.0,,TEST
WH021,2023-08-01,Central,47.6311,,1351.0,98.7119,TEST
WH021,2023-08-01,North,58.6952,43.0,2440.0,92.1159,TEST
WH022,2023-08-01,North,46.8504,41.0,1572.0,96.1897,TEST
WH022,2023-08-01,North,52.5408,37.0,2000.0,86.3106,TEST
WH022,2023-08-01,West,46.3958,,2115.0,96.714,TEST
WH023,2023-08-01,South,59.3307,10.0,291.0,89.0582,TEST
WH023,2023-08-01,North,59.501,36.0,1597.0,90.6889,TEST
WH023,2023-08-01,West,51.1352,20.0,1115.0,93.6145,TEST
WH024,2023-08-01,Central,57.7314,,1808.0,88.9996,TEST
WH024,2023-08-01,Central,53.9886,9.0,2372.0,93.2676,TEST
WH024,2023-08-01,North,58.3305,10.0,543.0,85.7911,TEST
WH025,2023-08-01,West,55.9951,17.0,594.0,85.5238,TEST
WH025,2023-08-01,West,55.8788,8.0,2196.0,88.9778,TEST
WH025,2023-08-01,Central,47.5937,38.0,1541.0,87.3504,TEST
WH026,2023-08-01,West,56.7313,36.0,376.0,93.9224,TEST
WH026,2023-08-01,South,53.0236,27.0,1688.0,88.4165,TEST
WH026,2023-08-01,West,55.6652,6.0,637.0,85.9766,TEST
WH027,2023-08-01,East,52.8444,7.0,1324.0,87.052,TEST
WH027,2023-08-01,West,49.4104,23.0,457.0,95.1327,TEST
WH027,2023-08-01,West,59.4482,30.0,2485.0,95.5998,TEST
WH028,2023-08-01,East,56.9137,17.0,1001.0,89.0272,TEST
WH028,2023-08-01,Central,55.3363,7.0,2106.0,95.3191,TEST
WH028,2023-08-01,West,52.6009,40.0,1099.0,93.3355,TEST
WH029,2023-08-01,Central,46.8423,19.0,2360.0,90.7313,TEST
WH029,2023-08-01,East,56.8075,24.0,1711.0,86.8274,TEST
WH029,2023-08-01,North,51.5829,10.0,590.0,96.8865,TEST
WH030,2023-08-01,East,45.2359,9.0,703.0,85.293,TEST
WH030,2023-08-01,East,59.2313,20.0,779.0,98.7539,TEST
WH030,2023-08-01,North,55.0545,30.0,220.0,94.642,TEST
WH031,2023-08-01,Central,55.7421,26.0,2252.0,85.3716,TEST
WH031,2023-08-01,Central,50.8231,21.0,268.0,85.79,TEST
WH031,2023-08-01,East,52.0003,14.0,2356.0,93.255,TEST
WH032,2023-08-01,East,48.8104,13.0,1687.0,85.6335,TEST
WH032,2023-08-01,South,54.575,7.0,2447.0,94.7654,TEST
WH032,2023-08-01,East,55.1639,22.0,1190.0,85.6924,TEST
WH033,2023-08-01,West,55.5638,10.0,2233.0,85.9854,TEST
WH033,2023-08-01,North,45.7204,20.0,2218.0,97.1549,TEST
WH033,2023-08-01,Central,58.5899,38.0,518.0,85.3287,TEST
WH034,2023-08-01,North,59.3443,34.0,2481.0,92.641,TEST
WH034,2023-08-01,West,57.8207,18.0,1094.0,95.724,TEST
WH034,2023-08-01,East,51.5658,14.0,1207.0,93.9672,TEST
WH035,2023-08-01,South,49.3156,16.0,665.0,87.231,TEST
WH035,2023-08-01,Central,59.8777,26.0,1759.0,85.1204,TEST
WH035,2023-08-01,South,45.5198,,1716.0,96.0024,TEST
WH036,2023-08-01,Central,47.9467,13.0,1003.0,86.7352,TEST
WH036,2023-08-01,South,59.1213,43.0,1184.0,89.4107,TEST
WH036,2023-08-01,Central,48.3988,16.0,423.0,91.895,TEST
WH037,2023-08-01,East,57.3142,33.0,912.0,95.1899,TEST
WH037,2023-08-01,East,54.4955,41.0,901.0,95.2446,TEST
WH037,2023-08-01,South,59.0288,32.0,158.0,87.1337,TEST
WH038,2023-08-01,East,46.0953,20.0,1590.0,98.956,TEST
WH038,2023-08-01,North,48.5426,14.0,2048.0,97.0123,TEST
WH038,2023-08-01,West,49.8912,14.0,1838.0,97.2309,TEST
WH039,2023-08-01,Central,48.15,36.0,1060.0,92.9972,TEST
WH039,2023-08-01,Central,53.8462,11.0,223.0,88.0188,TEST
WH039,2023-08-01,East,47.6923,9.0,1983.0,92.5307,TEST
WH040,2023-08-01,North,45.7803,38.0,702.0,93.8151,TEST
WH040,2023-08-01,North,58.9645,14.0,2113.0,94.1162,TEST
WH040,2023-08-01,East,49.3299,19.0,1385.0,96.7974,TEST
WH041,2023-08-01,South,54.1417,28.0,2491.0,87.1198,TEST
WH041,2023-08-01,East,57.9789,25.0,1358.0,94.2754,TEST
WH041,2023-08-01,East,58.324,19.0,883.0,87.967,TEST
WH042,2023-08-01,West,53.4839,28.0,1599.0,85.3208,TEST
WH042,2023-08-01,North,50.5403,32.0,642.0,95.5511,TEST
WH042,2023-08-01,West,49.0798,14.0,897.0,86.8103,TEST
WH043,2023-08-01,Central,51.3421,26.0,808.0,98.8936,TEST
WH043,2023-08-01,East,52.0368,21.0,1269.0,87.7942,TEST
WH043,2023-08-01,West,45.0666,37.0,2341.0,88.9548,TEST
WH044,2023-08-01,East,45.1474,43.0,540.0,87.334,TEST
WH044,2023-08-01,West,,18.0,1481.0,88.9472,TEST
WH044,2023-08-01,West,49.3021,25.0,511.0,88.1539,TEST
WH045,2023-08-01,East,53.3202,30.0,1243.0,97.5654,TEST
WH045,2023-08-01,North,54.1262,41.0,1673.0,87.016,TEST
WH045,2023-08-01,South,47.2929,9.0,,94.0607,TEST
WH046,2023-08-01,South,49.342,41.0,172.0,91.0077,TEST
WH046,2023-08-01,East,55.6734,18.0,1420.0,87.337,TEST
WH046,2023-08-01,Central,58.1596,12.0,670.0,98.9897,TEST
WH047,2023-08-01,West,45.5663,22.0,2153.0,90.5179,TEST
WH047,2023-08-01,South,53.7316,15.0,1335.0,85.1876,TEST
WH047,2023-08-01,South,53.4004,5.0,2469.0,90.638,TEST
WH048,2023-08-01,Central,49.5499,16.0,1674.0,92.2079,TEST
WH048,2023-08-01,Central,59.4219,30.0,160.0,95.9061,TEST
WH048,2023-08-01,South,56.8435,26.0,673.0,,TEST
WH049,2023-08-01,West,54.8983,14.0,1587.0,93.2776,TEST
WH049,2023-08-01,North,57.1851,24.0,1749.0,90.8653,TEST
WH049,2023-08-01,Central,,25.0,460.0,86.417,TEST
WH050,2023-08-01,North,,36.0,1280.0,88.4308,TEST
WH050,2023-08-01,West,47.5529,11.0,816.0,97.7884,TEST
WH050,2023-08-01,West,50.8927,27.0,984.0,97.7311,TEST
WH001,2023-09-01,South,47.8879,14.0,2294.0,98.4513,TEST
WH001,2023-09-01,East,47.2671,33.0,1426.0,85.6075,TEST
WH001,2023-09-01,East,48.9421,25.0,1407.0,95.8403,TEST
WH002,2023-09-01,South,49.5438,,1397.0,93.7794,TEST
WH002,2023-09-01,East,47.7694,10.0,1356.0,85.7166,TEST
WH002,2023-09-01,East,,42.0,1231.0,98.7762,TEST
WH003,2023-09-01,South,59.1981,16.0,283.0,98.1381,TEST
WH003,2023-09-01,West,46.3269,20.0,1600.0,94.6191,TEST
WH003,2023-09-01,South,53.4295,40.0,850.0,88.4935,TEST
WH004,2023-09-01,West,46.708,41.0,1121.0,98.1812,TEST
WH004,2023-09-01,Central,59.7989,39.0,1445.0,92.656,TEST
WH004,2023-09-01,Central,46.1034,36.0,329.0,,TEST
WH005,2023-09-01,North,52.5954,36.0,1677.0,94.5352,TEST
WH005,2023-09-01,East,52.8159,36.0,483.0,90.585,TEST
WH005,2023-09-01,North,56.5527,39.0,697.0,94.7525,TEST
WH006,2023-09-01,South,54.4721,26.0,2499.0,89.9769,TEST
WH006,2023-09-01,West,53.7356,8.0,2297.0,92.3301,TEST
WH006,2023-09-01,North,48.2537,39.0,1065.0,85.8856,TEST
WH007,2023-09-01,West,54.6195,43.0,510.0,98.2672,TEST
WH007,2023-09-01,East,49.7761,5.0,627.0,89.454,TEST
WH007,2023-09-01,West,59.1976,30.0,2228.0,89.6342,TEST
WH008,2023-09-01,East,46.975,13.0,2142.0,94.278,TEST
WH008,2023-09-01,West,50.158,32.0,1233.0,94.9234,TEST
WH008,2023-09-01,East,52.0864,7.0,2426.0,93.29,TEST
WH009,2023-09-01,West,46.5223,34.0,583.0,85.2859,TEST
WH009,2023-09-01,West,53.6601,9.0,302.0,91.0006,TEST
WH009,2023-09-01,East,56.4977,17.0,585.0,91.2086,TEST
WH010,2023-09-01,South,58.588,32.0,1221.0,87.2939,TEST
WH010,2023-09-01,East,59.0736,31.0,1191.0,93.6775,TEST
WH010,2023-09-01,East,46.3776,40.0,1737.0,97.6619,TEST
WH011,2023-09-01,Central,,27.0,2340.0,87.2841,TEST
WH011,2023-09-01,East,,30.0,1555.0,,TEST
WH011,2023-09-01,Central,52.6085,32.0,,97.3341,TEST
WH012,2023-09-01,East,56.5982,24.0,1425.0,96.5763,TEST
WH012,2023-09-01,Central,59.6494,20.0,1648.0,97.6579,TEST
WH012,2023-09-01,North,52.271,32.0,423.0,90.2919,TEST
WH013,2023-09-01,East,50.7469,19.0,104.0,89.0602,TEST
WH013,2023-09-01,North,54.3835,39.0,1639.0,97.9851,TEST
WH013,2023-09-01,East,56.336,14.0,438.0,92.2912,TEST
WH014,2023-09-01,South,49.7336,27.0,220.0,92.3317,TEST
WH014,2023-09-01,South,59.4429,23.0,,96.1735,TEST
WH014,2023-09-01,West,,44.0,954.0,89.8523,TEST
WH015,2023-09-01,South,58.8915,41.0,680.0,93.803,TEST
WH015,2023-09-01,West,57.2847,19.0,1158.0,94.5085,TEST
WH015,2023-09-01,West,54.1034,42.0,1849.0,96.0943,TEST
WH016,2023-09-01,South,57.3496,29.0,1558.0,96.6988,TEST
WH016,2023-09-01,West,56.8498,38.0,925.0,90.4434,TEST
WH016,2023-09-01,South,50.85,25.0,,98.3591,TEST
WH017,2023-09-01,West,45.6838,39.0,816.0,98.4716,TEST
WH017,2023-09-01,Central,53.7887,22.0,2451.0,87.963,TEST
WH017,2023-09-01,South,59.943,36.0,1507.0,96.7913,TEST
WH018,2023-09-01,North,50.669,21.0,733.0,91.5153,TEST
WH018,2023-09-01,East,47.6673,22.0,381.0,92.3677,TEST
WH018,2023-09-01,East,52.5744,38.0,1501.0,88.0905,TEST
WH019,2023-09-01,East,,25.0,347.0,96.6397,TEST
WH019,2023-09-01,East,49.0187,29.0,1383.0,95.8556,TEST
WH019,2023-09-01,Central,55.9422,43.0,1737.0,93.8747,TEST
WH020,2023-09-01,East,51.3862,32.0,2162.0,86.4468,TEST
WH020,2023-09-01,West,55.3098,30.0,1020.0,85.3111,TEST
WH020,2023-09-01,East,56.1441,20.0,2393.0,90.5846,TEST
WH021,2023-09-01,East,45.4693,43.0,2027.0,93.7101,TEST
WH021,2023-09-01,South,59.235,9.0,2450.0,,TEST
WH021,2023-09-01,East,58.1179,35.0,671.0,85.4186,TEST
WH022,2023-09-01,South,46.9376,5.0,473.0,88.8929,TEST
WH022,2023-09-01,East,54.1847,42.0,856.0,86.3269,TEST
WH022,2023-09-01,North,,39.0,1224.0,89.9794,TEST
WH023,2023-09-01,West,58.2122,16.0,,95.6631,TEST
WH023,2023-09-01,West,48.3181,10.0,510.0,88.5109,TEST
WH023,2023-09-01,East,52.9828,24.0,416.0,87.148,TEST
WH024,2023-09-01,South,47.7255,29.0,152.0,,TEST
WH024,2023-09-01,Central,45.0735,14.0,348.0,96.7424,TEST
WH024,2023-09-01,North,57.8905,22.0,1282.0,86.6902,TEST
WH025,2023-09-01,North,49.9893,6.0,848.0,89.4534,TEST
WH025,2023-09-01,Central,59.6439,21.0,1722.0,93.6267,TEST
WH025,2023-09-01,South,58.5191,24.0,1764.0,93.4895,TEST
WH026,2023-09-01,North,54.1976,30.0,401.0,89.8969,TEST
WH026,2023-09-01,East,48.4099,28.0,1430.0,86.1913,TEST
WH026,2023-09-01,North,49.8003,33.0,1435.0,97.6094,TEST
WH027,2023-09-01,South,46.3594,23.0,1073.0,90.7061,TEST
WH027,2023-09-01,West,53.2298,38.0,341.0,89.6618,TEST
WH027,2023-09-01,Central,46.6058,29.0,1989.0,85.6002,TEST
WH028,2023-09-01,South,57.9323,10.0,1743.0,94.4453,TEST
WH028,2023-09-01,West,49.5992,25.0,1413.0,95.2801,TEST
WH028,2023-09-01,South,54.437,13.0,1456.0,91.5163,TEST
WH029,2023-09-01,North,54.1128,33.0,341.0,93.9338,TEST
WH029,2023-09-01,East,57.9234,35.0,1076.0,85.9463,TEST
WH029,2023-09-01,South,58.5444,22.0,1197.0,93.4957,TEST
WH030,2023-09-01,North,57.3084,7.0,,98.8438,TEST
WH030,2023-09-01,West,56.5968,36.0,743.0,89.8288,TEST
WH030,2023-09-01,West,45.9811,36.0,572.0,88.5507,TEST
WH031,2023-09-01,West,47.5442,17.0,1244.0,85.317,TEST
WH031,2023-09-01,East,47.4587,14.0,1413.0,94.5098,TEST
WH031,2023-09-01,South,48.4937,15.0,2077.0,95.7416,TEST
WH032,2023-09-01,South,49.6146,27.0,1690.0,94.1564,TEST
WH032,2023-09-01,South,46.5712,40.0,1331.0,85.9834,TEST
WH032,2023-09-01,West,57.2649,18.0,2329.0,87.183,TEST
WH033,2023-09-01,West,50.6416,43.0,1087.0,89.7281,TEST
WH033,2023-09-01,South,56.1631,35.0,1869.0,98.3851,TEST
WH033,2023-09-01,West,52.6397,25.0,2051.0,92.1782,TEST
WH034,2023-09-01,East,59.9303,,,97.7262,TEST
WH034,2023-09-01,Central,50.0261,32.0,1633.0,98.5569,TEST
WH034,2023-09-01,Central,48.0511,35.0,1553.0,91.0025,TEST
WH035,2023-09-01,Central,51.7165,37.0,1956.0,92.1389,TEST
WH035,2023-09-01,East,55.9446,13.0,2499.0,87.4811,TEST
WH035,2023-09-01,Central,51.29,40.0,1266.0,95.6765,TEST
WH036,2023-09-01,Central,46.93,33.0,2384.0,92.599,TEST
WH036,2023-09-01,East,58.1998,8.0,650.0,95.2402,TEST
WH036,2023-09-01,North,56.5616,6.0,2170.0,,TEST
WH037,2023-09-01,South,47.9698,20.0,1365.0,97.0746,TEST
WH037,2023-09-01,Central,46.8979,19.0,852.0,97.302,TEST
WH037,2023-09-01,East,48.784,8.0,1317.0,92.9765,TEST
WH038,2023-09-01,East,47.7445,32.0,1288.0,96.8093,TEST
WH038,2023-09-01,East,54.9381,28.0,1971.0,86.7168,TEST
WH038,2023-09-01,Central,59.9462,44.0,1847.0,98.8586,TEST
WH039,2023-09-01,South,56.9908,41.0,2427.0,92.3793,TEST
WH039,2023-09-01,South,46.1152,16.0,2322.0,88.5401,TEST
WH039,2023-09-01,North,53.7162,22.0,651.0,86.2393,TEST
WH040,2023-09-01,East,52.4531,19.0,1450.0,91.7487,TEST
WH040,2023-09-01,North,53.9803,34.0,1683.0,89.2977,TEST
WH040,2023-09-01,North,45.0906,,462.0,88.0776,TEST
WH041,2023-09-01,North,49.2948,29.0,856.0,87.7907,TEST
WH041,2023-09-01,North,53.627,44.0,2292.0,90.7917,TEST
WH041,2023-09-01,South,59.6108,15.0,489.0,98.0226,TEST
WH042,2023-09-01,East,46.8868,41.0,2211.0,90.5975,TEST
WH042,2023-09-01,South,53.0429,26.0,410.0,89.8719,TEST
WH042,2023-09-01,North,46.8539,20.0,745.0,90.578,TEST
WH043,2023-09-01,North,49.1138,26.0,2026.0,85.8037,TEST
WH043,2023-09-01,East,58.1438,42.0,419.0,97.2168,TEST
WH043,2023-09-01,West,50.2535,22.0,552.0,89.5839,TEST
WH044,2023-09-01,West,48.3253,19.0,519.0,96.8627,TEST
WH044,2023-09-01,Central,54.5346,23.0,2369.0,93.9146,TEST
WH044,2023-09-01,Central,45.1978,14.0,535.0,98.2586,TEST
WH045,2023-09-01,East,46.233,6.0,1374.0,86.2827,TEST
WH045,2023-09-01,East,56.7471,16.0,472.0,98.6176,TEST
WH045,2023-09-01,East,51.3226,32.0,2216.0,98.9043,TEST
WH046,2023-09-01,South,50.5404,44.0,1275.0,97.9533,TEST
WH046,2023-09-01,West,50.945,14.0,2147.0,85.9163,TEST
WH046,2023-09-01,South,56.4382,10.0,885.0,90.2886,TEST
WH047,2023-09-01,West,54.9742,34.0,1884.0,97.2022,TEST
WH047,2023-09-01,North,49.2878,31.0,1046.0,87.9079,TEST
WH047,2023-09-01,Central,47.2643,33.0,897.0,91.2019,TEST
WH048,2023-09-01,South,51.9063,27.0,2324.0,90.5721,TEST
WH048,2023-09-01,South,49.3284,27.0,1866.0,92.3113,TEST
WH048,2023-09-01,Central,52.6265,20.0,2412.0,87.8682,TEST
WH049,2023-09-01,East,50.2831,17.0,1385.0,91.4391,TEST
WH049,2023-09-01,East,46.5504,9.0,1091.0,87.4435,TEST
WH049,2023-09-01,South,58.912,21.0,2123.0,87.7917,TEST
WH050,2023-09-01,Central,48.2999,11.0,1206.0,95.4455,TEST
WH050,2023-09-01,West,50.0748,43.0,338.0,93.2832,TEST
WH050,2023-09-01,North,48.8274,44.0,2073.0,94.9082,TEST
WH001,2023-10-01,West,75.6525,17.0,1964.0,95.1827,TEST
WH001,2023-10-01,Central,64.9716,29.0,2206.0,95.9253,TEST
WH001,2023-10-01,North,54.1771,24.0,1205.0,86.7787,TEST
WH002,2023-10-01,North,40.5365,18.0,1613.0,90.9964,TEST
WH002,2023-10-01,Central,68.5094,28.0,2211.0,87.6434,TEST
WH002,2023-10-01,South,86.0686,19.0,1908.0,94.9106,TEST
WH003,2023-10-01,South,45.821,36.0,,91.2481,TEST
WH003,2023-10-01,South,,41.0,1091.0,91.2918,TEST
WH003,2023-10-01,North,95.0577,41.0,1114.0,96.0542,TEST
WH004,2023-10-01,Central,94.1208,9.0,256.0,98.687,TEST
WH004,2023-10-01,South,41.8543,16.0,1363.0,98.4848,TEST
WH004,2023-10-01,South,83.7016,40.0,1555.0,86.5916,TEST
WH005,2023-10-01,Central,97.0329,17.0,2323.0,90.2614,TEST
WH005,2023-10-01,East,82.1002,13.0,1720.0,88.1535,TEST
WH005,2023-10-01,Central,96.0509,22.0,1650.0,86.4666,TEST
WH006,2023-10-01,East,65.8989,31.0,1450.0,86.1817,TEST
WH006,2023-10-01,East,73.8256,41.0,964.0,94.787,TEST
WH006,2023-10-01,North,84.0393,39.0,2167.0,98.1256,TEST
WH007,2023-10-01,Central,53.3371,12.0,2292.0,98.1853,TEST
WH007,2023-10-01,East,67.1659,13.0,2015.0,98.1006,TEST
WH007,2023-10-01,South,88.2572,14.0,1705.0,89.8495,TEST
WH008,2023-10-01,East,90.1338,32.0,2340.0,89.0296,TEST
WH008,2023-10-01,West,77.0821,35.0,285.0,86.6142,TEST
WH008,2023-10-01,West,68.0672,32.0,1439.0,85.2965,TEST
WH009,2023-10-01,North,,16.0,435.0,86.0474,TEST
WH009,2023-10-01,West,45.9726,23.0,1860.0,94.4127,TEST
WH009,2023-10-01,North,44.2955,34.0,937.0,90.9311,TEST
WH010,2023-10-01,North,43.5999,26.0,165.0,91.0607,TEST
WH010,2023-10-01,North,97.2724,19.0,2488.0,,TEST
WH010,2023-10-01,West,54.8134,36.0,2420.0,92.4037,TEST
WH011,2023-10-01,West,69.412,25.0,1681.0,91.5225,TEST
WH011,2023-10-01,West,85.4603,29.0,1554.0,90.0171,TEST
WH011,2023-10-01,South,80.7914,5.0,998.0,95.2764,TEST
WH012,2023-10-01,Central,46.9544,43.0,257.0,95.6442,TEST
WH012,2023-10-01,East,76.5401,10.0,912.0,90.2268,TEST
WH012,2023-10-01,South,53.4811,32.0,815.0,86.5313,TEST
WH013,2023-10-01,East,43.6009,18.0,145.0,95.9087,TEST
WH013,2023-10-01,Central,53.3866,17.0,1227.0,85.3139,TEST
WH013,2023-10-01,East,89.6949,16.0,1212.0,85.6548,TEST
WH014,2023-10-01,Central,41.0102,32.0,170.0,86.2252,TEST
WH014,2023-10-01,East,61.7282,19.0,368.0,88.7449,TEST
WH014,2023-10-01,East,80.7054,13.0,212.0,98.8169,TEST
WH015,2023-10-01,East,79.7687,10.0,227.0,85.5561,TEST
WH015,2023-10-01,West,91.9015,21.0,352.0,89.5972,TEST
WH015,2023-10-01,Central,75.7415,38.0,1986.0,86.7176,TEST
WH016,2023-10-01,North,93.44,,516.0,89.6391,TEST
WH016,2023-10-01,West,91.7031,16.0,460.0,85.1566,TEST
WH016,2023-10-01,North,94.3176,32.0,2015.0,89.0532,TEST
WH017,2023-10-01,North,,38.0,326.0,86.1486,TEST
WH017,2023-10-01,West,69.5061,15.0,1760.0,93.998,TEST
WH017,2023-10-01,East,54.3283,18.0,767.0,86.1015,TEST
WH018,2023-10-01,Central,61.4418,21.0,1450.0,87.7899,TEST
WH018,2023-10-01,South,81.2984,26.0,1343.0,92.8428,TEST
WH018,2023-10-01,North,91.2257,7.0,2130.0,86.6048,TEST
WH019,2023-10-01,East,87.1104,16.0,538.0,93.2043,TEST
WH019,2023-10-01,North,95.5105,10.0,1453.0,92.832,TEST
WH019,2023-10-01,East,63.2787,33.0,2257.0,91.8241,TEST
WH020,2023-10-01,Central,45.3766,34.0,1676.0,86.7137,TEST
WH020,2023-10-01,Central,68.1861,9.0,2027.0,95.9545,TEST
WH020,2023-10-01,North,75.5529,16.0,489.0,98.3797,TEST
WH021,2023-10-01,East,41.2735,40.0,441.0,88.5665,TEST
WH021,2023-10-01,North,52.2705,23.0,1795.0,87.3329,TEST
WH021,2023-10-01,East,95.17,8.0,1571.0,88.3306,TEST
WH022,2023-10-01,East,46.6493,37.0,1499.0,86.6097,TEST
WH022,2023-10-01,Central,95.3608,27.0,1039.0,89.3712,TEST
WH022,2023-10-01,East,82.2508,6.0,1563.0,91.9744,TEST
WH023,2023-10-01,South,52.3344,35.0,2483.0,90.2879,TEST
WH023,2023-10-01,North,40.3228,18.0,908.0,93.9388,TEST
WH023,2023-10-01,Central,91.8396,17.0,625.0,92.9203,TEST
WH024,2023-10-01,East,82.2045,13.0,1625.0,90.4298,TEST
WH024,2023-10-01,South,57.7554,18.0,712.0,85.8389,TEST
WH024,2023-10-01,East,94.1831,12.0,454.0,92.7929,TEST
WH025,2023-10-01,East,71.6828,23.0,1237.0,92.4979,TEST
WH025,2023-10-01,South,55.8257,9.0,,92.3084,TEST
WH025,2023-10-01,South,84.6894,21.0,1101.0,97.4202,TEST
WH026,2023-10-01,South,75.9776,15.0,1844.0,86.2179,TEST
WH026,2023-10-01,East,64.2788,26.0,2361.0,97.4353,TEST
WH026,2023-10-01,South,48.8582,19.0,191.0,93.6868,TEST
WH027,2023-10-01,Central,97.8762,15.0,839.0,87.3037,TEST
WH027,2023-10-01,Central,79.129,,1497.0,,TEST
WH027,2023-10-01,West,55.1409,43.0,170.0,95.3104,TEST
WH028,2023-10-01,East,45.3704,44.0,1205.0,88.8625,TEST
WH028,2023-10-01,Central,70.4047,6.0,674.0,95.0178,TEST
WH028,2023-10-01,Central,43.4654,15.0,2077.0,92.1212,TEST
WH029,2023-10-01,West,54.3112,,1040.0,89.4133,TEST
WH029,2023-10-01,West,75.8886,41.0,241.0,97.0641,TEST
WH029,2023-10-01,North,62.6975,17.0,2135.0,87.0748,TEST
WH030,2023-10-01,East,51.8823,37.0,2315.0,91.3361,TEST
WH030,2023-10-01,South,92.2548,21.0,1268.0,,TEST
WH030,2023-10-01,Central,95.3551,40.0,,90.8646,TEST
WH031,2023-10-01,East,87.6734,42.0,,91.6721,TEST
WH031,2023-10-01,Central,50.948,5.0,641.0,93.3377,TEST
WH031,2023-10-01,West,59.398,21.0,503.0,88.4059,TEST
WH032,2023-10-01,East,46.5549,30.0,1576.0,94.9583,TEST
WH032,2023-10-01,South,81.2665,12.0,730.0,91.5614,TEST
WH032,2023-10-01,South,72.5352,7.0,1701.0,88.578,TEST
WH033,2023-10-01,West,82.3872,38.0,,89.9016,TEST
WH033,2023-10-01,East,97.5349,18.0,2115.0,93.0822,TEST
WH033,2023-10-01,North,60.7457,44.0,1793.0,90.3943,TEST
WH034,2023-10-01,South,89.9491,35.0,1752.0,98.1471,TEST
WH034,2023-10-01,Central,43.0344,27.0,1375.0,96.238,TEST
WH034,2023-10-01,Central,54.1679,28.0,1748.0,87.2289,TEST
WH035,2023-10-01,North,45.3142,24.0,1924.0,92.6429,TEST
WH035,2023-10-01,South,40.6004,7.0,1993.0,89.5742,TEST
WH035,2023-10-01,East,64.571,39.0,243.0,87.8986,TEST
WH036,2023-10-01,North,90.9922,7.0,1594.0,92.9777,TEST
WH036,2023-10-01,North,,15.0,1522.0,88.2121,TEST
WH036,2023-10-01,West,51.1906,44.0,1736.0,86.7046,TEST
WH037,2023-10-01,Central,72.4406,10.0,1508.0,93.4961,TEST
WH037,2023-10-01,West,72.0797,27.0,1873.0,97.9205,TEST
WH037,2023-10-01,West,80.2942,12.0,2052.0,85.7211,TEST
WH038,2023-10-01,Central,56.6031,18.0,2382.0,92.559,TEST
WH038,2023-10-01,Central,78.284,10.0,1600.0,94.674,TEST
WH038,2023-10-01,South,48.3527,42.0,1038.0,90.7336,TEST
WH039,2023-10-01,East,95.0034,20.0,1438.0,96.0597,TEST
WH039,2023-10-01,North,94.0791,24.0,1656.0,97.7279,TEST
WH039,2023-10-01,Central,92.8217,26.0,1670.0,87.7849,TEST
WH040,2023-10-01,East,70.3238,25.0,1606.0,93.982,TEST
WH040,2023-10-01,Central,54.1693,12.0,1895.0,88.2627,TEST
WH040,2023-10-01,North,84.7453,42.0,1395.0,92.3983,TEST
WH041,2023-10-01,West,97.4699,,190.0,86.2416,TEST
WH041,2023-10-01,West,58.9246,31.0,674.0,85.1955,TEST
WH041,2023-10-01,West,64.2679,23.0,597.0,92.4735,TEST
WH042,2023-10-01,East,72.7166,6.0,464.0,87.8753,TEST
WH042,2023-10-01,West,89.6525,18.0,875.0,92.7663,TEST
WH042,2023-10-01,Central,94.9041,41.0,1206.0,90.3903,TEST
WH043,2023-10-01,East,51.1925,13.0,444.0,95.4008,TEST
WH043,2023-10-01,West,93.0746,43.0,1210.0,88.2145,TEST
WH043,2023-10-01,North,91.458,23.0,877.0,98.5637,TEST
WH044,2023-10-01,South,51.7734,30.0,565.0,94.1974,TEST
WH044,2023-10-01,South,77.383,10.0,2426.0,88.0145,TEST
WH044,2023-10-01,North,82.2351,36.0,2233.0,90.1746,TEST
WH045,2023-10-01,North,71.1995,27.0,740.0,96.3617,TEST
WH045,2023-10-01,North,83.1047,23.0,2266.0,91.7138,TEST
WH045,2023-10-01,North,90.3976,41.0,2000.0,89.338,TEST
WH046,2023-10-01,Central,90.1109,16.0,1019.0,97.2766,TEST
WH046,2023-10-01,West,72.6186,42.0,2361.0,88.1934,TEST
WH046,2023-10-01,South,91.2066,11.0,1172.0,85.869,TEST
WH047,2023-10-01,North,45.7257,15.0,667.0,92.7616,TEST
WH047,2023-10-01,Central,46.4459,10.0,,86.8292,TEST
WH047,2023-10-01,North,81.6978,14.0,2408.0,91.1534,TEST
WH048,2023-10-01,South,42.2676,6.0,1392.0,89.8391,TEST
WH048,2023-10-01,North,91.1825,38.0,2315.0,85.2749,TEST
WH048,2023-10-01,East,85.6108,42.0,967.0,87.4205,TEST
WH049,2023-10-01,North,41.8924,15.0,1599.0,98.5763,TEST
WH049,2023-10-01,East,68.976,25.0,445.0,91.6161,TEST
WH049,2023-10-01,East,44.1311,38.0,2143.0,93.3793,TEST
WH050,2023-10-01,West,44.9782,27.0,298.0,95.5698,TEST
WH050,2023-10-01,East,63.5697,32.0,898.0,96.0969,TEST
WH050,2023-10-01,East,71.5032,9.0,1053.0,85.532,TEST
WH001,2023-11-01,East,68.7478,44.0,2235.0,86.1995,TEST
WH001,2023-11-01,South,82.4975,39.0,190.0,96.5169,TEST
WH001,2023-11-01,West,81.6542,29.0,511.0,90.083,TEST
WH002,2023-11-01,North,76.7433,37.0,2361.0,92.7679,TEST
WH002,2023-11-01,West,52.1725,,445.0,88.613,TEST
WH002,2023-11-01,West,54.1098,41.0,,89.2965,TEST
WH003,2023-11-01,South,88.0135,,,93.6034,TEST
WH003,2023-11-01,South,77.7383,33.0,909.0,97.453,TEST
WH003,2023-11-01,Central,86.0566,14.0,1974.0,98.491,TEST
WH004,2023-11-01,West,70.0273,26.0,1806.0,90.6645,TEST
WH004,2023-11-01,East,86.5539,14.0,,95.8421,TEST
WH004,2023-11-01,East,57.614,33.0,334.0,95.8516,TEST
WH005,2023-11-01,East,90.3313,12.0,719.0,90.4626,TEST
WH005,2023-11-01,Central,61.1351,36.0,1576.0,96.3324,TEST
WH005,2023-11-01,South,74.6923,9.0,243.0,92.0224,TEST
WH006,2023-11-01,North,55.286,41.0,1567.0,85.3492,TEST
WH006,2023-11-01,Central,45.1786,23.0,1430.0,98.0007,TEST
WH006,2023-11-01,East,95.3575,29.0,1211.0,93.7524,TEST
WH007,2023-11-01,North,86.887,23.0,164.0,95.8024,TEST
WH007,2023-11-01,East,84.7523,,1489.0,91.1767,TEST
WH007,2023-11-01,North,81.2758,41.0,,90.1649,TEST
WH008,2023-11-01,East,73.3175,14.0,408.0,96.6285,TEST
WH008,2023-11-01,North,95.1393,33.0,2335.0,86.2952,TEST
WH008,2023-11-01,Central,49.2891,31.0,,97.3452,TEST
WH009,2023-11-01,East,94.7071,8.0,1337.0,90.885,TEST
WH009,2023-11-01,South,68.0456,34.0,1701.0,87.6858,TEST
WH009,2023-11-01,West,83.8856,21.0,1376.0,95.0835,TEST
WH010,2023-11-01,Central,74.6743,16.0,489.0,,TEST
WH010,2023-11-01,Central,74.2011,13.0,2431.0,96.4537,TEST
WH010,2023-11-01,North,83.729,8.0,1692.0,91.0309,TEST
WH011,2023-11-01,Central,74.5722,38.0,358.0,97.2863,TEST
WH011,2023-11-01,Central,56.6184,7.0,665.0,98.6013,TEST
WH011,2023-11-01,Central,41.5804,33.0,1340.0,96.647,TEST
WH012,2023-11-01,West,50.0076,25.0,497.0,87.4797,TEST
WH012,2023-11-01,Central,89.8011,8.0,987.0,98.4945,TEST
WH012,2023-11-01,East,92.7925,24.0,1654.0,98.1107,TEST
WH013,2023-11-01,East,54.5863,21.0,2469.0,95.3795,TEST
WH013,2023-11-01,Central,66.8237,18.0,431.0,91.0939,TEST
WH013,2023-11-01,Central,57.2932,7.0,,85.1929,TEST
WH014,2023-11-01,Central,89.6668,,433.0,86.2746,TEST
WH014,2023-11-01,North,71.6063,17.0,1070.0,89.8971,TEST
WH014,2023-11-01,West,46.1526,29.0,404.0,94.5719,TEST
WH015,2023-11-01,East,73.9605,25.0,1870.0,85.9935,TEST
WH015,2023-11-01,North,66.7971,30.0,1381.0,95.987,TEST
WH015,2023-11-01,North,81.71,10.0,1052.0,97.9921,TEST
WH016,2023-11-01,East,40.3809,22.0,369.0,96.1509,TEST
WH016,2023-11-01,West,87.833,,309.0,86.8387,TEST
WH016,2023-11-01,West,84.0119,23.0,2008.0,85.8645,TEST
WH017,2023-11-01,Central,70.5859,21.0,111.0,95.383,TEST
WH017,2023-11-01,East,95.3775,17.0,224.0,,TEST
WH017,2023-11-01,East,91.5272,8.0,619.0,88.2782,TEST
WH018,2023-11-01,East,,28.0,178.0,96.8477,TEST
WH018,2023-11-01,West,53.7056,11.0,,91.3441,TEST
WH018,2023-11-01,North,69.3116,7.0,1665.0,87.9367,TEST
WH019,2023-11-01,North,87.4666,11.0,2073.0,94.4054,TEST
WH019,2023-11-01,North,44.7709,,1751.0,96.6648,TEST
WH019,2023-11-01,West,89.581,30.0,2094.0,93.1256,TEST
WH020,2023-11-01,South,51.2287,24.0,888.0,87.3606,TEST
WH020,2023-11-01,Central,63.6427,44.0,1106.0,96.4112,TEST
WH020,2023-11-01,Central,61.5515,15.0,832.0,91.855,TEST
WH021,2023-11-01,East,79.6948,31.0,675.0,92.2377,TEST
WH021,2023-11-01,East,46.0343,32.0,1361.0,93.4721,TEST
WH021,2023-11-01,North,68.784,23.0,2275.0,98.8813,TEST
WH022,2023-11-01,Central,40.4894,29.0,264.0,87.6637,TEST
WH022,2023-11-01,Central,87.8277,26.0,338.0,96.8424,TEST
WH022,2023-11-01,East,80.0263,5.0,1537.0,91.3702,TEST
WH023,2023-11-01,North,44.7541,13.0,,96.6459,TEST
WH023,2023-11-01,West,66.5597,,1998.0,94.0773,TEST
WH023,2023-11-01,Central,94.6341,39.0,1210.0,94.7693,TEST
WH024,2023-11-01,Central,53.7272,7.0,1351.0,96.697,TEST
WH024,2023-11-01,South,43.6419,39.0,826.0,90.433,TEST
WH024,2023-11-01,South,53.0519,40.0,309.0,92.2308,TEST
WH025,2023-11-01,East,61.5886,30.0,1735.0,92.6195,TEST
WH025,2023-11-01,North,64.9202,16.0,1773.0,96.0184,TEST
WH025,2023-11-01,West,61.3763,6.0,1604.0,85.91,TEST
WH026,2023-11-01,Central,88.9866,9.0,777.0,89.3384,TEST
WH026,2023-11-01,North,41.867,39.0,1165.0,86.7893,TEST
WH026,2023-11-01,West,51.7379,20.0,751.0,97.8222,TEST
WH027,2023-11-01,South,59.7319,37.0,932.0,85.13,TEST
WH027,2023-11-01,North,80.8205,10.0,957.0,95.2796,TEST
WH027,2023-11-01,East,94.3911,36.0,2289.0,94.6524,TEST
WH028,2023-11-01,West,65.1373,14.0,2220.0,90.9541,TEST
WH028,2023-11-01,East,80.2545,8.0,2157.0,93.0619,TEST
WH028,2023-11-01,Central,47.9557,34.0,865.0,,TEST
WH029,2023-11-01,East,79.885,29.0,,98.3477,TEST
WH029,2023-11-01,South,70.4168,39.0,1438.0,93.0598,TEST
WH029,2023-11-01,Central,96.7605,25.0,2092.0,85.6337,TEST
WH030,2023-11-01,Central,50.1918,34.0,725.0,95.5647,TEST
WH030,2023-11-01,East,66.6429,11.0,234.0,92.1454,TEST
WH030,2023-11-01,Central,57.1983,6.0,522.0,85.4016,TEST
WH031,2023-11-01,West,62.7581,28.0,766.0,89.5683,TEST
WH031,2023-11-01,South,59.9841,13.0,1501.0,95.3338,TEST
WH031,2023-11-01,South,70.0805,38.0,992.0,87.1024,TEST
WH032,2023-11-01,East,77.069,21.0,2248.0,88.2638,TEST
WH032,2023-11-01,South,75.0316,35.0,2251.0,85.9153,TEST
WH032,2023-11-01,West,41.2217,30.0,118.0,86.2456,TEST
WH033,2023-11-01,South,56.1164,43.0,960.0,92.2693,TEST
WH033,2023-11-01,East,77.4732,36.0,542.0,96.4672,TEST
WH033,2023-11-01,Central,67.8868,24.0,953.0,90.4415,TEST
WH034,2023-11-01,East,75.1548,38.0,2105.0,91.8973,TEST
WH034,2023-11-01,East,83.6688,43.0,2230.0,91.2237,TEST
WH034,2023-11-01,South,76.3918,14.0,447.0,91.235,TEST
WH035,2023-11-01,East,55.0743,8.0,2179.0,95.6401,TEST
WH035,2023-11-01,South,43.9384,17.0,589.0,89.9524,TEST
WH035,2023-11-01,West,60.2989,14.0,1258.0,90.0223,TEST
WH036,2023-11-01,East,47.1237,21.0,140.0,86.2722,TEST
WH036,2023-11-01,North,51.1916,32.0,1799.0,93.2092,TEST
WH036,2023-11-01,East,50.0751,21.0,2361.0,,TEST
WH037,2023-11-01,South,47.4403,19.0,1349.0,88.9288,TEST
WH037,2023-11-01,North,89.7866,36.0,2240.0,96.1617,TEST
WH037,2023-11-01,East,79.0603,43.0,2334.0,92.5504,TEST
WH038,2023-11-01,South,94.7984,7.0,2452.0,95.6565,TEST
WH038,2023-11-01,North,44.2089,38.0,580.0,92.068,TEST
WH038,2023-11-01,North,82.8339,6.0,1933.0,92.8191,TEST
WH039,2023-11-01,East,57.3959,6.0,1197.0,96.4251,TEST
WH039,2023-11-01,West,81.5285,23.0,774.0,98.2602,TEST
WH039,2023-11-01,West,46.9543,42.0,1017.0,91.1872,TEST
WH040,2023-11-01,East,78.8273,8.0,1105.0,92.5278,TEST
WH040,2023-11-01,North,49.9946,11.0,1002.0,86.7376,TEST
WH040,2023-11-01,South,68.7835,20.0,1533.0,,TEST
WH041,2023-11-01,North,53.947,20.0,1206.0,97.1964,TEST
WH041,2023-11-01,East,74.5363,5.0,718.0,87.2968,TEST
WH041,2023-11-01,North,88.4336,31.0,538.0,89.4333,TEST
WH042,2023-11-01,North,93.3025,36.0,1101.0,95.3286,TEST
WH042,2023-11-01,West,45.4912,21.0,1701.0,91.1059,TEST
WH042,2023-11-01,Central,68.1741,35.0,1753.0,88.8976,TEST
WH043,2023-11-01,Central,45.242,9.0,747.0,98.5247,TEST
WH043,2023-11-01,East,77.909,42.0,503.0,92.8645,TEST
WH043,2023-11-01,South,51.9044,10.0,1227.0,90.9481,TEST
WH044,2023-11-01,East,57.8356,34.0,1028.0,87.0422,TEST
WH044,2023-11-01,West,77.414,16.0,1407.0,91.9473,TEST
WH044,2023-11-01,North,86.1561,25.0,1599.0,85.8195,TEST
WH045,2023-11-01,South,80.5998,27.0,708.0,96.5202,TEST
WH045,2023-11-01,West,77.2331,23.0,250.0,85.995,TEST
WH045,2023-11-01,North,59.3584,12.0,1536.0,91.2201,TEST
WH046,2023-11-01,East,83.2125,43.0,2353.0,96.2901,TEST
WH046,2023-11-01,West,49.096,18.0,1722.0,96.8523,TEST
WH046,2023-11-01,West,65.3364,13.0,1222.0,90.079,TEST
WH047,2023-11-01,South,90.7513,,2077.0,88.3175,TEST
WH047,2023-11-01,North,64.0998,22.0,1491.0,95.9032,TEST
WH047,2023-11-01,Central,84.5732,42.0,1229.0,,TEST
WH048,2023-11-01,East,44.2974,7.0,341.0,88.8119,TEST
WH048,2023-11-01,North,86.3068,42.0,1608.0,96.5459,TEST
WH048,2023-11-01,West,75.368,27.0,245.0,86.6918,TEST
WH049,2023-11-01,East,62.0921,14.0,881.0,88.5816,TEST
WH049,2023-11-01,Central,68.9484,11.0,2331.0,96.5767,TEST
WH049,2023-11-01,Central,80.2276,16.0,1612.0,98.5684,TEST
WH050,2023-11-01,West,55.8421,43.0,1430.0,,TEST
WH050,2023-11-01,West,56.7439,24.0,1677.0,89.1715,TEST
WH050,2023-11-01,East,70.9572,41.0,2136.0,98.7708,TEST
WH001,2023-12-01,East,69.7728,32.0,415.0,95.1002,TEST
WH001,2023-12-01,East,70.8236,7.0,1188.0,85.1184,TEST
WH001,2023-12-01,South,82.9933,22.0,2349.0,90.0147,TEST
WH002,2023-12-01,Central,59.9455,26.0,226.0,91.964,TEST
WH002,2023-12-01,South,71.3887,42.0,2088.0,85.3459,TEST
WH002,2023-12-01,North,55.7862,31.0,2161.0,94.8445,TEST
WH003,2023-12-01,South,78.7986,12.0,1843.0,93.3511,TEST
WH003,2023-12-01,South,86.7138,43.0,2218.0,98.0015,TEST
WH003,2023-12-01,West,84.1294,29.0,1417.0,94.1431,TEST
WH004,2023-12-01,North,74.2569,34.0,821.0,98.7995,TEST
WH004,2023-12-01,East,52.7367,36.0,1935.0,97.122,TEST
WH004,2023-12-01,West,51.4266,,438.0,92.6522,TEST
WH005,2023-12-01,North,58.2987,42.0,916.0,86.9103,TEST
WH005,2023-12-01,West,83.5324,27.0,2380.0,90.2407,TEST
WH005,2023-12-01,West,77.92,15.0,700.0,85.5462,TEST
WH006,2023-12-01,South,96.4039,37.0,2139.0,98.4148,TEST
WH006,2023-12-01,South,57.9454,5.0,1086.0,94.6614,TEST
WH006,2023-12-01,Central,,19.0,1678.0,87.7893,TEST
WH007,2023-12-01,Central,80.3174,39.0,600.0,86.9812,TEST
WH007,2023-12-01,East,56.6886,30.0,447.0,85.3973,TEST
WH007,2023-12-01,East,85.8668,28.0,2321.0,95.065,TEST
WH008,2023-12-01,North,78.5394,18.0,388.0,95.4299,TEST
WH008,2023-12-01,Central,43.1358,27.0,1460.0,91.8405,TEST
WH008,2023-12-01,South,83.8978,22.0,1436.0,95.5268,TEST
WH009,2023-12-01,North,40.9748,11.0,2266.0,92.968,TEST
WH009,2023-12-01,North,64.0229,29.0,1530.0,88.8123,TEST
WH009,2023-12-01,West,48.489,12.0,1089.0,93.3812,TEST
WH010,2023-12-01,Central,,22.0,476.0,93.7768,TEST
WH010,2023-12-01,West,65.4093,20.0,2102.0,85.7834,TEST
WH010,2023-12-01,East,74.6024,42.0,2062.0,93.6371,TEST
WH011,2023-12-01,West,93.4702,18.0,2244.0,92.6697,TEST
WH011,2023-12-01,North,41.6262,33.0,989.0,85.1,TEST
WH011,2023-12-01,North,97.7773,26.0,398.0,97.9273,TEST
WH012,2023-12-01,South,41.1448,33.0,279.0,91.6903,TEST
WH012,2023-12-01,Central,79.5564,39.0,1039.0,89.442,TEST
WH012,2023-12-01,North,60.4441,13.0,934.0,86.8271,TEST
WH013,2023-12-01,Central,56.8872,27.0,1299.0,93.5313,TEST
WH013,2023-12-01,East,83.8231,29.0,1813.0,93.5115,TEST
WH013,2023-12-01,East,77.4572,15.0,578.0,86.1448,TEST
WH014,2023-12-01,North,41.4463,21.0,1243.0,96.9559,TEST
WH014,2023-12-01,West,92.7877,24.0,1432.0,98.3853,TEST
WH014,2023-12-01,Central,70.1083,41.0,,94.1388,TEST
WH015,2023-12-01,North,87.6048,28.0,2117.0,89.7469,TEST
WH015,2023-12-01,West,94.4104,21.0,,87.3512,TEST
WH015,2023-12-01,West,93.6223,24.0,2359.0,85.6118,TEST
WH016,2023-12-01,South,51.2612,26.0,878.0,91.3967,TEST
WH016,2023-12-01,Central,69.2008,6.0,563.0,88.4527,TEST
WH016,2023-12-01,South,80.1365,34.0,364.0,94.559,TEST
WH017,2023-12-01,Central,50.9728,15.0,1915.0,96.2174,TEST
WH017,2023-12-01,West,77.8636,24.0,1621.0,86.6797,TEST
WH017,2023-12-01,Central,43.0862,41.0,807.0,87.8912,TEST
WH018,2023-12-01,East,85.383,20.0,1504.0,94.4168,TEST
WH018,2023-12-01,North,56.4777,24.0,1846.0,90.0666,TEST
WH018,2023-12-01,West,62.4635,17.0,497.0,89.8135,TEST
WH019,2023-12-01,North,72.8617,26.0,2178.0,87.8554,TEST
WH019,2023-12-01,South,56.6571,37.0,1935.0,91.8125,TEST
WH019,2023-12-01,South,51.8024,27.0,2026.0,87.2073,TEST
WH020,2023-12-01,West,87.3947,16.0,509.0,95.4022,TEST
WH020,2023-12-01,North,75.5106,36.0,1224.0,94.5269,TEST
WH020,2023-12-01,West,68.0769,14.0,2334.0,91.0483,TEST
WH021,2023-12-01,West,47.7725,32.0,1791.0,97.5634,TEST
WH021,2023-12-01,South,55.8631,32.0,850.0,96.369,TEST
WH021,2023-12-01,Central,95.3369,7.0,562.0,92.8102,TEST
WH022,2023-12-01,East,47.4647,29.0,1510.0,85.0441,TEST
WH022,2023-12-01,South,56.5188,44.0,1904.0,89.8739,TEST
WH022,2023-12-01,West,81.3916,14.0,466.0,91.0642,TEST
WH023,2023-12-01,East,52.8984,9.0,1976.0,91.4281,TEST
WH023,2023-12-01,East,67.5258,12.0,770.0,98.0991,TEST
WH023,2023-12-01,West,47.4647,43.0,1928.0,92.7111,TEST
WH024,2023-12-01,West,64.7637,26.0,,98.7986,TEST
WH024,2023-12-01,Central,40.9407,27.0,1352.0,97.7157,TEST
WH024,2023-12-01,North,68.8776,17.0,1626.0,95.7969,TEST
WH025,2023-12-01,North,66.8723,22.0,1100.0,90.062,TEST
WH025,2023-12-01,North,50.8645,30.0,2234.0,93.986,TEST
WH025,2023-12-01,North,55.8228,,332.0,88.9213,TEST
WH026,2023-12-01,East,69.8246,38.0,2086.0,94.6836,TEST
WH026,2023-12-01,West,40.2384,17.0,527.0,90.0232,TEST
WH026,2023-12-01,West,50.2713,43.0,1131.0,90.9078,TEST
WH027,2023-12-01,West,64.6843,29.0,1870.0,94.8091,TEST
WH027,2023-12-01,West,82.8294,39.0,1019.0,97.879,TEST
WH027,2023-12-01,South,75.8325,9.0,245.0,98.3218,TEST
WH028,2023-12-01,Central,88.7864,42.0,1055.0,94.6337,TEST
WH028,2023-12-01,West,41.2619,16.0,1777.0,88.4508,TEST
WH028,2023-12-01,South,40.1688,28.0,2391.0,89.6973,TEST
WH029,2023-12-01,East,93.7934,15.0,134.0,93.7718,TEST
WH029,2023-12-01,East,62.3943,38.0,136.0,97.9633,TEST
WH029,2023-12-01,Central,69.3275,14.0,1818.0,95.6037,TEST
WH030,2023-12-01,East,95.3682,33.0,123.0,94.7669,TEST
WH030,2023-12-01,South,49.73,19.0,243.0,90.5173,TEST
WH030,2023-12-01,Central,87.4188,31.0,1035.0,87.5882,TEST
WH031,2023-12-01,North,86.8171,16.0,2336.0,85.4332,TEST
WH031,2023-12-01,South,50.089,17.0,,88.6555,TEST
WH031,2023-12-01,Central,91.7625,18.0,490.0,85.6006,TEST
WH032,2023-12-01,West,58.5375,5.0,957.0,96.8656,TEST
WH032,2023-12-01,North,91.4206,14.0,1944.0,94.4969,TEST
WH032,2023-12-01,North,73.6783,24.0,1829.0,91.9143,TEST
WH033,2023-12-01,North,43.686,20.0,1951.0,91.7218,TEST
WH033,2023-12-01,South,55.8493,15.0,696.0,85.5742,TEST
WH033,2023-12-01,West,83.8612,29.0,2382.0,86.3568,TEST
WH034,2023-12-01,North,95.2236,,1170.0,85.9071,TEST
WH034,2023-12-01,West,71.954,25.0,1281.0,86.4197,TEST
WH034,2023-12-01,Central,55.9885,15.0,1534.0,88.627,TEST
WH035,2023-12-01,East,77.3055,44.0,2279.0,98.2556,TEST
WH035,2023-12-01,Central,93.5482,7.0,324.0,94.1473,TEST
WH035,2023-12-01,West,86.0316,30.0,,88.3741,TEST
WH036,2023-12-01,West,54.7162,,2133.0,92.0496,TEST
WH036,2023-12-01,West,82.9188,12.0,2429.0,98.4886,TEST
WH036,2023-12-01,Central,63.2379,37.0,,88.3339,TEST
WH037,2023-12-01,East,97.4896,42.0,1921.0,96.3536,TEST
WH037,2023-12-01,Central,67.5324,26.0,2067.0,95.0457,TEST
WH037,2023-12-01,East,78.6648,39.0,924.0,93.1346,TEST
WH038,2023-12-01,North,75.5779,6.0,1349.0,,TEST
WH038,2023-12-01,West,74.7881,25.0,737.0,96.684,TEST
WH038,2023-12-01,South,73.9874,41.0,268.0,93.8695,TEST
WH039,2023-12-01,North,61.891,,1458.0,92.4132,TEST
WH039,2023-12-01,East,87.4499,17.0,1061.0,89.7682,TEST
WH039,2023-12-01,Central,59.404,35.0,1060.0,85.7684,TEST
WH040,2023-12-01,South,57.1763,7.0,2373.0,93.7709,TEST
WH040,2023-12-01,North,44.1158,12.0,2430.0,98.1298,TEST
WH040,2023-12-01,South,69.7054,35.0,1326.0,86.5899,TEST
WH041,2023-12-01,North,96.4377,37.0,1797.0,88.1713,TEST
WH041,2023-12-01,East,91.607,,1734.0,85.5028,TEST
WH041,2023-12-01,Central,92.2039,44.0,272.0,90.5516,TEST
WH042,2023-12-01,Central,68.7464,39.0,1420.0,90.0904,TEST
WH042,2023-12-01,Central,57.7666,12.0,1841.0,90.2072,TEST
WH042,2023-12-01,Central,92.0837,5.0,817.0,95.9201,TEST
WH043,2023-12-01,South,76.2851,,2287.0,95.9301,TEST
WH043,2023-12-01,South,81.3173,15.0,1120.0,91.676,TEST
WH043,2023-12-01,West,56.5909,7.0,2045.0,91.7382,TEST
WH044,2023-12-01,North,41.5963,30.0,2473.0,85.2133,TEST
WH044,2023-12-01,North,45.5296,19.0,1090.0,88.3741,TEST
WH044,2023-12-01,East,44.5489,11.0,742.0,88.0123,TEST
WH045,2023-12-01,West,43.3386,7.0,480.0,95.0894,TEST
WH045,2023-12-01,South,75.2103,16.0,1650.0,86.7396,TEST
WH045,2023-12-01,West,69.1414,33.0,2049.0,88.8667,TEST
WH046,2023-12-01,North,47.4215,12.0,,98.3704,TEST
WH046,2023-12-01,North,79.7698,19.0,2486.0,94.4666,TEST
WH046,2023-12-01,South,76.9851,28.0,1967.0,91.4834,TEST
WH047,2023-12-01,North,41.0,40.0,1978.0,92.6195,TEST
WH047,2023-12-01,East,44.297,44.0,305.0,88.5511,TEST
WH047,2023-12-01,Central,88.201,38.0,1309.0,95.4612,TEST
WH048,2023-12-01,South,43.7793,15.0,1264.0,,TEST
WH048,2023-12-01,North,58.3795,38.0,1223.0,98.4186,TEST
WH048,2023-12-01,South,83.5504,34.0,2375.0,94.9347,TEST
WH049,2023-12-01,West,46.2798,10.0,2467.0,88.986,TEST
WH049,2023-12-01,Central,68.2244,43.0,1252.0,94.0077,TEST
WH049,2023-12-01,South,42.5975,16.0,2247.0,90.4443,TEST
WH050,2023-12-01,East,63.6351,6.0,318.0,96.6661,TEST
WH050,2023-12-01,Central,47.8157,10.0,974.0,89.7155,TEST
WH050,2023-12-01,Central,67.4102,27.0,,86.0801,TEST
